{"type":"FeatureCollection","features":[{"type":"Feature","id":"osm-way-47515357","properties":{"building":"yes","building:levels":"5","osm_type":"way","osm_id":47515357,"height_m":16,"height_source":"osm-levels-estimate","height_is_estimated":true},"geometry":{"type":"Polygon","coordinates":[[[55.2744145,25.1960469],[55.2742387,25.1960293],[55.2740519,25.1960425],[55.2738701,25.1960774],[55.2737175,25.1961245],[55.2735775,25.1961821],[55.273738,25.1961984],[55.2738878,25.1962304],[55.2740116,25.1962567],[55.2740915,25.1962848],[55.2740688,25.1963681],[55.2741076,25.1964218],[55.2741466,25.1963104],[55.2742063,25.1963381],[55.2742449,25.1962654],[55.2742931,25.1961903],[55.2743525,25.1961138],[55.2744145,25.1960469]]]}},{"type":"Feature","id":"osm-way-47516510","properties":{"addr:housename":"Emaar Square #5","addr:housenumber":"Emaar Square #5","building":"yes","building:levels":"7","height":"37","name":"Building 5","name:en":"Building 5","roof:colour":"#F8E9D1","osm_type":"way","osm_id":47516510,"height_m":37,"height_source":"osm-height","height_is_estimated":false},"geometry":{"type":"Polygon","coordinates":[[[55.2746815,25.2011487],[55.2747108,25.2011988],[55.2750962,25.2010147],[55.274727,25.200382],[55.2743417,25.200566],[55.2743841,25.2006388],[55.2746815,25.2011487]]]}},{"type":"Feature","id":"osm-way-47516511","properties":{"addr:city":"دبي","addr:city:ar":"دبي","addr:city:en":"Dubai","addr:city:ur":"دبئی","addr:housename":"Building #4","addr:street":"Emaar Square","building":"yes","building:levels":"9","height":"45","name":"Building 4","name:en":"Building 4","roof:colour":"#F8E9D1","osm_type":"way","osm_id":47516511,"height_m":45,"height_source":"osm-height","height_is_estimated":false},"geometry":{"type":"Polygon","coordinates":[[[55.2743417,25.200566],[55.2741891,25.2002977],[55.2734666,25.2006348],[55.2736612,25.2009761],[55.2743841,25.2006388],[55.2743417,25.200566]]]}},{"type":"Feature","id":"osm-way-47516512","properties":{"building":"yes","building:levels":"8","height":"37","image":"https://photos.app.goo.gl/cBSSRkEWfgYCUPzy9","name":"Building 2","name:en":"Building 2","roof:colour":"#F8E9D1","osm_type":"way","osm_id":47516512,"height_m":37,"height_source":"osm-height","height_is_estimated":false},"geometry":{"type":"Polygon","coordinates":[[[55.2713949,25.2008688],[55.2717487,25.2014717],[55.2720979,25.201304],[55.271744,25.200701],[55.2713949,25.2008688]]]}},{"type":"Feature","id":"osm-way-47516513","properties":{"building":"yes","building:levels":"9","height":"45","name":"Building 1","name:en":"Building 1","roof:colour":"#F8E9D1","osm_type":"way","osm_id":47516513,"height_m":45,"height_source":"osm-height","height_is_estimated":false},"geometry":{"type":"Polygon","coordinates":[[[55.2721066,25.2012525],[55.272772,25.2009345],[55.2729552,25.2012481],[55.2722897,25.2015662],[55.2721066,25.2012525]]]}},{"type":"Feature","id":"osm-way-47516514","properties":{"building":"yes","building:levels":"9","height":"41","name":"Building 3","name:en":"Building 3","roof:colour":"#F8E9D1","osm_type":"way","osm_id":47516514,"height_m":41,"height_source":"osm-height","height_is_estimated":false},"geometry":{"type":"Polygon","coordinates":[[[55.2717873,25.2007047],[55.2724408,25.2003928],[55.2722646,25.2000904],[55.271611,25.2004023],[55.2717873,25.2007047]]]}},{"type":"Feature","id":"osm-way-47516516","properties":{"addr:city":"دبي","addr:city:ar":"دبي","addr:city:en":"Dubai","addr:city:ur":"دبئی","addr:street":"Shaikh Mohammed bin Rashid Boulevard","building":"apartments","name":"The Lofts - Emaar","name:en":"The Lofts - Emaar","residential":"condominium","osm_type":"way","osm_id":47516516,"height_m":24,"height_source":"type-estimate","height_is_estimated":true},"geometry":{"type":"Polygon","coordinates":[[[55.2689413,25.1963948],[55.2696386,25.1962147],[55.2697333,25.1965193],[55.2698593,25.1967952],[55.2699935,25.197038],[55.2702956,25.197494],[55.2698837,25.1977774],[55.2694406,25.1971925],[55.2692332,25.1968725],[55.2689413,25.1963948]]]}},{"type":"Feature","id":"osm-way-47516518","properties":{"building":"yes","osm_type":"way","osm_id":47516518,"height_m":12,"height_source":"type-estimate","height_is_estimated":true},"geometry":{"type":"Polygon","coordinates":[[[55.2684026,25.1979108],[55.2689633,25.197578],[55.2688016,25.1973397],[55.2682461,25.1977031],[55.2684026,25.1979108]]]}},{"type":"Feature","id":"osm-way-47516519","properties":{"building":"yes","landuse":"industrial","name":"District Cooling Plant 3","operator":"Emaar","plant:output:cold_water":"yes","start_date":"2013","website":"http://www.transgulfem.com/what-we-do/district-cooling-plant-3-for-emaar","osm_type":"way","osm_id":47516519,"height_m":12,"height_source":"type-estimate","height_is_estimated":true},"geometry":{"type":"Polygon","coordinates":[[[55.2675718,25.1944358],[55.2680632,25.1950711],[55.2687569,25.1946748],[55.2682669,25.1940135],[55.2675718,25.1944358]]]}},{"type":"Feature","id":"osm-way-47516520","properties":{"addr:city":"دبي","addr:city:ar":"دبي","addr:city:en":"Dubai","addr:city:ur":"دبئی","addr:housename":"Building #6","addr:street":"Emaar Square","building":"yes","building:levels":"9","height":"45","name":"Building 6","name:en":"Building 6","roof:colour":"#F8E9D1","osm_type":"way","osm_id":47516520,"height_m":45,"height_source":"osm-height","height_is_estimated":false},"geometry":{"type":"Polygon","coordinates":[[[55.2741657,25.2018235],[55.2748769,25.2014885],[55.2747108,25.2011988],[55.2746815,25.2011487],[55.2739702,25.2014836],[55.2741657,25.2018235]]]}},{"type":"Feature","id":"osm-way-47517410","properties":{"building":"train_station","building:levels":"2","height":"10","name":"دبي مول / برج خليفة","name:ar":"دبي مول / برج خليفة","roof:colour":"#fff0b0","roof:height":"3","roof:material":"metal_plates","roof:shape":"dome","osm_type":"way","osm_id":47517410,"height_m":10,"height_source":"osm-height","height_is_estimated":false},"geometry":{"type":"Polygon","coordinates":[[[55.2691656,25.200957],[55.2693442,25.2009911],[55.2698025,25.2014784],[55.269938,25.2016242],[55.2699349,25.2018105],[55.269741,25.2017792],[55.2695787,25.2016464],[55.2691514,25.2011301],[55.2691656,25.200957]]]}},{"type":"Feature","id":"osm-way-91383643","properties":{"addr:city":"دبي","addr:city:ar":"دبي","addr:city:en":"Dubai","addr:city:ur":"دبئی","addr:street":"Al Badaa' Street","building":"yes","name":"Mazaya Shopping Centre","name:en":"Mazaya Shopping Centre","shop":"mall","source":"Kaart Ground Survey 2017","osm_type":"way","osm_id":91383643,"height_m":12,"height_source":"type-estimate","height_is_estimated":true},"geometry":{"type":"Polygon","coordinates":[[[55.265128,25.1982871],[55.2646151,25.1986379],[55.2656648,25.1999168],[55.2661478,25.199593],[55.265128,25.1982871]]]}},{"type":"Feature","id":"osm-way-91383652","properties":{"amenity":"place_of_worship","building":"mosque","name":"مسجد الصفا","name:ar":"مسجد الصفا","name:en":"Al Safa Mosque","religion":"muslim","osm_type":"way","osm_id":91383652,"height_m":12,"height_source":"type-estimate","height_is_estimated":true},"geometry":{"type":"Polygon","coordinates":[[[55.2602059,25.1939044],[55.2599276,25.1938581],[55.259958,25.1937177],[55.2602379,25.1937684],[55.2602059,25.1939044]]]}},{"type":"Feature","id":"osm-way-91392997","properties":{"building":"yes","osm_type":"way","osm_id":91392997,"height_m":12,"height_source":"type-estimate","height_is_estimated":true},"geometry":{"type":"Polygon","coordinates":[[[55.2597616,25.1930191],[55.2601295,25.1927484],[55.2598083,25.1923909],[55.2594404,25.1926618],[55.2597616,25.1930191]]]}},{"type":"Feature","id":"osm-way-91392999","properties":{"addr:city":"دبي","addr:city:ar":"دبي","addr:city:en":"Dubai","addr:city:ur":"دبئی","addr:street":"شارع 45","building":"yes","building:levels":"5","name":"Emarat Atrium","name:en":"Emarat Atrium","source":"Kaart Ground Survey 2017","osm_type":"way","osm_id":91392999,"height_m":16,"height_source":"osm-levels-estimate","height_is_estimated":true},"geometry":{"type":"Polygon","coordinates":[[[55.2567624,25.1896872],[55.2566077,25.1895832],[55.2564506,25.1894519],[55.2561813,25.1896705],[55.2563998,25.1899658],[55.2562978,25.1900111],[55.2563288,25.1900787],[55.2562325,25.1901123],[55.2562502,25.1901844],[55.256148,25.1902136],[55.2559806,25.1899186],[55.2557154,25.1896047],[55.25536,25.1893715],[55.2554449,25.1892884],[55.2554643,25.1893095],[55.2555583,25.1892389],[55.2555816,25.1892643],[55.2557133,25.1891655],[55.255967,25.1894425],[55.2562652,25.1892189],[55.2560397,25.188917],[55.2561415,25.1888662],[55.2561232,25.1888103],[55.2562018,25.1887631],[55.2561847,25.1887009],[55.2563031,25.1886615],[55.2565234,25.1890351],[55.2568434,25.1893464],[55.2570807,25.1895284],[55.2570152,25.1895958],[55.2569648,25.1895753],[55.256898,25.1896437],[55.2568445,25.189609],[55.2567624,25.1896872]]]}},{"type":"Feature","id":"osm-way-91393002","properties":{"addr:city":"دبي","addr:city:ar":"دبي","addr:city:en":"Dubai","addr:city:ur":"دبئی","addr:street":"58b Street","building":"yes","name":"Addiyar Building","name:en":"Addiyar Building","source":"Kaart Ground Survey 2017","osm_type":"way","osm_id":91393002,"height_m":12,"height_source":"type-estimate","height_is_estimated":true},"geometry":{"type":"Polygon","coordinates":[[[55.2549851,25.1881374],[55.2546073,25.1877202],[55.2550626,25.1873824],[55.2554496,25.1877945],[55.2549851,25.1881374]]]}},{"type":"Feature","id":"osm-way-91393003","properties":{"building":"retail","name":"Al Wasl Centre","shop":"mall","osm_type":"way","osm_id":91393003,"height_m":8,"height_source":"type-estimate","height_is_estimated":true},"geometry":{"type":"Polygon","coordinates":[[[55.2621133,25.1958577],[55.2625888,25.1955092],[55.2622064,25.1950812],[55.2617283,25.1954432],[55.2621133,25.1958577]]]}},{"type":"Feature","id":"osm-way-91393004","properties":{"addr:city":"دبي","addr:city:ar":"دبي","addr:city:en":"Dubai","addr:city:ur":"دبئی","addr:street":"شارع أم عمارة","building":"yes","building:levels":"4","name":"Emarat","name:ar":"امارات","name:en":"Emarat","office":"company","source":"Kaart Ground Survey 2017","osm_type":"way","osm_id":91393004,"height_m":12.8,"height_source":"osm-levels-estimate","height_is_estimated":true},"geometry":{"type":"Polygon","coordinates":[[[55.2572465,25.191195],[55.2575528,25.1909576],[55.2571815,25.1905653],[55.2568752,25.1908027],[55.2572465,25.191195]]]}},{"type":"Feature","id":"osm-way-91393005","properties":{"building":"yes","osm_type":"way","osm_id":91393005,"height_m":12,"height_source":"type-estimate","height_is_estimated":true},"geometry":{"type":"Polygon","coordinates":[[[55.2601473,25.1934544],[55.2605263,25.1931707],[55.2601955,25.1928089],[55.2598165,25.1930926],[55.2601473,25.1934544]]]}},{"type":"Feature","id":"osm-way-91393007","properties":{"building":"yes","osm_type":"way","osm_id":91393007,"height_m":12,"height_source":"type-estimate","height_is_estimated":true},"geometry":{"type":"Polygon","coordinates":[[[55.2590035,25.1922191],[55.2593568,25.1919469],[55.2589718,25.1915379],[55.2586186,25.1918099],[55.2590035,25.1922191]]]}},{"type":"Feature","id":"osm-way-91393012","properties":{"addr:city":"دبي","addr:city:ar":"دبي","addr:city:en":"Dubai","addr:city:ur":"دبئی","addr:housename":"Villa Rotana","addr:postcode":"PO Box 118737","addr:street":"Sheikh Zayed Road","building":"yes","building:levels":"6","name":"Villa Rotana","name:en":"Villa Rotana","website":"http://www.rotana.com/","osm_type":"way","osm_id":91393012,"height_m":19.200000000000003,"height_source":"osm-levels-estimate","height_is_estimated":true},"geometry":{"type":"Polygon","coordinates":[[[55.2614054,25.194794],[55.2617603,25.1945333],[55.2614296,25.1941648],[55.2610748,25.1944256],[55.2614054,25.194794]]]}},{"type":"Feature","id":"osm-way-99570315","properties":{"addr:city":"دبي","addr:city:ar":"دبي","addr:city:en":"Dubai","addr:city:ur":"دبئی","building":"apartments","osm_type":"way","osm_id":99570315,"height_m":24,"height_source":"type-estimate","height_is_estimated":true},"geometry":{"type":"Polygon","coordinates":[[[55.2694902,25.1910869],[55.2698961,25.1907262],[55.2703289,25.1911251],[55.269923,25.1914858],[55.2694902,25.1910869]]]}},{"type":"Feature","id":"osm-way-99572827","properties":{"building":"yes","osm_type":"way","osm_id":99572827,"height_m":12,"height_source":"type-estimate","height_is_estimated":true},"geometry":{"type":"Polygon","coordinates":[[[55.2689842,25.1976111],[55.269185,25.1978848],[55.2688016,25.1981208],[55.2685956,25.1978471],[55.2689842,25.1976111]]]}},{"type":"Feature","id":"osm-way-118263836","properties":{"building":"construction","building:facade:colour":"#e79110","building:facade:material":"glass","building:levels":"71","check_date":"2026-07-01","construction":"apartments","height":"323","name":"Mr. C Residences Downtown","opening_date":"2026-12-31","operator":"Alta Real Estate Developments","roof:colour":"#c0c0c0","roof:direction":"120","roof:height":"36","roof:shape":"skillion","osm_type":"way","osm_id":118263836,"height_m":323,"height_source":"osm-height","height_is_estimated":false},"geometry":{"type":"Polygon","coordinates":[[[55.266847,25.2011492],[55.2672097,25.2009377],[55.2670027,25.2006549],[55.2668116,25.2007632],[55.2666381,25.2008616],[55.266847,25.2011492]]]}},{"type":"Feature","id":"osm-way-118263840","properties":{"building":"yes","building:levels":"5","height":"20","osm_type":"way","osm_id":118263840,"height_m":20,"height_source":"osm-height","height_is_estimated":false},"geometry":{"type":"Polygon","coordinates":[[[55.266743,25.2002998],[55.266356,25.2005328],[55.2665609,25.2008114],[55.2669479,25.2005784],[55.266743,25.2002998]]]}},{"type":"Feature","id":"osm-way-125027901","properties":{"building":"yes","building:levels":"3","name":"DNATA","name:en":"DNATA","osm_type":"way","osm_id":125027901,"height_m":9.600000000000001,"height_source":"osm-levels-estimate","height_is_estimated":true},"geometry":{"type":"Polygon","coordinates":[[[55.2564018,25.1865604],[55.2566228,25.1867977],[55.2566728,25.1867596],[55.2567104,25.1867999],[55.2567572,25.1867642],[55.2567825,25.1867914],[55.2572089,25.186466],[55.2571891,25.1864448],[55.2572513,25.1863974],[55.2569379,25.186061],[55.2568826,25.1861032],[55.2568603,25.1860792],[55.2564278,25.1864092],[55.2564595,25.1864433],[55.2564131,25.1864787],[55.2564529,25.1865214],[55.2564018,25.1865604]]]}},{"type":"Feature","id":"osm-way-148847094","properties":{"building":"yes","building:levels":"17","height":"50","image":"https://photos.app.goo.gl/cYx4cX6m2WP1Pp1v6","loc_name":"Toyota Building","start_date":"2001","osm_type":"way","osm_id":148847094,"height_m":50,"height_source":"osm-height","height_is_estimated":false},"geometry":{"type":"Polygon","coordinates":[[[55.2694547,25.2046356],[55.2696782,25.2045123],[55.2698809,25.2048133],[55.2696698,25.2049296],[55.2696381,25.2048826],[55.2695614,25.2049249],[55.2695909,25.2049687],[55.2693922,25.2050782],[55.2691875,25.2047741],[55.2693774,25.2046695],[55.2694038,25.2047086],[55.2694768,25.2046684],[55.2694547,25.2046356]]]}},{"type":"Feature","id":"osm-way-203296254","properties":{"building":"yes","building:levels":"60","height":"285","name":"Millenium Tower","name:en":"Millenium Tower","start_date":"2006","wikidata":"Q623517","wikimedia_commons":"Category:Millennium Tower (Wrocław)","wikipedia":"en:Millennium Tower (Dubai)","osm_type":"way","osm_id":203296254,"height_m":285,"height_source":"osm-height","height_is_estimated":false},"geometry":{"type":"Polygon","coordinates":[[[55.2656183,25.194793],[55.2658937,25.1950893],[55.2661356,25.1948974],[55.2658676,25.1945943],[55.2656183,25.194793]]]}},{"type":"Feature","id":"osm-way-203296256","properties":{"building":"residential","level":"1","name":"Standpoint Residences - Downtown - Emaar","osm_type":"way","osm_id":203296256,"height_m":15,"height_source":"type-estimate","height_is_estimated":true},"geometry":{"type":"Polygon","coordinates":[[[55.2704635,25.1962667],[55.2705667,25.1965525],[55.2706846,25.1968063],[55.2707944,25.1970123],[55.2709285,25.1971889],[55.2711725,25.1969865],[55.2713147,25.1967805],[55.2713635,25.1965414],[55.27133,25.1962069],[55.2712937,25.1960583],[55.2704635,25.1962667]]]}},{"type":"Feature","id":"osm-way-204268826","properties":{"building":"train_station","name":"الخليج التجاري","name:ar":"الخليج التجاري","roof:colour":"#fff0b0","roof:height":"3","roof:material":"metal_plates","roof:shape":"dome","osm_type":"way","osm_id":204268826,"height_m":12,"height_source":"type-estimate","height_is_estimated":true},"geometry":{"type":"Polygon","coordinates":[[[55.2605826,25.1916185],[55.2604679,25.1915599],[55.2603016,25.1914068],[55.2601148,25.1911898],[55.2600429,25.1910189],[55.2600258,25.1909408],[55.2600287,25.1908962],[55.2600626,25.1908743],[55.2601543,25.1909054],[55.2601685,25.1909102],[55.2603149,25.1910041],[55.2605422,25.1912397],[55.2606774,25.1914061],[55.2607377,25.1915339],[55.2607397,25.1915756],[55.2607421,25.1916244],[55.2607171,25.1916484],[55.2605826,25.1916185]]]}},{"type":"Feature","id":"osm-way-205723472","properties":{"addr:city":"دبي","addr:city:ar":"دبي","addr:city:en":"Dubai","addr:city:ur":"دبئی","addr:street":"شارع 45","brand":"Holiday Inn Express","brand:wikidata":"Q5880423","brand:wikipedia":"en:Holiday Inn Express","building":"yes","building:levels":"5","internet_access":"wlan","name":"Holiday Inn Express Safa Park","name:en":"Holiday Inn Express Safa Park","source":"Kaart Ground Survey 2017","tourism":"hotel","wikidata":"Q111151487","osm_type":"way","osm_id":205723472,"height_m":16,"height_source":"osm-levels-estimate","height_is_estimated":true},"geometry":{"type":"Polygon","coordinates":[[[55.2548534,25.1887511],[55.2548976,25.1887981],[55.2548838,25.1888087],[55.254958,25.1888877],[55.2549726,25.1888766],[55.2549995,25.1889052],[55.2550284,25.1888829],[55.2550617,25.1889184],[55.255145,25.1888543],[55.2551555,25.1888654],[55.2553579,25.1887097],[55.2553483,25.1886995],[55.2554606,25.1886131],[55.2552812,25.1884221],[55.2548534,25.1887511]]]}},{"type":"Feature","id":"osm-way-238284905","properties":{"addr:city":"دبي","addr:city:ar":"دبي","addr:city:en":"Dubai","addr:city:ur":"دبئی","addr:street":"شارع الشيخ زايد","brand":"JW Marriott","brand:wikidata":"Q1067636","building":"hotel","building:levels":"9","contact:fax":"+971 4 4140001","contact:phone":"+971 4 4140000","internet_access":"wlan","layer":"1","name":"JW Marriott Marquis Hotel","name:en":"The Vault bar lounge L71 & 72 - JW Marriott Marquis Hotel","rooms":"1608","stars":"5","start_date":"2012","tourism":"hotel","website":"https://www.marriott.com/hotels/travel/dxbjw-jw-marriott-marquis-hotel-dubai/","wikidata":"Q1244144","wikipedia":"en:JW Marriott Marquis Dubai","osm_type":"way","osm_id":238284905,"height_m":28.8,"height_source":"osm-levels-estimate","height_is_estimated":true},"geometry":{"type":"Polygon","coordinates":[[[55.2581149,25.1860487],[55.2580812,25.1860122],[55.2577018,25.1855932],[55.2576861,25.1855722],[55.2576559,25.1855112],[55.2576327,25.1854412],[55.2576186,25.1853549],[55.2576245,25.1852749],[55.257641,25.1852176],[55.2576771,25.1851539],[55.2577299,25.1851799],[55.2577558,25.1851785],[55.2577824,25.1851771],[55.2578419,25.1851403],[55.2579674,25.18522],[55.258473,25.1857779],[55.2586601,25.1860458],[55.2586162,25.186083],[55.2586025,25.1861289],[55.2586224,25.1861916],[55.2585434,25.1862057],[55.2584696,25.1862069],[55.2583893,25.1861986],[55.2582961,25.1861764],[55.2582171,25.1861401],[55.2581654,25.1861037],[55.2581149,25.1860487]]]}},{"type":"Feature","id":"osm-way-238284907","properties":{"building":"yes","building:levels":"77","building:part":"yes","check_date":"2021-04-22","height":"330","image":"https://photos.app.goo.gl/pMyNHXmx2tDbTyDx6","layer":"2","name":"JW Marriott Marquis Hotel Tower 1","start_date":"2012","osm_type":"way","osm_id":238284907,"height_m":330,"height_source":"osm-height","height_is_estimated":false},"geometry":{"type":"Polygon","coordinates":[[[55.2577299,25.1851799],[55.2577558,25.1851785],[55.2577824,25.1851771],[55.2578419,25.1851403],[55.2578047,25.1851994],[55.2578292,25.1852624],[55.2578459,25.1853339],[55.257852,25.185421],[55.2578388,25.1855003],[55.257817,25.1855562],[55.2577752,25.1856169],[55.2577257,25.1855898],[55.2577018,25.1855932],[55.2576861,25.1855722],[55.2576559,25.1855112],[55.2576327,25.1854412],[55.2576186,25.1853549],[55.2576245,25.1852749],[55.257641,25.1852176],[55.2576771,25.1851539],[55.2577299,25.1851799]]]}},{"type":"Feature","id":"osm-way-238284909","properties":{"building":"yes","building:levels":"77","building:part":"yes","check_date":"2021-04-22","height":"330","image":"https://photos.app.goo.gl/au2LSRLnw5KyZmbt8","layer":"2","name":"JW Marriott Marquis Hotel Tower 2","start_date":"2012","osm_type":"way","osm_id":238284909,"height_m":330,"height_source":"osm-height","height_is_estimated":false},"geometry":{"type":"Polygon","coordinates":[[[55.2586162,25.186083],[55.2586025,25.1861289],[55.2586224,25.1861916],[55.2585434,25.1862057],[55.2584696,25.1862069],[55.2583893,25.1861986],[55.2582961,25.1861764],[55.2582171,25.1861401],[55.2581654,25.1861037],[55.2581149,25.1860487],[55.2580812,25.1860122],[55.2580858,25.1859929],[55.2580644,25.1859373],[55.2581418,25.1859174],[55.2582152,25.1859106],[55.258296,25.1859128],[55.2583909,25.1859279],[55.258473,25.1859582],[55.2585279,25.1859904],[55.2586601,25.1860458],[55.2586162,25.186083]]]}},{"type":"Feature","id":"osm-way-256580757","properties":{"architect":"Hopkins Architects","building":"yes","building:levels":"45","height":"219","image":"https://photos.app.goo.gl/5cV8eqKgzvU7NTJQA","name":"Central Park Office Tower","name:en":"Central Park Office Tower","start_date":"2015","wikidata":"Q3751981","osm_type":"way","osm_id":256580757,"height_m":219,"height_source":"osm-height","height_is_estimated":false},"geometry":{"type":"Polygon","coordinates":[[[55.2747543,25.2055971],[55.2748258,25.2056371],[55.2748304,25.2056309],[55.2748646,25.20565],[55.2748604,25.2056574],[55.2749351,25.2057004],[55.2750809,25.2054774],[55.2750747,25.2054741],[55.2750821,25.2054635],[55.2750879,25.2054669],[55.2752061,25.2054112],[55.2752057,25.2054047],[55.2752187,25.2054042],[55.275219,25.2054106],[55.27553,25.2053972],[55.2755281,25.2053155],[55.2755146,25.2053163],[55.2755133,25.2052753],[55.2755267,25.2052746],[55.2755233,25.2051936],[55.2752099,25.2052121],[55.2752103,25.2052183],[55.275196,25.2052194],[55.2751956,25.2052129],[55.2750878,25.2051645],[55.2750806,25.2051676],[55.2750748,25.2051564],[55.275082,25.205153],[55.2749472,25.2049055],[55.274874,25.2049433],[55.2748789,25.2049505],[55.2748499,25.2049653],[55.2748453,25.2049569],[55.2747658,25.2049977],[55.2749051,25.2052361],[55.2749117,25.2052333],[55.274918,25.205244],[55.2749115,25.205247],[55.2749092,25.205365],[55.2749144,25.2053681],[55.2749076,25.2053786],[55.2749019,25.2053755],[55.2747543,25.2055971]]]}},{"type":"Feature","id":"osm-way-256580765","properties":{"building":"yes","name":"إتصالات","name:ar":"إتصالات","name:en":"Etisalat","osm_type":"way","osm_id":256580765,"height_m":12,"height_source":"type-estimate","height_is_estimated":true},"geometry":{"type":"Polygon","coordinates":[[[55.2745561,25.2042157],[55.2744718,25.2040879],[55.2745383,25.2040543],[55.2744228,25.20389],[55.2744035,25.2038054],[55.2744448,25.2037332],[55.2746401,25.2036311],[55.2746099,25.2035614],[55.2747639,25.2034693],[55.2749345,25.203763],[55.274942,25.2038504],[55.2749262,25.2039323],[55.2748905,25.204012],[55.2748166,25.2040852],[55.2745561,25.2042157]]]}},{"type":"Feature","id":"osm-way-291222678","properties":{"building":"yes","osm_type":"way","osm_id":291222678,"height_m":12,"height_source":"type-estimate","height_is_estimated":true},"geometry":{"type":"Polygon","coordinates":[[[55.275122,25.1942407],[55.2751493,25.1943152],[55.2751152,25.1943255],[55.2751254,25.1943532],[55.2750208,25.1943846],[55.2749822,25.1942794],[55.2749339,25.1942939],[55.2748903,25.1941751],[55.2749936,25.1941441],[55.2749761,25.1940966],[55.2749423,25.1941067],[55.2749341,25.1940844],[55.2749071,25.1940925],[55.2748786,25.1939927],[55.2750286,25.1939465],[55.2750432,25.1939706],[55.2750975,25.1940246],[55.2751599,25.1940068],[55.2752296,25.1942098],[55.275122,25.1942407]]]}},{"type":"Feature","id":"osm-way-364691579","properties":{"amenity":"place_of_worship","building":"yes","name":"Al Qasimi Mosque","name:en":"Al Qasimi Mosque","religion":"muslim","osm_type":"way","osm_id":364691579,"height_m":12,"height_source":"type-estimate","height_is_estimated":true},"geometry":{"type":"Polygon","coordinates":[[[55.2603362,25.199088],[55.2604175,25.1991008],[55.2604512,25.1991061],[55.260588,25.1991276],[55.2605975,25.1990783],[55.2606738,25.1990903],[55.2606669,25.1991264],[55.2607245,25.1991103],[55.260771,25.1992036],[55.2607127,25.1993967],[55.2606807,25.1993917],[55.2606737,25.1994281],[55.2605967,25.199416],[55.2605887,25.1994574],[55.2605181,25.1994463],[55.2605302,25.1993833],[55.2602869,25.1993451],[55.2603251,25.1991463],[55.2603305,25.199118],[55.2603362,25.199088]]]}},{"type":"Feature","id":"osm-way-364691581","properties":{"addr:city":"دبي","addr:city:ar":"دبي","addr:city:en":"Dubai","addr:city:ur":"دبئی","addr:housenumber":"33","addr:street":"Street 15c","building":"yes","name":"DEWA - Dubai Electricity and Water Authority","name:en":"DEWA - Dubai Electricity and Water Authority","office":"government","source":"Kaart Ground Survey 2017","osm_type":"way","osm_id":364691581,"height_m":12,"height_source":"type-estimate","height_is_estimated":true},"geometry":{"type":"Polygon","coordinates":[[[55.2621914,25.1997805],[55.262253,25.19986],[55.2622345,25.1998718],[55.2623056,25.1999635],[55.2625138,25.1998314],[55.2623704,25.1996465],[55.2622794,25.1997042],[55.26229,25.1997179],[55.2621914,25.1997805]]]}},{"type":"Feature","id":"osm-way-382058685","properties":{"building":"apartments","building:levels":"2","height":"10","name":"Vida Residence","name:en":"Vida Residence","start_date":"2019","osm_type":"way","osm_id":382058685,"height_m":10,"height_source":"osm-height","height_is_estimated":false},"geometry":{"type":"Polygon","coordinates":[[[55.2727688,25.1907006],[55.2731242,25.1905954],[55.2735354,25.1904924],[55.2735253,25.190425],[55.2736854,25.1903875],[55.2732805,25.1900309],[55.2733039,25.1901312],[55.2729767,25.1902059],[55.2729059,25.1900209],[55.2725264,25.1901606],[55.2727688,25.1907006]]]}},{"type":"Feature","id":"osm-way-382072008","properties":{"building":"apartments","building:levels":"7","name":"Burj Vista - Downtown - Emaar","name:en":"Burj Vista - Downtown - Emaar","residential":"condominium","start_date":"2018","osm_type":"way","osm_id":382072008,"height_m":22.400000000000002,"height_source":"osm-levels-estimate","height_is_estimated":true},"geometry":{"type":"Polygon","coordinates":[[[55.2703576,25.1976406],[55.2699454,25.1978987],[55.2705626,25.1987743],[55.2707496,25.1988994],[55.2710678,25.1990435],[55.2712505,25.1990733],[55.2712865,25.1990648],[55.2713336,25.1990515],[55.2713107,25.1990209],[55.2712901,25.1989483],[55.271264,25.1988835],[55.2711853,25.1988286],[55.2711192,25.1987962],[55.2710883,25.1987464],[55.2710924,25.1986779],[55.2711225,25.198608],[55.2711516,25.1985778],[55.2710226,25.1985289],[55.2709363,25.1985106],[55.2708615,25.198501],[55.2708615,25.1985208],[55.2707959,25.1985431],[55.270715,25.1985269],[55.2706628,25.1984765],[55.2706021,25.1983403],[55.2705759,25.1982009],[55.2705775,25.1981114],[55.2706045,25.1980515],[55.2706185,25.1980387],[55.2706018,25.197973],[55.2705498,25.1978695],[55.2703576,25.1976406]]]}},{"type":"Feature","id":"osm-way-382096507","properties":{"building":"apartments","name":"BLVD Crescent","osm_type":"way","osm_id":382096507,"height_m":24,"height_source":"type-estimate","height_is_estimated":true},"geometry":{"type":"Polygon","coordinates":[[[55.2714686,25.1913477],[55.2710962,25.1908514],[55.2707576,25.1910903],[55.2704597,25.1913232],[55.2701618,25.1916357],[55.2700724,25.1917478],[55.2699519,25.1918991],[55.2705003,25.1922668],[55.2706764,25.1920401],[55.2708863,25.1918195],[55.271191,25.1915438],[55.2714686,25.1913477]]]}},{"type":"Feature","id":"osm-way-382096511","properties":{"building":"apartments","name":"BLVD Heights","start_date":"2020","osm_type":"way","osm_id":382096511,"height_m":24,"height_source":"type-estimate","height_is_estimated":true},"geometry":{"type":"Polygon","coordinates":[[[55.2705003,25.1922668],[55.2702803,25.1925278],[55.2700864,25.1928326],[55.2699384,25.1930819],[55.2698057,25.1933405],[55.2697749,25.1933997],[55.2696953,25.193373],[55.2693959,25.1932725],[55.2694724,25.1930898],[55.269226,25.1929826],[55.2694002,25.1926619],[55.2696589,25.1927863],[55.2697981,25.1925492],[55.2695394,25.1924248],[55.2696118,25.1923015],[55.26977,25.1920983],[55.2699519,25.1918991],[55.2705003,25.1922668]]]}},{"type":"Feature","id":"osm-way-382096515","properties":{"building":"yes","building:levels":"3","name":"Forte","name:en":"Forte","start_date":"2023","osm_type":"way","osm_id":382096515,"height_m":9.600000000000001,"height_source":"osm-levels-estimate","height_is_estimated":true},"geometry":{"type":"Polygon","coordinates":[[[55.2695116,25.1960469],[55.2694804,25.195831],[55.2694513,25.1956276],[55.2694303,25.1954052],[55.2694047,25.1951434],[55.2693941,25.1949176],[55.2692757,25.1949297],[55.2692587,25.1947957],[55.269173,25.1948046],[55.26918,25.1948596],[55.2690154,25.1948767],[55.2690741,25.19534],[55.269086,25.1954998],[55.2688808,25.195594],[55.2689428,25.1961037],[55.2692015,25.1960779],[55.2695116,25.1960469]]]}},{"type":"Feature","id":"osm-way-382096540","properties":{"alt_name":"SCB Tower","building":"commercial","building:levels":"5","name":"Standard Chartered Bank Tower - Middle East HQ","name:en":"Standard Chartered Bank Tower - Middle East HQ","start_date":"2013","osm_type":"way","osm_id":382096540,"height_m":16,"height_source":"osm-levels-estimate","height_is_estimated":true},"geometry":{"type":"Polygon","coordinates":[[[55.2731895,25.202561],[55.2728737,25.2019819],[55.2728289,25.2019047],[55.2727448,25.2019454],[55.2723354,25.202121],[55.272248,25.2021577],[55.2722952,25.2022497],[55.2721499,25.2023106],[55.2721914,25.2023916],[55.2721301,25.2024173],[55.2721627,25.202481],[55.2720865,25.202513],[55.2721602,25.2026568],[55.2725486,25.2026646],[55.272778,25.2025649],[55.2728202,25.2026444],[55.2731895,25.202561]]]}},{"type":"Feature","id":"osm-way-382096544","properties":{"building":"commercial","osm_type":"way","osm_id":382096544,"height_m":20,"height_source":"type-estimate","height_is_estimated":true},"geometry":{"type":"Polygon","coordinates":[[[55.2751987,25.1999421],[55.2745592,25.1997898],[55.274236,25.1999383],[55.2741127,25.1999151],[55.2735666,25.2001134],[55.2735368,25.2000628],[55.2735072,25.2000125],[55.2734767,25.1999607],[55.2739625,25.1996599],[55.2734729,25.199552],[55.2728609,25.1998376],[55.2731812,25.2003955],[55.2732179,25.2004586],[55.2740914,25.2000417],[55.2751081,25.2003244],[55.2751203,25.2002956],[55.2751572,25.2002074],[55.2747219,25.2001602],[55.2747239,25.2001059],[55.2747259,25.2000507],[55.2747279,25.1999964],[55.2751968,25.1999738],[55.2751987,25.1999421]]]}},{"type":"Feature","id":"osm-way-388276548","properties":{"building":"yes","osm_type":"way","osm_id":388276548,"height_m":12,"height_source":"type-estimate","height_is_estimated":true},"geometry":{"type":"Polygon","coordinates":[[[55.2554722,25.1978585],[55.2552596,25.1979827],[55.2551656,25.1978509],[55.2553781,25.1977267],[55.2554722,25.1978585]]]}},{"type":"Feature","id":"osm-way-388276550","properties":{"addr:city":"Jumeirah 1","addr:housenumber":"22","addr:street":"27b Street","building":"yes","source":"Kaart Ground Survey 2017","osm_type":"way","osm_id":388276550,"height_m":12,"height_source":"type-estimate","height_is_estimated":true},"geometry":{"type":"Polygon","coordinates":[[[55.2553748,25.1981432],[55.255282,25.1980106],[55.2554292,25.1979263],[55.2554847,25.1980056],[55.2554023,25.1980528],[55.2554396,25.1981061],[55.2553748,25.1981432]]]}},{"type":"Feature","id":"osm-way-388276551","properties":{"building":"yes","osm_type":"way","osm_id":388276551,"height_m":12,"height_source":"type-estimate","height_is_estimated":true},"geometry":{"type":"Polygon","coordinates":[[[55.2548218,25.1981755],[55.2547587,25.198087],[55.2546951,25.1981241],[55.2547261,25.1981675],[55.2546816,25.1981935],[55.2547304,25.198262],[55.2547221,25.1982668],[55.2547532,25.1983105],[55.2548988,25.1982255],[55.2549591,25.1983101],[55.2550213,25.1982738],[55.2549132,25.1981221],[55.2548218,25.1981755]]]}},{"type":"Feature","id":"osm-way-390831094","properties":{"addr:city":"دبي","addr:city:ar":"دبي","addr:city:en":"Dubai","addr:city:ur":"دبئی","addr:street":"58b Street","building":"yes","source":"Kaart Ground Survey 2017","osm_type":"way","osm_id":390831094,"height_m":12,"height_source":"type-estimate","height_is_estimated":true},"geometry":{"type":"Polygon","coordinates":[[[55.2550031,25.1881862],[55.2549813,25.1883825],[55.2546439,25.1883582],[55.25465,25.1882742],[55.2545937,25.1882594],[55.2545566,25.1882078],[55.2545572,25.1881757],[55.2544663,25.1881668],[55.2544893,25.1878717],[55.2547101,25.1878858],[55.2546968,25.1880562],[55.2547637,25.1880605],[55.2548223,25.1881068],[55.2548317,25.1881725],[55.2550031,25.1881862]]]}},{"type":"Feature","id":"osm-way-399862553","properties":{"building":"yes","osm_type":"way","osm_id":399862553,"height_m":12,"height_source":"type-estimate","height_is_estimated":true},"geometry":{"type":"Polygon","coordinates":[[[55.2608787,25.1970526],[55.2608798,25.1970009],[55.2609314,25.1970057],[55.260936,25.1969623],[55.2610045,25.1969602],[55.261095,25.1970725],[55.2610891,25.1971567],[55.2609668,25.1971519],[55.2609663,25.1971192],[55.2609301,25.1971137],[55.2609086,25.1970907],[55.2609086,25.1970634],[55.2608787,25.1970526]]]}},{"type":"Feature","id":"osm-way-399862685","properties":{"building":"yes","osm_type":"way","osm_id":399862685,"height_m":12,"height_source":"type-estimate","height_is_estimated":true},"geometry":{"type":"Polygon","coordinates":[[[55.2611724,25.1973728],[55.2611848,25.1973628],[55.2611803,25.1973582],[55.2611546,25.197332],[55.2611737,25.1973166],[55.2612652,25.197243],[55.2613619,25.1973415],[55.2613827,25.1973627],[55.2612766,25.197448],[55.2612193,25.1973897],[55.2612024,25.1974033],[55.2611724,25.1973728]]]}},{"type":"Feature","id":"osm-way-399862920","properties":{"building":"yes","osm_type":"way","osm_id":399862920,"height_m":12,"height_source":"type-estimate","height_is_estimated":true},"geometry":{"type":"Polygon","coordinates":[[[55.2614386,25.1976159],[55.2615704,25.1975093],[55.2616081,25.1975475],[55.2615624,25.1975855],[55.2616144,25.1976386],[55.2615294,25.1977078],[55.2614981,25.1976725],[55.2614619,25.1976941],[55.2614638,25.1976429],[55.2614386,25.1976159]]]}},{"type":"Feature","id":"osm-way-399863413","properties":{"building":"yes","osm_type":"way","osm_id":399863413,"height_m":12,"height_source":"type-estimate","height_is_estimated":true},"geometry":{"type":"Polygon","coordinates":[[[55.2618281,25.197241],[55.2618455,25.1972593],[55.2618024,25.1972931],[55.261866,25.1973597],[55.2619635,25.1972836],[55.2619982,25.1973199],[55.2620247,25.1973476],[55.2620753,25.1973081],[55.261933,25.197159],[55.2618281,25.197241]]]}},{"type":"Feature","id":"osm-way-399863773","properties":{"building":"yes","osm_type":"way","osm_id":399863773,"height_m":12,"height_source":"type-estimate","height_is_estimated":true},"geometry":{"type":"Polygon","coordinates":[[[55.2614335,25.1968462],[55.2615622,25.1969872],[55.2616733,25.1969037],[55.2615427,25.1967615],[55.2614335,25.1968462]]]}},{"type":"Feature","id":"osm-way-399864081","properties":{"building":"yes","osm_type":"way","osm_id":399864081,"height_m":12,"height_source":"type-estimate","height_is_estimated":true},"geometry":{"type":"Polygon","coordinates":[[[55.2616038,25.1967346],[55.2617474,25.1968974],[55.2618825,25.1967998],[55.2617766,25.1966798],[55.2617972,25.1966649],[55.2617586,25.1966211],[55.2617009,25.1966627],[55.2616901,25.1966504],[55.2616471,25.1966815],[55.2616589,25.1966949],[55.2616038,25.1967346]]]}},{"type":"Feature","id":"osm-way-399864165","properties":{"building":"yes","osm_type":"way","osm_id":399864165,"height_m":12,"height_source":"type-estimate","height_is_estimated":true},"geometry":{"type":"Polygon","coordinates":[[[55.2609171,25.1962954],[55.2610323,25.1964194],[55.2613109,25.1962074],[55.2611956,25.1960835],[55.2609171,25.1962954]]]}},{"type":"Feature","id":"osm-way-399866737","properties":{"building":"yes","osm_type":"way","osm_id":399866737,"height_m":12,"height_source":"type-estimate","height_is_estimated":true},"geometry":{"type":"Polygon","coordinates":[[[55.2641939,25.1925622],[55.2645298,25.1923098],[55.2651766,25.1930143],[55.2648962,25.1932251],[55.2648408,25.1931648],[55.2647853,25.1932064],[55.2641939,25.1925622]]]}},{"type":"Feature","id":"osm-way-399866815","properties":{"building":"yes","osm_type":"way","osm_id":399866815,"height_m":12,"height_source":"type-estimate","height_is_estimated":true},"geometry":{"type":"Polygon","coordinates":[[[55.2637289,25.1922976],[55.2639754,25.1925638],[55.2642951,25.1923213],[55.2640487,25.1920552],[55.2637289,25.1922976]]]}},{"type":"Feature","id":"osm-way-399867027","properties":{"alt_name":"Tiara East Tower","building":"yes","building:levels":"46","height":"193","name":"Tiara United Tower 2","start_date":"2021","osm_type":"way","osm_id":399867027,"height_m":193,"height_source":"osm-height","height_is_estimated":false},"geometry":{"type":"Polygon","coordinates":[[[55.2600465,25.1891232],[55.2603315,25.1889179],[55.2601096,25.1886657],[55.2598246,25.1888709],[55.2600465,25.1891232]]]}},{"type":"Feature","id":"osm-way-399867092","properties":{"alt_name":"Tiara West Tower","building":"yes","building:levels":"46","height":"193","name":"Tiara United Tower 1","start_date":"2021","osm_type":"way","osm_id":399867092,"height_m":193,"height_source":"osm-height","height_is_estimated":false},"geometry":{"type":"Polygon","coordinates":[[[55.2595561,25.1883548],[55.2597804,25.1885884],[55.2594135,25.1888769],[55.2591892,25.1886434],[55.2595561,25.1883548]]]}},{"type":"Feature","id":"osm-way-399867245","properties":{"building":"yes","building:levels":"6","name":"One by Omniyat","start_date":"2012","osm_type":"way","osm_id":399867245,"height_m":19.200000000000003,"height_source":"osm-levels-estimate","height_is_estimated":true},"geometry":{"type":"Polygon","coordinates":[[[55.2617626,25.1882306],[55.262262,25.1878551],[55.2617728,25.1873353],[55.2612488,25.1877368],[55.2617626,25.1882306]]]}},{"type":"Feature","id":"osm-way-399869762","properties":{"brand":"Taj","brand:wikidata":"Q1521893","building":"yes","building:levels":"35","height":"120","name":"Taj Dubai Hotel","name:en":"Taj Dubai Hotel","official_name":"Taj Hotels","start_date":"2010","tourism":"hotel","wikidata":"Q111150305","osm_type":"way","osm_id":399869762,"height_m":120,"height_source":"osm-height","height_is_estimated":false},"geometry":{"type":"Polygon","coordinates":[[[55.2671461,25.1925594],[55.2675675,25.1922282],[55.2674192,25.1920737],[55.2671098,25.1923169],[55.2669978,25.192405],[55.2671461,25.1925594]]]}},{"type":"Feature","id":"osm-way-399870245","properties":{"building":"yes","building:levels":"29","height":"114","name":"Executive Tower C","name:en":"Executive Tower C","start_date":"2010","osm_type":"way","osm_id":399870245,"height_m":114,"height_source":"osm-height","height_is_estimated":false},"geometry":{"type":"Polygon","coordinates":[[[55.2670044,25.1920077],[55.2670437,25.1916461],[55.266789,25.1916234],[55.2667497,25.191985],[55.2670044,25.1920077]]]}},{"type":"Feature","id":"osm-way-399870575","properties":{"building":"yes","building:levels":"48","height":"190","name":"Executive Tower B","name:en":"Executive Tower B","start_date":"2010","osm_type":"way","osm_id":399870575,"height_m":190,"height_source":"osm-height","height_is_estimated":false},"geometry":{"type":"Polygon","coordinates":[[[55.2664393,25.1930106],[55.2667449,25.1927791],[55.2665233,25.1925396],[55.2662177,25.1927711],[55.2664393,25.1930106]]]}},{"type":"Feature","id":"osm-way-399871025","properties":{"building":"yes","building:levels":"31","height":"120","name":"Executive Tower F","name:en":"Executive Tower F","start_date":"2010","osm_type":"way","osm_id":399871025,"height_m":120,"height_source":"osm-height","height_is_estimated":false},"geometry":{"type":"Polygon","coordinates":[[[55.2664358,25.1911336],[55.2664567,25.1908135],[55.2660098,25.1907896],[55.2659889,25.1911098],[55.2664358,25.1911336]]]}},{"type":"Feature","id":"osm-way-399871028","properties":{"building":"yes","building:levels":"30","height":"118","name":"Executive Tower E","name:en":"Executive Tower E","start_date":"2010","osm_type":"way","osm_id":399871028,"height_m":118,"height_source":"osm-height","height_is_estimated":false},"geometry":{"type":"Polygon","coordinates":[[[55.2663307,25.1912992],[55.2662922,25.1917132],[55.2660217,25.1916927],[55.2660601,25.1912786],[55.2663307,25.1912992]]]}},{"type":"Feature","id":"osm-way-399871451","properties":{"building":"yes","osm_type":"way","osm_id":399871451,"height_m":12,"height_source":"type-estimate","height_is_estimated":true},"geometry":{"type":"Polygon","coordinates":[[[55.26468,25.1910551],[55.2652746,25.1916489],[55.2654983,25.1914654],[55.2649037,25.1908716],[55.26468,25.1910551]]]}},{"type":"Feature","id":"osm-way-399871824","properties":{"building":"yes","building:levels":"43","height":"170","name":"Executive Tower G","name:en":"Executive Tower G","start_date":"2010","osm_type":"way","osm_id":399871824,"height_m":170,"height_source":"osm-height","height_is_estimated":false},"geometry":{"type":"Polygon","coordinates":[[[55.2655066,25.1905776],[55.2658084,25.1905913],[55.2658242,25.1903058],[55.2655225,25.1902921],[55.2655066,25.1905776]]]}},{"type":"Feature","id":"osm-way-399872032","properties":{"building":"yes","building:levels":"46","height":"182","name":"Executive Tower H","name:en":"Executive Tower H","start_date":"2010","osm_type":"way","osm_id":399872032,"height_m":182,"height_source":"osm-height","height_is_estimated":false},"geometry":{"type":"Polygon","coordinates":[[[55.2653604,25.1903006],[55.2654041,25.1898601],[55.265068,25.1898328],[55.2650243,25.1902734],[55.2653604,25.1903006]]]}},{"type":"Feature","id":"osm-way-399872080","properties":{"building":"yes","building:levels":"47","height":"170","name":"Executive Tower J","name:en":"Executive Tower J","start_date":"2010","osm_type":"way","osm_id":399872080,"height_m":170,"height_source":"osm-height","height_is_estimated":false},"geometry":{"type":"Polygon","coordinates":[[[55.2648292,25.1898775],[55.264874,25.1895227],[55.2645343,25.1894876],[55.2644896,25.1898425],[55.2648292,25.1898775]]]}},{"type":"Feature","id":"osm-way-399872166","properties":{"building":"yes","building:levels":"46","height":"186","name":"Executive Tower K","name:en":"Executive Tower K","start_date":"2010","osm_type":"way","osm_id":399872166,"height_m":186,"height_source":"osm-height","height_is_estimated":false},"geometry":{"type":"Polygon","coordinates":[[[55.2642484,25.1894917],[55.2642969,25.189112],[55.263944,25.1890751],[55.2638955,25.1894548],[55.2642484,25.1894917]]]}},{"type":"Feature","id":"osm-way-399872324","properties":{"building":"yes","building:levels":"46","height":"182","name":"Executive Tower L","name:en":"Executive Tower L","start_date":"2010","osm_type":"way","osm_id":399872324,"height_m":182,"height_source":"osm-height","height_is_estimated":false},"geometry":{"type":"Polygon","coordinates":[[[55.264252,25.1889338],[55.2642989,25.1886353],[55.2639534,25.1885908],[55.2639065,25.1888893],[55.264252,25.1889338]]]}},{"type":"Feature","id":"osm-way-399873549","properties":{"building":"yes","building:levels":"53","height":"210","name":"Executive Tower M","name:en":"Executive Tower M","start_date":"2010","osm_type":"way","osm_id":399873549,"height_m":210,"height_source":"osm-height","height_is_estimated":false},"geometry":{"type":"Polygon","coordinates":[[[55.2633724,25.189736],[55.2636374,25.1895331],[55.2636671,25.1895099],[55.2633074,25.1891259],[55.2630127,25.1893519],[55.2633724,25.189736]]]}},{"type":"Feature","id":"osm-way-399874328","properties":{"building":"yes","building:levels":"36","start_date":"2012","osm_type":"way","osm_id":399874328,"height_m":115.2,"height_source":"osm-levels-estimate","height_is_estimated":true},"geometry":{"type":"Polygon","coordinates":[[[55.2612488,25.1877368],[55.2617728,25.1873353],[55.2618905,25.187244],[55.2614704,25.1868069],[55.260808,25.1872687],[55.2612488,25.1877368]]]}},{"type":"Feature","id":"osm-way-399874648","properties":{"building":"yes","building:levels":"5","start_date":"2012","osm_type":"way","osm_id":399874648,"height_m":16,"height_source":"osm-levels-estimate","height_is_estimated":true},"geometry":{"type":"Polygon","coordinates":[[[55.260808,25.1872687],[55.2614704,25.1868069],[55.2610247,25.1863447],[55.2603564,25.1867959],[55.260808,25.1872687]]]}},{"type":"Feature","id":"osm-way-399874655","properties":{"building":"yes","building:levels":"3","start_date":"2015","osm_type":"way","osm_id":399874655,"height_m":9.600000000000001,"height_source":"osm-levels-estimate","height_is_estimated":true},"geometry":{"type":"Polygon","coordinates":[[[55.2603564,25.1867959],[55.2610247,25.1863447],[55.2605721,25.1858738],[55.259922,25.1863491],[55.2603564,25.1867959]]]}},{"type":"Feature","id":"osm-way-399874815","properties":{"building":"yes","building:levels":"4","start_date":"2015","osm_type":"way","osm_id":399874815,"height_m":12.8,"height_source":"osm-levels-estimate","height_is_estimated":true},"geometry":{"type":"Polygon","coordinates":[[[55.259922,25.1863491],[55.2605721,25.1858738],[55.2601759,25.1854217],[55.2595183,25.1858936],[55.259922,25.1863491]]]}},{"type":"Feature","id":"osm-way-399874888","properties":{"addr:city":"Dubai","addr:street":"Business Bay","air_conditioning":"yes","brand":"Anantara","brand:wikidata":"Q112671781","building":"yes","building:levels":"3","height":"15","internet_access":"wlan","name":"Anantara Downtown Dubai","name:en":"Anantara Downtown Dubai","old_name":"The Oberoi","phone":"+97144441444","start_date":"2013","tourism":"hotel","website":"https://www.anatara.com/en/downtown-dubai","wheelchair":"limited","osm_type":"way","osm_id":399874888,"height_m":15,"height_source":"osm-height","height_is_estimated":false},"geometry":{"type":"Polygon","coordinates":[[[55.2637943,25.1863777],[55.2643392,25.185951],[55.2643767,25.1856608],[55.2641896,25.185389],[55.2640173,25.1855067],[55.2638091,25.1854505],[55.2630996,25.1858926],[55.2633834,25.1863587],[55.2637943,25.1863777]]]}},{"type":"Feature","id":"osm-way-399874968","properties":{"building":"yes","building:levels":"4","height":"20","name":"The Burlington","start_date":"2015","osm_type":"way","osm_id":399874968,"height_m":20,"height_source":"osm-height","height_is_estimated":false},"geometry":{"type":"Polygon","coordinates":[[[55.2653946,25.1853887],[55.2653007,25.1851633],[55.2652685,25.1848708],[55.2652998,25.1846125],[55.2651067,25.1844139],[55.2644171,25.1850176],[55.2647022,25.1855439],[55.2649628,25.1856123],[55.265117,25.1856002],[55.2653946,25.1853887]]]}},{"type":"Feature","id":"osm-way-399875015","properties":{"building":"yes","building:colour":"silver","building:facade:colour":"silver","building:levels":"5","height":"20","start_date":"2011","osm_type":"way","osm_id":399875015,"height_m":20,"height_source":"osm-height","height_is_estimated":false},"geometry":{"type":"Polygon","coordinates":[[[55.2644171,25.1850176],[55.2651067,25.1844139],[55.2647141,25.1839876],[55.26409,25.1845235],[55.2644171,25.1850176]]]}},{"type":"Feature","id":"osm-way-399903152","properties":{"building":"yes","osm_type":"way","osm_id":399903152,"height_m":12,"height_source":"type-estimate","height_is_estimated":true},"geometry":{"type":"Polygon","coordinates":[[[55.2733418,25.1861206],[55.274,25.1856717],[55.2736429,25.1852725],[55.2729929,25.1857057],[55.2733418,25.1861206]]]}},{"type":"Feature","id":"osm-way-399903223","properties":{"building":"yes","osm_type":"way","osm_id":399903223,"height_m":12,"height_source":"type-estimate","height_is_estimated":true},"geometry":{"type":"Polygon","coordinates":[[[55.2727597,25.1865329],[55.2733256,25.186127],[55.2729917,25.185733],[55.2724286,25.1861426],[55.2727597,25.1865329]]]}},{"type":"Feature","id":"osm-way-399903263","properties":{"building":"yes","osm_type":"way","osm_id":399903263,"height_m":12,"height_source":"type-estimate","height_is_estimated":true},"geometry":{"type":"Polygon","coordinates":[[[55.2715187,25.1873458],[55.2721408,25.1869516],[55.2718259,25.1865746],[55.2712071,25.1869642],[55.2715187,25.1873458]]]}},{"type":"Feature","id":"osm-way-399903370","properties":{"building":"yes","building:levels":"4","start_date":"2012","osm_type":"way","osm_id":399903370,"height_m":12.8,"height_source":"osm-levels-estimate","height_is_estimated":true},"geometry":{"type":"Polygon","coordinates":[[[55.2688814,25.188108],[55.2691363,25.1881299],[55.269539,25.1881094],[55.2694554,25.1874296],[55.2689222,25.1874052],[55.2688814,25.188108]]]}},{"type":"Feature","id":"osm-way-399903445","properties":{"building":"yes","osm_type":"way","osm_id":399903445,"height_m":12,"height_source":"type-estimate","height_is_estimated":true},"geometry":{"type":"Polygon","coordinates":[[[55.26778,25.1876435],[55.2678479,25.1871511],[55.2673116,25.1870499],[55.2671468,25.187777],[55.2673324,25.1878727],[55.2675268,25.187921],[55.2675738,25.1879288],[55.2677231,25.1878603],[55.26778,25.1876435]]]}},{"type":"Feature","id":"osm-way-399903542","properties":{"addr:city":"دبي","addr:postcode":"00000","addr:street":"Office C5 Floor 31, Prime Tower Marasi street Business Bay Dubai, UAE","building":"office","name":"Free Room LLC","website":"https://freeroom.ae/","osm_type":"way","osm_id":399903542,"height_m":20,"height_source":"type-estimate","height_is_estimated":true},"geometry":{"type":"Polygon","coordinates":[[[55.2714154,25.1888363],[55.2715543,25.188872],[55.2719783,25.1885805],[55.27201,25.1884541],[55.2719955,25.1883805],[55.2719378,25.1882713],[55.2717528,25.1880481],[55.2716173,25.1879982],[55.2714993,25.1879862],[55.2713531,25.1880104],[55.2711014,25.188168],[55.2714154,25.1888363]]]}},{"type":"Feature","id":"osm-way-399903648","properties":{"building":"yes","osm_type":"way","osm_id":399903648,"height_m":12,"height_source":"type-estimate","height_is_estimated":true},"geometry":{"type":"Polygon","coordinates":[[[55.2702402,25.1879557],[55.2708145,25.1877896],[55.2708284,25.1877836],[55.2709634,25.1877267],[55.2710906,25.1876646],[55.2712331,25.1875442],[55.2708601,25.1871414],[55.2704751,25.1872768],[55.2700536,25.1873734],[55.2702402,25.1879557]]]}},{"type":"Feature","id":"osm-way-399903682","properties":{"building":"yes","building:levels":"3","height":"15","name":"Sonder Business Bay","osm_type":"way","osm_id":399903682,"height_m":15,"height_source":"osm-height","height_is_estimated":false},"geometry":{"type":"Polygon","coordinates":[[[55.26931,25.1893242],[55.2700227,25.1892203],[55.2698756,25.1886059],[55.269855,25.1885107],[55.2692959,25.1885779],[55.26931,25.1893242]]]}},{"type":"Feature","id":"osm-way-399904066","properties":{"building":"apartments","building:levels":"4","height":"20","name":"Westburry Tower 2","start_date":"2015","osm_type":"way","osm_id":399904066,"height_m":20,"height_source":"osm-height","height_is_estimated":false},"geometry":{"type":"Polygon","coordinates":[[[55.2744758,25.1869614],[55.2749791,25.1866192],[55.2744389,25.1859685],[55.2742905,25.1860667],[55.2740938,25.1862072],[55.2739363,25.1863117],[55.2744758,25.1869614]]]}},{"type":"Feature","id":"osm-way-399904763","properties":{"building":"commercial","building:levels":"46","height":"160","name":"Single Business Tower","osm_type":"way","osm_id":399904763,"height_m":160,"height_source":"osm-height","height_is_estimated":false},"geometry":{"type":"Polygon","coordinates":[[[55.2585361,25.1883434],[55.2587805,25.1881519],[55.2585286,25.1878887],[55.2582842,25.1880802],[55.2585361,25.1883434]]]}},{"type":"Feature","id":"osm-way-399904777","properties":{"building":"yes","building:levels":"10","osm_type":"way","osm_id":399904777,"height_m":32,"height_source":"osm-levels-estimate","height_is_estimated":true},"geometry":{"type":"Polygon","coordinates":[[[55.2588341,25.1880952],[55.2591637,25.1878424],[55.2589115,25.187573],[55.2585979,25.18783],[55.2588341,25.1880952]]]}},{"type":"Feature","id":"osm-way-399935565","properties":{"building":"apartments","name":"Al Hikma Tower","start_date":"2016","osm_type":"way","osm_id":399935565,"height_m":24,"height_source":"type-estimate","height_is_estimated":true},"geometry":{"type":"Polygon","coordinates":[[[55.2681899,25.1994551],[55.2684916,25.1992686],[55.2682814,25.1989901],[55.2679797,25.1991765],[55.2681899,25.1994551]]]}},{"type":"Feature","id":"osm-way-399935621","properties":{"building":"yes","osm_type":"way","osm_id":399935621,"height_m":12,"height_source":"type-estimate","height_is_estimated":true},"geometry":{"type":"Polygon","coordinates":[[[55.2686283,25.1991671],[55.2689789,25.1989567],[55.2687835,25.1986998],[55.2684369,25.1989151],[55.2686283,25.1991671]]]}},{"type":"Feature","id":"osm-way-399935856","properties":{"addr:city":"دبي","addr:postcode":"00000","addr:street":"Office 201, 48 Burj Gate, Sheikh Zayed Road, Dubai, UAE","building":"yes","building:levels":"4","height":"18","name":"EMKAAN Architectural + Engineering Consultancy","start_date":"2014","osm_type":"way","osm_id":399935856,"height_m":18,"height_source":"osm-height","height_is_estimated":false},"geometry":{"type":"Polygon","coordinates":[[[55.2685273,25.1994081],[55.2686502,25.1995845],[55.2687556,25.1997357],[55.2688645,25.1998919],[55.2690656,25.2001804],[55.2692697,25.2004733],[55.2693216,25.2005477],[55.2693029,25.200559],[55.2691972,25.2006222],[55.2690111,25.2007343],[55.2687933,25.200394],[55.2681908,25.1996508],[55.2681758,25.1996309],[55.2685273,25.1994081]]]}},{"type":"Feature","id":"osm-way-406445073","properties":{"building":"commercial","building:facade:colour":"#9eb7b5","building:facade:material":"glass","building:levels":"5","name":"The Binary Tower by Omniyat","name:en":"The Binary Tower by Omniyat","roof:colour":"#c0c0c0","roof:shape":"flat","start_date":"2016","osm_type":"way","osm_id":406445073,"height_m":16,"height_source":"osm-levels-estimate","height_is_estimated":true},"geometry":{"type":"Polygon","coordinates":[[[55.2670269,25.1877194],[55.2665008,25.1874483],[55.2667794,25.1863976],[55.2668584,25.1864083],[55.2669878,25.1864195],[55.2671018,25.1864083],[55.2672127,25.1863944],[55.2673352,25.1863797],[55.267351,25.1866764],[55.2672494,25.1869963],[55.2670269,25.1877194]]]}},{"type":"Feature","id":"osm-way-406445074","properties":{"building":"yes","osm_type":"way","osm_id":406445074,"height_m":12,"height_source":"type-estimate","height_is_estimated":true},"geometry":{"type":"Polygon","coordinates":[[[55.269539,25.1881094],[55.2698886,25.188041],[55.2702402,25.1879557],[55.2700536,25.1873734],[55.2694554,25.1874296],[55.269539,25.1881094]]]}},{"type":"Feature","id":"osm-way-409860281","properties":{"addr:city":"Business Bay","addr:housenumber":"1401","addr:postcode":"31436","addr:street":"برج خليفة","building":"office","building:levels":"3","height":"15","image":"https://static.tildacdn.com/tild3266-6637-4639-a161-663639653363/FUMA_Copy_2.svg","name":"Westburry Tower 1","source":"local knowledge","start_date":"2015","website":"https://fuma.ae","osm_type":"way","osm_id":409860281,"height_m":15,"height_source":"osm-height","height_is_estimated":false},"geometry":{"type":"Polygon","coordinates":[[[55.2749791,25.1866192],[55.2754479,25.1863133],[55.2754638,25.18617],[55.275113,25.1857625],[55.2747817,25.1857228],[55.2744389,25.1859685],[55.2749791,25.1866192]]]}},{"type":"Feature","id":"osm-way-437668917","properties":{"amenity":"place_of_worship","building":"mosque","denomination":"sunni","religion":"muslim","osm_type":"way","osm_id":437668917,"height_m":12,"height_source":"type-estimate","height_is_estimated":true},"geometry":{"type":"Polygon","coordinates":[[[55.2733939,25.1886484],[55.2733778,25.1887135],[55.2734091,25.1887199],[55.2733815,25.1888312],[55.2733649,25.1888278],[55.2733554,25.1888658],[55.2733928,25.1888734],[55.2733751,25.1889449],[55.2732932,25.1889283],[55.2733062,25.1888758],[55.2730364,25.1888177],[55.2730843,25.188613],[55.2733232,25.1886614],[55.2733296,25.1886354],[55.2733939,25.1886484]]]}},{"type":"Feature","id":"osm-way-437668919","properties":{"building":"yes","osm_type":"way","osm_id":437668919,"height_m":12,"height_source":"type-estimate","height_is_estimated":true},"geometry":{"type":"Polygon","coordinates":[[[55.2734152,25.1884874],[55.2733386,25.1885343],[55.2736079,25.1888948],[55.2736846,25.188848],[55.2734152,25.1884874]]]}},{"type":"Feature","id":"osm-way-437668920","properties":{"building":"yes","osm_type":"way","osm_id":437668920,"height_m":12,"height_source":"type-estimate","height_is_estimated":true},"geometry":{"type":"Polygon","coordinates":[[[55.2732954,25.1889791],[55.2732805,25.1890403],[55.2733624,25.1890565],[55.2733772,25.1889953],[55.2732954,25.1889791]]]}},{"type":"Feature","id":"osm-way-437668926","properties":{"building":"yes","osm_type":"way","osm_id":437668926,"height_m":12,"height_source":"type-estimate","height_is_estimated":true},"geometry":{"type":"Polygon","coordinates":[[[55.2752237,25.1886357],[55.2751365,25.1887438],[55.2751862,25.1887766],[55.2751469,25.1888253],[55.2751044,25.1887972],[55.2750198,25.1888997],[55.2747553,25.1887289],[55.2747678,25.1887134],[55.2747337,25.1886909],[55.2748141,25.1885912],[55.2748685,25.1886271],[55.2749928,25.1884729],[55.2751056,25.1885473],[55.2751455,25.1884978],[55.2752186,25.188546],[55.2752005,25.1885684],[55.2752264,25.1885855],[55.275199,25.1886194],[55.2752237,25.1886357]]]}},{"type":"Feature","id":"osm-way-437671133","properties":{"addr:city":"دبي","addr:city:ar":"دبي","addr:city:en":"Dubai","addr:city:ur":"دبئی","building":"yes","building:levels":"4","height":"30","name":"Zanzebeel 2","osm_type":"way","osm_id":437671133,"height_m":30,"height_source":"osm-height","height_is_estimated":false},"geometry":{"type":"Polygon","coordinates":[[[55.2744999,25.1886517],[55.2745263,25.1886753],[55.274542,25.1886608],[55.2745867,25.1887005],[55.2745989,25.1886892],[55.2746423,25.1887277],[55.2746126,25.1887551],[55.2746305,25.1887711],[55.2745918,25.1888067],[55.2745706,25.1887878],[55.2745401,25.1888159],[55.2745635,25.1888366],[55.2744945,25.1889002],[55.274475,25.1888828],[55.2744573,25.1888992],[55.2744662,25.1889168],[55.2743659,25.1889838],[55.2743825,25.1890042],[55.2743319,25.189038],[55.2743178,25.1890207],[55.2742432,25.1890705],[55.2742255,25.1890593],[55.2741052,25.1891282],[55.2741069,25.1891458],[55.2739952,25.1892077],[55.2739835,25.1891906],[55.2739628,25.1892022],[55.2739334,25.1891597],[55.2739566,25.1891464],[55.2739257,25.1891025],[55.2739064,25.1891136],[55.273872,25.1890654],[55.273939,25.1890261],[55.2739253,25.189007],[55.2739777,25.188976],[55.2739884,25.1890017],[55.274016,25.1889855],[55.2740249,25.1889979],[55.2740733,25.1889696],[55.274068,25.188952],[55.2741345,25.1889007],[55.2741454,25.1889122],[55.2742217,25.1888524],[55.2742355,25.1888666],[55.2742817,25.1888297],[55.2743487,25.18877],[55.2743362,25.1887586],[55.2743723,25.1887257],[55.2743961,25.188747],[55.2744999,25.1886517]]]}},{"type":"Feature","id":"osm-way-437671135","properties":{"building":"yes","osm_type":"way","osm_id":437671135,"height_m":12,"height_source":"type-estimate","height_is_estimated":true},"geometry":{"type":"Polygon","coordinates":[[[55.2737881,25.1897419],[55.2739803,25.1896475],[55.2740052,25.1896889],[55.2739372,25.1897223],[55.2739474,25.1897392],[55.2738231,25.1898003],[55.2737881,25.1897419]]]}},{"type":"Feature","id":"osm-way-437671136","properties":{"addr:city":"دبي","addr:city:ar":"دبي","addr:city:en":"Dubai","addr:city:ur":"دبئی","building":"yes","building:levels":"9","name":"Zanzebeel 4","start_date":"2009","osm_type":"way","osm_id":437671136,"height_m":28.8,"height_source":"osm-levels-estimate","height_is_estimated":true},"geometry":{"type":"Polygon","coordinates":[[[55.2742806,25.1896209],[55.2743383,25.1896131],[55.274335,25.1895928],[55.2744553,25.1895765],[55.2744515,25.1895535],[55.2745158,25.1895448],[55.2745004,25.1894515],[55.2744689,25.1894558],[55.2744681,25.1894507],[55.2745064,25.1894457],[55.2744927,25.1893602],[55.274464,25.1893639],[55.2744592,25.189334],[55.2744076,25.1893407],[55.2744048,25.189323],[55.2743329,25.1893323],[55.2743363,25.189354],[55.2742711,25.1893624],[55.2742679,25.1893419],[55.2742079,25.1893496],[55.2742157,25.1893992],[55.2741869,25.1894029],[55.2741948,25.1894526],[55.2742229,25.1894489],[55.2742271,25.1894755],[55.2742551,25.1894718],[55.2742669,25.1895454],[55.274245,25.1895483],[55.2742469,25.1895601],[55.2742701,25.189557],[55.2742806,25.1896209]]]}},{"type":"Feature","id":"osm-way-437671150","properties":{"building":"hotel","height":"8","layer":"1","osm_type":"way","osm_id":437671150,"height_m":8,"height_source":"osm-height","height_is_estimated":false},"geometry":{"type":"Polygon","coordinates":[[[55.2747907,25.1898275],[55.2749355,25.1903312],[55.274776,25.1903673],[55.2747458,25.1902639],[55.2746862,25.1902798],[55.2746218,25.1900563],[55.2745552,25.190072],[55.2745701,25.1901242],[55.2744485,25.1901525],[55.2744339,25.1901014],[55.2743595,25.190119],[55.2744503,25.1904358],[55.2744551,25.1904602],[55.2743267,25.1904903],[55.2743085,25.1904401],[55.2742599,25.1904512],[55.2742293,25.19036],[55.2741064,25.1899978],[55.2743885,25.1899197],[55.2743834,25.1899012],[55.2743645,25.1898349],[55.2744399,25.1898174],[55.2744596,25.1898867],[55.2744642,25.1899027],[55.2747907,25.1898275]]]}},{"type":"Feature","id":"osm-way-437672620","properties":{"building":"yes","osm_type":"way","osm_id":437672620,"height_m":12,"height_source":"type-estimate","height_is_estimated":true},"geometry":{"type":"Polygon","coordinates":[[[55.2740421,25.189617],[55.274077,25.1896792],[55.2741444,25.1896483],[55.2741095,25.1895861],[55.2740421,25.189617]]]}},{"type":"Feature","id":"osm-way-440350747","properties":{"building":"yes","osm_type":"way","osm_id":440350747,"height_m":12,"height_source":"type-estimate","height_is_estimated":true},"geometry":{"type":"Polygon","coordinates":[[[55.2560085,25.1908867],[55.2560882,25.190976],[55.2564968,25.1906775],[55.256413,25.1905837],[55.2560085,25.1908867]]]}},{"type":"Feature","id":"osm-way-440350748","properties":{"building":"yes","osm_type":"way","osm_id":440350748,"height_m":12,"height_source":"type-estimate","height_is_estimated":true},"geometry":{"type":"Polygon","coordinates":[[[55.256594,25.1906052],[55.2569538,25.1903316],[55.2568667,25.1902378],[55.2565069,25.1905114],[55.256594,25.1906052]]]}},{"type":"Feature","id":"osm-way-440350749","properties":{"building":"yes","osm_type":"way","osm_id":440350749,"height_m":12,"height_source":"type-estimate","height_is_estimated":true},"geometry":{"type":"Polygon","coordinates":[[[55.2563325,25.1904704],[55.2564268,25.1905734],[55.2565069,25.1905114],[55.2568667,25.1902378],[55.2567718,25.1901346],[55.2563325,25.1904704]]]}},{"type":"Feature","id":"osm-way-440350750","properties":{"building":"yes","osm_type":"way","osm_id":440350750,"height_m":12,"height_source":"type-estimate","height_is_estimated":true},"geometry":{"type":"Polygon","coordinates":[[[55.2564268,25.1905734],[55.256413,25.1905837],[55.2560085,25.1908867],[55.2559735,25.1909129],[55.2559289,25.1909462],[55.2558686,25.1908803],[55.2558543,25.1908646],[55.2563003,25.1905307],[55.2562807,25.1905092],[55.2563325,25.1904704],[55.2564268,25.1905734]]]}},{"type":"Feature","id":"osm-way-440350751","properties":{"building":"yes","osm_type":"way","osm_id":440350751,"height_m":12,"height_source":"type-estimate","height_is_estimated":true},"geometry":{"type":"Polygon","coordinates":[[[55.257889,25.1903713],[55.2578104,25.1904282],[55.2578636,25.190489],[55.2579453,25.1904296],[55.257889,25.1903713]]]}},{"type":"Feature","id":"osm-way-440350752","properties":{"building":"yes","osm_type":"way","osm_id":440350752,"height_m":12,"height_source":"type-estimate","height_is_estimated":true},"geometry":{"type":"Polygon","coordinates":[[[55.2569715,25.1922778],[55.2568349,25.1921312],[55.2565131,25.1923767],[55.2566497,25.1925234],[55.2569715,25.1922778]]]}},{"type":"Feature","id":"osm-way-446646206","properties":{"addr:city":"دبي","addr:city:ar":"دبي","addr:city:en":"Dubai","addr:city:ur":"دبئی","addr:housenumber":"1","addr:street":"شارع الشيخ محمد بن راشد","alt_name:hu":"Kalifa-torony","alt_old_name:hu":"Dubaj-torony","area":"yes","building":"yes","building:levels":"163","building:levels:source":"burj-khalifa.dubai-tickets.co","building:material":"glass","check_date":"2025-12-09","email":"Info@atthetop.ae","image":"https://photos.app.goo.gl/1j9z8iSqA6hyPJYXA","landmark":"1","layer":"1","maxheight":"828","name":"برج خليفة","name:af":"Burj Khalifa","name:an":"Burch Khalifa","name:ar":"برج خليفة","name:ast":"Burj Khalifa","name:ba":"Бурдж-Хәлифә","name:be":"Бурдж-Халіфа","name:bg":"Бурдж Халифа","name:br":"Burj Khalifa","name:bs":"Burj Khalifa","name:ca":"Burj Khalifa","name:ckb":"بورجی خەلیفە","name:cs":"Burdž Chalífa","name:cu":"Боурджь Халифа","name:cy":"Burj Khalifa","name:da":"Burj Khalifa","name:de":"Burj Khalifa","name:el":"Μπουρτζ Χαλίφα","name:en":"Burj Khalifa","name:es":"Burj Khalifa","name:et":"Burj Khalīfah","name:eu":"Burj Khalifa","name:fa":"برج خلیفه","name:fi":"Burj Khalifa","name:fo":"Burj Khalifa","name:fr":"Burj Khalifa","name:fy":"Burj Khalifa","name:gl":"Burj Khalifa","name:gn":"Burj Khalifa","name:ha":"Burj Khalifa","name:he":"בורג' ח'ליפה","name:hi":"बुर्ज खलीफा","name:hu":"Burdzs Kalifa","name:id":"Burj Khalifa","name:is":"Burj Khalifa","name:it":"Burj Khalifa","name:ja":"ブルジュ・ハリファ","name:jv":"Burj Khalifa","name:kk":"Бурж Халифа","name:ko":"부르즈 할리파","name:ku":"Birca Xelîfe","name:kw":"Burj Khalifa","name:la":"Turris Khalifa","name:lt":"Burdž Chalifa","name:lv":"Burj Khalīfah","name:mk":"Бурџ Халифа","name:ml":"ബുർജ് ഖലീഫ","name:mn":"Бурж Халифа","name:ms":"Burj Khalifa","name:nl":"Burj Khalifa","name:nn":"Burj Khalifa","name:no":"Burj Khalifa","name:oc":"Burj Khalifa","name:pl":"Burdż Chalifa","name:pt":"Burj Khalifa","name:ro":"Burj Khalifa","name:ru":"Бурдж-Халифа","name:sco":"Burj Khalifa","name:sh":"Burj Khalifa","name:sk":"Burdž Khalífa","name:sl":"Burj Kalifa","name:so":"Burj Khalifa","name:sq":"Burxh Khalifa","name:sr":"Burdž Kalifa","name:sv":"Burj Khalifa","name:sw":"Burj Khalifa","name:th":"บุรจญ์เคาะลีฟะฮ์","name:tl":"Burj Khalifa","name:tr":"Burç Halife","name:tt":"Burc Xälifä","name:uk":"Бурдж Халіфа","name:uz":"Burj Xalifa","name:vi":"Burj Khalifa","name:war":"Burj Khalifa","name:yue":"哈利法塔","name:zh":"哈利法塔","note:height":"Building attributes (e.g., address, name, overall height, operator, etc.) must be tagged on the building outline. https://wiki.openstreetmap.org/wiki/Simple_3D_buildings#Building_outlines","old_name":"Burj Dubai","old_name:hu":"Burdzs Dubaj","old_name:zh-Hans":"迪拜塔","operator":"Emaar Properties","roof:material":"concrete","roof:shape":"flat","start_date":"2010-01-04","tourism":"attraction","url":"https://youtu.be/QmQykkr4hC0","url:0":"https://youtu.be/aCxbknkUCg4","website":"https://www.burjkhalifa.ae/","wheelchair":"limited","wikidata":"Q12495","wikipedia":"en:Burj Khalifa","osm_type":"way","osm_id":446646206,"height_m":828,"height_source":"osm-landmark-maxheight","height_is_estimated":false},"geometry":{"type":"Polygon","coordinates":[[[55.2739803,25.1970529],[55.2739625,25.1965874],[55.2740688,25.1963681],[55.2741076,25.1964218],[55.2742125,25.1965671],[55.2742866,25.1970353],[55.274295,25.1970319],[55.2743095,25.1969443],[55.2743524,25.1969537],[55.2743922,25.1969709],[55.2744273,25.1969951],[55.2744562,25.1970253],[55.2744776,25.1970602],[55.2744908,25.1970984],[55.274495,25.1971381],[55.2744901,25.1971778],[55.2743974,25.1971596],[55.2743936,25.1971665],[55.2748283,25.1973479],[55.2749989,25.1975308],[55.2747383,25.19756],[55.2742704,25.1974222],[55.2742687,25.1974305],[55.2743406,25.1974857],[55.274304,25.1975165],[55.2742609,25.1975393],[55.2742133,25.1975531],[55.2741635,25.1975571],[55.2741139,25.1975512],[55.274067,25.1975357],[55.2740249,25.1975113],[55.2740938,25.1974426],[55.2740902,25.1974351],[55.2736892,25.1976683],[55.2734274,25.1977023],[55.2735383,25.1974869],[55.2739087,25.1972036],[55.2739002,25.1971968],[55.2738159,25.1972311],[55.2738023,25.1971919],[55.2737985,25.1971509],[55.2738046,25.1971102],[55.2738208,25.1970718],[55.2738415,25.1970359],[55.2738704,25.1970049],[55.2739061,25.1969804],[55.2739468,25.1969636],[55.27397,25.1970478],[55.2739803,25.1970529]]]}},{"type":"Feature","id":"osm-way-454492197","properties":{"building":"yes","osm_type":"way","osm_id":454492197,"height_m":12,"height_source":"type-estimate","height_is_estimated":true},"geometry":{"type":"Polygon","coordinates":[[[55.2579143,25.1869928],[55.2580173,25.1869098],[55.25818,25.187075],[55.258077,25.1871581],[55.2579143,25.1869928]]]}},{"type":"Feature","id":"osm-way-454492198","properties":{"building":"yes","osm_type":"way","osm_id":454492198,"height_m":12,"height_source":"type-estimate","height_is_estimated":true},"geometry":{"type":"Polygon","coordinates":[[[55.2580622,25.1869248],[55.2581623,25.1870254],[55.2582431,25.1869596],[55.258143,25.186859],[55.2580622,25.1869248]]]}},{"type":"Feature","id":"osm-way-454492202","properties":{"building":"yes","osm_type":"way","osm_id":454492202,"height_m":12,"height_source":"type-estimate","height_is_estimated":true},"geometry":{"type":"Polygon","coordinates":[[[55.2580057,25.1874322],[55.2579484,25.1874763],[55.2578005,25.1873187],[55.2578577,25.1872747],[55.2580057,25.1874322]]]}},{"type":"Feature","id":"osm-way-454492203","properties":{"building":"yes","building:levels":"4","name":"dnata DLM Car Parking Building","osm_type":"way","osm_id":454492203,"height_m":12.8,"height_source":"osm-levels-estimate","height_is_estimated":true},"geometry":{"type":"Polygon","coordinates":[[[55.257759,25.1867472],[55.2579915,25.1865717],[55.257295,25.1858157],[55.2570625,25.1859912],[55.257759,25.1867472]]]}},{"type":"Feature","id":"osm-way-454492204","properties":{"building":"yes","start_date":"2012","osm_type":"way","osm_id":454492204,"height_m":12,"height_source":"type-estimate","height_is_estimated":true},"geometry":{"type":"Polygon","coordinates":[[[55.2583893,25.1861986],[55.2583915,25.1862705],[55.2583531,25.1863487],[55.2580977,25.1865327],[55.2573554,25.1857307],[55.2573425,25.185699],[55.2573467,25.1856265],[55.2573496,25.1855753],[55.2574168,25.1854406],[55.2575128,25.1853146],[55.2576245,25.1852749],[55.2576186,25.1853549],[55.2576327,25.1854412],[55.2576559,25.1855112],[55.2576861,25.1855722],[55.2577018,25.1855932],[55.2580812,25.1860122],[55.2581149,25.1860487],[55.2581654,25.1861037],[55.2582171,25.1861401],[55.2582961,25.1861764],[55.2583893,25.1861986]]]}},{"type":"Feature","id":"osm-way-454904804","properties":{"building":"yes","osm_type":"way","osm_id":454904804,"height_m":12,"height_source":"type-estimate","height_is_estimated":true},"geometry":{"type":"Polygon","coordinates":[[[55.2549923,25.1970086],[55.2550255,25.1970531],[55.2550473,25.1970397],[55.2551452,25.1971712],[55.2551888,25.1971471],[55.2552123,25.1971489],[55.2552485,25.1971259],[55.2552525,25.1971071],[55.2552996,25.1970771],[55.2551929,25.1969338],[55.2551536,25.1969578],[55.2551359,25.1969341],[55.2550415,25.1969917],[55.2550348,25.1969827],[55.2549923,25.1970086]]]}},{"type":"Feature","id":"osm-way-454904805","properties":{"building":"yes","osm_type":"way","osm_id":454904805,"height_m":12,"height_source":"type-estimate","height_is_estimated":true},"geometry":{"type":"Polygon","coordinates":[[[55.2549241,25.1973993],[55.2550219,25.1975391],[55.2551443,25.197469],[55.2551179,25.1974313],[55.2551376,25.19742],[55.2551087,25.1973786],[55.2550848,25.1973923],[55.2550423,25.1973316],[55.2549241,25.1973993]]]}},{"type":"Feature","id":"osm-way-454904806","properties":{"building":"yes","osm_type":"way","osm_id":454904806,"height_m":12,"height_source":"type-estimate","height_is_estimated":true},"geometry":{"type":"Polygon","coordinates":[[[55.2553877,25.1968783],[55.2554021,25.1968982],[55.2555259,25.1970686],[55.2556335,25.1970045],[55.2555602,25.1969036],[55.255628,25.1968632],[55.2555632,25.196774],[55.2554035,25.1968689],[55.2553877,25.1968783]]]}},{"type":"Feature","id":"osm-way-454904807","properties":{"building":"yes","osm_type":"way","osm_id":454904807,"height_m":12,"height_source":"type-estimate","height_is_estimated":true},"geometry":{"type":"Polygon","coordinates":[[[55.2552208,25.1971722],[55.2552913,25.1972673],[55.2554158,25.1971918],[55.2553453,25.1970967],[55.2552208,25.1971722]]]}},{"type":"Feature","id":"osm-way-455566776","properties":{"building":"yes","osm_type":"way","osm_id":455566776,"height_m":12,"height_source":"type-estimate","height_is_estimated":true},"geometry":{"type":"Polygon","coordinates":[[[55.2751931,25.2041869],[55.2750467,25.2039765],[55.2749803,25.2040144],[55.2751036,25.2041916],[55.2750649,25.2042137],[55.2750879,25.2042468],[55.2751931,25.2041869]]]}},{"type":"Feature","id":"osm-way-455576114","properties":{"building":"commercial","name":"HSBC Tower","start_date":"2018","osm_type":"way","osm_id":455576114,"height_m":20,"height_source":"type-estimate","height_is_estimated":true},"geometry":{"type":"Polygon","coordinates":[[[55.2731895,25.202561],[55.2733996,25.2025026],[55.273627,25.2023756],[55.273671,25.2023057],[55.2736328,25.202229],[55.273696,25.2021992],[55.2736809,25.2021743],[55.2737332,25.202148],[55.2735224,25.2017708],[55.2733937,25.2018292],[55.2733182,25.2016826],[55.2730286,25.2018235],[55.2729129,25.2018797],[55.2729463,25.2019472],[55.2728737,25.2019819],[55.2731895,25.202561]]]}},{"type":"Feature","id":"osm-way-455713318","properties":{"building":"yes","osm_type":"way","osm_id":455713318,"height_m":12,"height_source":"type-estimate","height_is_estimated":true},"geometry":{"type":"Polygon","coordinates":[[[55.2637249,25.1986633],[55.2638031,25.1987521],[55.2637575,25.1987851],[55.2636792,25.1986963],[55.2637249,25.1986633]]]}},{"type":"Feature","id":"osm-way-457690408","properties":{"building":"yes","name":"Fountain Substation","power":"substation","osm_type":"way","osm_id":457690408,"height_m":12,"height_source":"type-estimate","height_is_estimated":true},"geometry":{"type":"Polygon","coordinates":[[[55.2682409,25.1952219],[55.2684144,25.195121],[55.2686833,25.1954995],[55.2685099,25.1956004],[55.2682409,25.1952219]]]}},{"type":"Feature","id":"osm-way-461633432","properties":{"building":"yes","name":"The 9 Tower","osm_type":"way","osm_id":461633432,"height_m":12,"height_source":"type-estimate","height_is_estimated":true},"geometry":{"type":"Polygon","coordinates":[[[55.2721408,25.1869516],[55.2727597,25.1865329],[55.2724286,25.1861426],[55.2718259,25.1865746],[55.2721408,25.1869516]]]}},{"type":"Feature","id":"osm-way-475848632","properties":{"amenity":"theatre","building":"civic","building:levels":"5","email":"boxoffice@dubaiopera.com","height":"44","image":"https://photos.app.goo.gl/WyKZ51CZsCKMxN7v9","material":"glass","name":"دار دبي للأوبرا","name:ar":"دار دبي للأوبرا","name:en":"Dubai Opera","name:ml":"ദുബായ് ഓപ്പറ","name:sr":"Дубаи опера","name:uk":"Дубайська опера","phone":"+97144408888","roof:colour":"#B2CAD4","roof:levels":"0","start_date":"2016-08-31","website":"https://www.dubaiopera.com/","wheelchair":"yes","wikidata":"Q2913336","wikimedia_commons":"Category:Dubai Opera House","wikipedia":"ar:دار دبي للأوبرا","osm_type":"way","osm_id":475848632,"height_m":44,"height_source":"osm-height","height_is_estimated":false},"geometry":{"type":"Polygon","coordinates":[[[55.2724839,25.1957235],[55.2723944,25.1957858],[55.2723002,25.1958423],[55.2722019,25.1958927],[55.2720999,25.1959367],[55.2719948,25.1959741],[55.271887,25.1960048],[55.2717771,25.1960285],[55.2716656,25.1960453],[55.2714872,25.1960501],[55.2714424,25.1959798],[55.2714044,25.1959063],[55.2713766,25.1958287],[55.27135,25.1957519],[55.271334,25.195672],[55.2713256,25.1955912],[55.271325,25.1955101],[55.2714121,25.195447],[55.2714849,25.1954066],[55.2715611,25.1953719],[55.2716404,25.1953432],[55.271722,25.1953207],[55.2718055,25.1953045],[55.2718901,25.1952948],[55.2719754,25.1952916],[55.2720773,25.1952977],[55.2721784,25.1953102],[55.2722784,25.1953292],[55.2723766,25.1953545],[55.2724726,25.195386],[55.2725896,25.1954446],[55.2726164,25.1954722],[55.2726336,25.1955055],[55.2726399,25.1955419],[55.2726348,25.1955783],[55.2726187,25.1956121],[55.2725928,25.1956404],[55.2724839,25.1957235]]]}},{"type":"Feature","id":"osm-way-484101077","properties":{"building":"yes","building:levels":"12","start_date":"2006","osm_type":"way","osm_id":484101077,"height_m":38.400000000000006,"height_source":"osm-levels-estimate","height_is_estimated":true},"geometry":{"type":"Polygon","coordinates":[[[55.2662645,25.1948048],[55.2659695,25.1944782],[55.2662747,25.1942525],[55.2665697,25.194579],[55.2662645,25.1948048]]]}},{"type":"Feature","id":"osm-way-484101079","properties":{"building":"yes","osm_type":"way","osm_id":484101079,"height_m":12,"height_source":"type-estimate","height_is_estimated":true},"geometry":{"type":"Polygon","coordinates":[[[55.2673334,25.1932833],[55.2669403,25.1935157],[55.2671246,25.1937708],[55.2675176,25.1935384],[55.2673334,25.1932833]]]}},{"type":"Feature","id":"osm-way-496577125","properties":{"building":"residential","building:levels":"35","height":"150","name":"Burj Residences 8","name:en":"Burj Residences 8","start_date":"2007","osm_type":"way","osm_id":496577125,"height_m":150,"height_source":"osm-height","height_is_estimated":false},"geometry":{"type":"Polygon","coordinates":[[[55.2745578,25.1915778],[55.2745621,25.1915247],[55.2746096,25.1915271],[55.2746216,25.1914389],[55.2745194,25.1914276],[55.2745241,25.1913961],[55.2744278,25.1913871],[55.2744311,25.1913556],[55.2743878,25.1913527],[55.2743841,25.191389],[55.2743138,25.1913834],[55.2742977,25.1915515],[55.2745578,25.1915778]]]}},{"type":"Feature","id":"osm-way-501779147","properties":{"addr:city":"دبي","addr:city:ar":"دبي","addr:city:en":"Dubai","addr:city:ur":"دبئی","addr:street":"17 C Street","building":"yes","shop":"convenience","source":"Kaart Ground Survey 2017","osm_type":"way","osm_id":501779147,"height_m":12,"height_source":"type-estimate","height_is_estimated":true},"geometry":{"type":"Polygon","coordinates":[[[55.2603875,25.1995091],[55.2603953,25.1994645],[55.26044,25.1994434],[55.2604828,25.1994539],[55.2605068,25.1994856],[55.2604951,25.1995284],[55.2604575,25.1995484],[55.2604134,25.1995408],[55.2603875,25.1995091]]]}},{"type":"Feature","id":"osm-way-501779151","properties":{"addr:city":"دبي","addr:city:ar":"دبي","addr:city:en":"Dubai","addr:city:ur":"دبئی","addr:housenumber":"20","addr:street":"52 B Street","building":"house","source":"Kaart Ground Survey 2017","osm_type":"way","osm_id":501779151,"height_m":12,"height_source":"type-estimate","height_is_estimated":true},"geometry":{"type":"Polygon","coordinates":[[[55.2598812,25.1973235],[55.259755,25.1971954],[55.2597904,25.1971726],[55.2597995,25.1971651],[55.259815,25.1971804],[55.2598369,25.1971969],[55.2599132,25.1971903],[55.2599436,25.1971658],[55.2600025,25.1972256],[55.2598812,25.1973235]]]}},{"type":"Feature","id":"osm-way-501779152","properties":{"addr:city":"دبي","addr:city:ar":"دبي","addr:city:en":"Dubai","addr:city:ur":"دبئی","addr:housenumber":"5","addr:street":"36a Street","building":"house","source":"Kaart Ground Survey 2017","osm_type":"way","osm_id":501779152,"height_m":12,"height_source":"type-estimate","height_is_estimated":true},"geometry":{"type":"Polygon","coordinates":[[[55.2578725,25.2009402],[55.2578485,25.2009069],[55.2578357,25.2009145],[55.2578023,25.2008682],[55.2578152,25.2008605],[55.2577908,25.2008267],[55.2578862,25.2007703],[55.2578763,25.2007565],[55.257907,25.2007383],[55.2579217,25.2007586],[55.2579813,25.2007234],[55.258022,25.2007797],[55.2580387,25.2007699],[55.2580615,25.2008015],[55.2580388,25.200815],[55.2580983,25.2008974],[55.2580349,25.2009349],[55.2579989,25.200885],[55.2579598,25.2009081],[55.25795,25.2008944],[55.2578725,25.2009402]]]}},{"type":"Feature","id":"osm-way-501779153","properties":{"addr:city":"دبي","addr:city:ar":"دبي","addr:city:en":"Dubai","addr:city:ur":"دبئی","addr:housenumber":"3","addr:street":"36a Street","building":"house","source":"Kaart Ground Survey 2017","osm_type":"way","osm_id":501779153,"height_m":12,"height_source":"type-estimate","height_is_estimated":true},"geometry":{"type":"Polygon","coordinates":[[[55.2581607,25.2011862],[55.2581348,25.2011501],[55.2581178,25.2011601],[55.2580834,25.2011121],[55.2581005,25.201102],[55.2580661,25.2010542],[55.258184,25.2009848],[55.2582269,25.2010445],[55.2582788,25.2011167],[55.2581607,25.2011862]]]}},{"type":"Feature","id":"osm-way-501779154","properties":{"addr:city":"دبي","addr:city:ar":"دبي","addr:city:en":"Dubai","addr:city:ur":"دبئی","addr:housenumber":"1","addr:street":"36a Street","building":"house","source":"Kaart Ground Survey 2017","osm_type":"way","osm_id":501779154,"height_m":12,"height_source":"type-estimate","height_is_estimated":true},"geometry":{"type":"Polygon","coordinates":[[[55.2583203,25.2015625],[55.2582724,25.2014915],[55.2583416,25.2014532],[55.2583314,25.2014381],[55.2583411,25.2013978],[55.2583655,25.2013843],[55.2583257,25.2013252],[55.2584071,25.2012802],[55.2585223,25.2014509],[55.2583203,25.2015625]]]}},{"type":"Feature","id":"osm-way-501785583","properties":{"addr:city":"Jumeirah 1","addr:housenumber":"14","addr:street":"28b Street","amenity":"marketplace","building":"yes","name":"Neels Grocery","name:en":"Neels Grocery","source":"Kaart Ground Survey 2017","osm_type":"way","osm_id":501785583,"height_m":12,"height_source":"type-estimate","height_is_estimated":true},"geometry":{"type":"Polygon","coordinates":[[[55.2549011,25.1996467],[55.2548719,25.1996065],[55.2550261,25.1995148],[55.2551119,25.1995354],[55.2551657,25.1996017],[55.2551387,25.1996196],[55.2551195,25.1996872],[55.2550756,25.199677],[55.2550248,25.1998557],[55.254853,25.1998157],[55.2549011,25.1996467]]]}},{"type":"Feature","id":"osm-way-501785584","properties":{"addr:city":"Jumeirah 1","addr:housenumber":"9","addr:street":"Street 30a","building":"house","source":"Kaart Ground Survey 2017","osm_type":"way","osm_id":501785584,"height_m":12,"height_source":"type-estimate","height_is_estimated":true},"geometry":{"type":"Polygon","coordinates":[[[55.2563268,25.1992705],[55.2562531,25.1993172],[55.2562354,25.1993871],[55.256284,25.1994509],[55.2564062,25.1993745],[55.2563268,25.1992705]]]}},{"type":"Feature","id":"osm-way-501785585","properties":{"addr:city":"Jumeirah 1","addr:housenumber":"26","addr:street":"Street 25c","building":"house","source":"Kaart Ground Survey 2017","osm_type":"way","osm_id":501785585,"height_m":12,"height_source":"type-estimate","height_is_estimated":true},"geometry":{"type":"Polygon","coordinates":[[[55.2567605,25.1996397],[55.2567105,25.1995679],[55.2568475,25.1994874],[55.2569394,25.1996149],[55.2568842,25.1996544],[55.256866,25.1996364],[55.2568507,25.1996532],[55.2568014,25.1996459],[55.2567867,25.1996247],[55.2567605,25.1996397]]]}},{"type":"Feature","id":"osm-way-501785587","properties":{"addr:city":"Jumeirah 1","addr:housenumber":"50","addr:street":"Street 30a","building":"house","source":"Kaart Ground Survey 2017","osm_type":"way","osm_id":501785587,"height_m":12,"height_source":"type-estimate","height_is_estimated":true},"geometry":{"type":"Polygon","coordinates":[[[55.2564395,25.1997312],[55.2564898,25.1997907],[55.256538,25.1997979],[55.256618,25.1997449],[55.2565436,25.1996576],[55.2564395,25.1997312]]]}},{"type":"Feature","id":"osm-way-501785588","properties":{"addr:city":"Jumeirah 1","addr:housenumber":"26","addr:street":"Street 25c","building":"house","source":"Kaart Ground Survey 2017","osm_type":"way","osm_id":501785588,"height_m":12,"height_source":"type-estimate","height_is_estimated":true},"geometry":{"type":"Polygon","coordinates":[[[55.2563515,25.199037],[55.2564462,25.1989831],[55.2563511,25.1988463],[55.2562687,25.198831],[55.2561186,25.1989217],[55.2561777,25.1990017],[55.2562582,25.198953],[55.2562962,25.1989574],[55.2563515,25.199037]]]}},{"type":"Feature","id":"osm-way-501785589","properties":{"addr:city":"Jumeirah 1","addr:housenumber":"26a","addr:street":"27b Street","building":"house","source":"Kaart Ground Survey 2017","osm_type":"way","osm_id":501785589,"height_m":12,"height_source":"type-estimate","height_is_estimated":true},"geometry":{"type":"Polygon","coordinates":[[[55.256124,25.1977187],[55.2560347,25.1975766],[55.2559099,25.1976408],[55.2559992,25.1977829],[55.256124,25.1977187]]]}},{"type":"Feature","id":"osm-way-501792563","properties":{"addr:city":"Jumeirah 1","addr:housenumber":"14","addr:street":"Al Enjaaz Street","building":"house","building:levels":"2","height":"8","source":"Kaart Ground Survey 2017","osm_type":"way","osm_id":501792563,"height_m":8,"height_source":"osm-height","height_is_estimated":false},"geometry":{"type":"Polygon","coordinates":[[[55.2549035,25.2046554],[55.2548228,25.2045448],[55.2548431,25.2045012],[55.2549663,25.2044325],[55.2550231,25.2045158],[55.2549904,25.2045341],[55.2550124,25.2045664],[55.2549794,25.2045848],[55.2549933,25.2046052],[55.2549035,25.2046554]]]}},{"type":"Feature","id":"osm-way-501795065","properties":{"addr:city":"دبي","addr:city:ar":"دبي","addr:city:en":"Dubai","addr:city:ur":"دبئی","addr:housenumber":"18","addr:street":"Al Enjaaz Street","building":"house","building:levels":"2","height":"8","source":"Kaart Ground Survey 2017","osm_type":"way","osm_id":501795065,"height_m":8,"height_source":"osm-height","height_is_estimated":false},"geometry":{"type":"Polygon","coordinates":[[[55.2558816,25.2039967],[55.2559364,25.2039679],[55.2559202,25.2039428],[55.2559896,25.2039064],[55.255937,25.2038241],[55.2559738,25.2038048],[55.2559317,25.2037392],[55.2557707,25.2038236],[55.2558816,25.2039967]]]}},{"type":"Feature","id":"osm-way-501795066","properties":{"addr:city":"دبي","addr:city:ar":"دبي","addr:city:en":"Dubai","addr:city:ur":"دبئی","addr:housenumber":"20","addr:street":"Al Enjaaz Street","building":"house","building:levels":"2","height":"8","source":"Kaart Ground Survey 2017","osm_type":"way","osm_id":501795066,"height_m":8,"height_source":"osm-height","height_is_estimated":false},"geometry":{"type":"Polygon","coordinates":[[[55.2560551,25.2037904],[55.2561767,25.2037161],[55.2562529,25.2038183],[55.2563526,25.2037574],[55.2562279,25.2035902],[55.2561985,25.2035508],[55.2559772,25.2036859],[55.2560551,25.2037904]]]}},{"type":"Feature","id":"osm-way-501795067","properties":{"addr:city":"دبي","addr:city:ar":"دبي","addr:city:en":"Dubai","addr:city:ur":"دبئی","addr:housenumber":"24","addr:street":"Al Enjaaz Street","building":"house","building:levels":"2","height":"8","source":"Kaart Ground Survey 2017","osm_type":"way","osm_id":501795067,"height_m":8,"height_source":"osm-height","height_is_estimated":false},"geometry":{"type":"Polygon","coordinates":[[[55.2566667,25.2034609],[55.2566071,25.2033811],[55.2565727,25.2033349],[55.2566122,25.2033107],[55.2567319,25.2032376],[55.2568259,25.2033637],[55.2566667,25.2034609]]]}},{"type":"Feature","id":"osm-way-501795068","properties":{"addr:city":"دبي","addr:city:ar":"دبي","addr:city:en":"Dubai","addr:city:ur":"دبئی","addr:housenumber":"32","addr:street":"Al Enjaaz Street","building":"house","building:levels":"2","height":"8","source":"Kaart Ground Survey 2017","osm_type":"way","osm_id":501795068,"height_m":8,"height_source":"osm-height","height_is_estimated":false},"geometry":{"type":"Polygon","coordinates":[[[55.2576548,25.2028988],[55.2577121,25.2028676],[55.2577207,25.2028805],[55.257753,25.2028629],[55.2577453,25.2028513],[55.2578012,25.2028209],[55.2577264,25.2027085],[55.257581,25.2027876],[55.2576548,25.2028988]]]}},{"type":"Feature","id":"osm-way-501795069","properties":{"addr:city":"دبي","addr:city:ar":"دبي","addr:city:en":"Dubai","addr:city:ur":"دبئی","addr:housenumber":"309","addr:street":"Al Enjaaz Street","building":"house","building:levels":"2","height":"8","source":"Kaart Ground Survey 2017","osm_type":"way","osm_id":501795069,"height_m":8,"height_source":"osm-height","height_is_estimated":false},"geometry":{"type":"Polygon","coordinates":[[[55.2574111,25.2030021],[55.2575026,25.2029524],[55.2575313,25.2029956],[55.2575825,25.2029677],[55.2574813,25.2028154],[55.2574258,25.2028456],[55.2574385,25.2028647],[55.2573513,25.2029121],[55.2574111,25.2030021]]]}},{"type":"Feature","id":"osm-way-501795070","properties":{"addr:city":"دبي","addr:city:ar":"دبي","addr:city:en":"Dubai","addr:city:ur":"دبئی","addr:housenumber":"46","addr:street":"Al Enjaaz Street","building":"house","building:levels":"2","height":"8","source":"Kaart Ground Survey 2017","osm_type":"way","osm_id":501795070,"height_m":8,"height_source":"osm-height","height_is_estimated":false},"geometry":{"type":"Polygon","coordinates":[[[55.2599689,25.2015963],[55.2600078,25.2015728],[55.260014,25.2015812],[55.2600536,25.2015573],[55.260045,25.2015457],[55.2600808,25.2015241],[55.2600599,25.2014958],[55.260051,25.2015012],[55.2600109,25.2014468],[55.2599219,25.2015004],[55.2599412,25.2015265],[55.2599248,25.2015364],[55.2599689,25.2015963]]]}},{"type":"Feature","id":"osm-way-501795071","properties":{"addr:city":"دبي","addr:city:ar":"دبي","addr:city:en":"Dubai","addr:city:ur":"دبئی","addr:housenumber":"48","addr:street":"Al Enjaaz Street","building":"yes","building:levels":"1","height":"4","source":"Kaart Ground Survey 2017","osm_type":"way","osm_id":501795071,"height_m":4,"height_source":"osm-height","height_is_estimated":false},"geometry":{"type":"Polygon","coordinates":[[[55.2601692,25.2015867],[55.260344,25.2014898],[55.2603303,25.2014696],[55.2602945,25.2014168],[55.2602119,25.2012949],[55.2600372,25.2013918],[55.2601692,25.2015867]]]}},{"type":"Feature","id":"osm-way-501795072","properties":{"addr:city":"دبي","addr:city:ar":"دبي","addr:city:en":"Dubai","addr:city:ur":"دبئی","addr:housenumber":"50","addr:street":"Al Enjaaz Street","building":"house","building:levels":"2","height":"8","source":"Kaart Ground Survey 2017","osm_type":"way","osm_id":501795072,"height_m":8,"height_source":"osm-height","height_is_estimated":false},"geometry":{"type":"Polygon","coordinates":[[[55.2603868,25.2012717],[55.2604297,25.2012608],[55.2604811,25.2012265],[55.2604408,25.2011657],[55.2603969,25.2010861],[55.2602304,25.2011758],[55.2602583,25.2012183],[55.2602763,25.2012089],[55.2602967,25.2012477],[55.260342,25.2012764],[55.2603868,25.2012717]]]}},{"type":"Feature","id":"osm-way-501795073","properties":{"addr:city":"دبي","addr:city:ar":"دبي","addr:city:en":"Dubai","addr:city:ur":"دبئی","addr:street":"Al Enjaaz Street","building":"apartments","building:levels":"7","height":"28","source":"Kaart Ground Survey 2017","osm_type":"way","osm_id":501795073,"height_m":28,"height_source":"osm-height","height_is_estimated":false},"geometry":{"type":"Polygon","coordinates":[[[55.2617571,25.2019586],[55.2614316,25.2014663],[55.2616015,25.2013743],[55.2616288,25.2014156],[55.2618431,25.2012997],[55.261827,25.2012754],[55.2619929,25.2011857],[55.2623104,25.201666],[55.2621439,25.2017561],[55.2618926,25.201376],[55.2616761,25.2014932],[55.261924,25.2018683],[55.2617571,25.2019586]]]}},{"type":"Feature","id":"osm-way-501800049","properties":{"addr:city":"دبي","addr:city:ar":"دبي","addr:city:en":"Dubai","addr:city:ur":"دبئی","addr:street":"Al Salam Street","building":"yes","building:levels":"7","height":"28","name":"City Walk Building 15","osm_type":"way","osm_id":501800049,"height_m":28,"height_source":"osm-height","height_is_estimated":false},"geometry":{"type":"Polygon","coordinates":[[[55.2618994,25.2022776],[55.2617518,25.2020544],[55.2619136,25.2019668],[55.2619694,25.2020512],[55.2622312,25.2019094],[55.2621817,25.2018347],[55.2623365,25.2017509],[55.2624777,25.2019644],[55.2618994,25.2022776]]]}},{"type":"Feature","id":"osm-way-501800050","properties":{"addr:city":"دبي","addr:city:ar":"دبي","addr:city:en":"Dubai","addr:city:ur":"دبئی","addr:street":"Al Raya Street","building":"commercial","building:levels":"6","height":"24","source":"Kaart Ground Survey 2017","osm_type":"way","osm_id":501800050,"height_m":24,"height_source":"osm-height","height_is_estimated":false},"geometry":{"type":"Polygon","coordinates":[[[55.26279,25.2037281],[55.2624623,25.2032116],[55.2628365,25.203001],[55.262984,25.2029214],[55.2631336,25.2031481],[55.263054,25.2031911],[55.2630829,25.2032349],[55.2631738,25.2031858],[55.2632832,25.2033515],[55.2633389,25.203436],[55.26279,25.2037281]]]}},{"type":"Feature","id":"osm-way-501800051","properties":{"addr:city":"دبي","addr:city:ar":"دبي","addr:city:en":"Dubai","addr:city:ur":"دبئی","addr:street":"Al Salam Street","building":"apartments","building:levels":"7","height":"28","source":"Kaart Ground Survey 2017","osm_type":"way","osm_id":501800051,"height_m":28,"height_source":"osm-height","height_is_estimated":false},"geometry":{"type":"Polygon","coordinates":[[[55.2632144,25.2042274],[55.2630253,25.2039477],[55.2630174,25.2039521],[55.2628834,25.2037539],[55.2634463,25.2034423],[55.2635774,25.2036364],[55.2637732,25.203926],[55.2635945,25.2040249],[55.2633412,25.2036503],[55.2631282,25.2037682],[55.2633776,25.204137],[55.2632144,25.2042274]]]}},{"type":"Feature","id":"osm-way-501800052","properties":{"addr:city":"دبي","addr:city:ar":"دبي","addr:city:en":"Dubai","addr:city:ur":"دبئی","addr:street":"Al Noor Street","building":"yes","building:levels":"7","height":"28","source":"Kaart Ground Survey 2017","osm_type":"way","osm_id":501800052,"height_m":28,"height_source":"osm-height","height_is_estimated":false},"geometry":{"type":"Polygon","coordinates":[[[55.2606754,25.2026545],[55.2607215,25.2027253],[55.2608201,25.2026728],[55.2608569,25.2027293],[55.2607562,25.202783],[55.260938,25.2030624],[55.2611614,25.2029434],[55.2608968,25.2025366],[55.2606754,25.2026545]]]}},{"type":"Feature","id":"osm-way-501800053","properties":{"addr:city":"دبي","addr:city:ar":"دبي","addr:city:en":"Dubai","addr:city:ur":"دبئی","addr:housenumber":"11A","addr:street":"Al Noor Street","building":"commercial","building:levels":"5","height":"20","source":"Kaart Ground Survey 2017","osm_type":"way","osm_id":501800053,"height_m":20,"height_source":"osm-height","height_is_estimated":false},"geometry":{"type":"Polygon","coordinates":[[[55.2616061,25.204067],[55.2616502,25.2041331],[55.2617456,25.2042759],[55.262308,25.2039684],[55.2621691,25.2037605],[55.26203,25.2038365],[55.2620759,25.2039052],[55.2618055,25.2040531],[55.2617589,25.2039834],[55.2616061,25.204067]]]}},{"type":"Feature","id":"osm-way-501800054","properties":{"addr:city":"دبي","addr:city:ar":"دبي","addr:city:en":"Dubai","addr:city:ur":"دبئی","addr:street":"Al Raya Street","building":"commercial","building:levels":"5","height":"20","source":"Kaart Ground Survey 2017","osm_type":"way","osm_id":501800054,"height_m":20,"height_source":"osm-height","height_is_estimated":false},"geometry":{"type":"Polygon","coordinates":[[[55.2615579,25.2039999],[55.2614991,25.2039119],[55.2614184,25.203791],[55.2619808,25.2034835],[55.2621196,25.2036914],[55.2619806,25.2037675],[55.2619347,25.2036988],[55.2616643,25.2038467],[55.2617108,25.2039163],[55.2615579,25.2039999]]]}},{"type":"Feature","id":"osm-way-501800055","properties":{"addr:city":"دبي","addr:city:ar":"دبي","addr:city:en":"Dubai","addr:city:ur":"دبئی","addr:street":"Al Noor Street","building":"commercial","building:levels":"7","height":"28","source":"Kaart Ground Survey 2017","osm_type":"way","osm_id":501800055,"height_m":28,"height_source":"osm-height","height_is_estimated":false},"geometry":{"type":"Polygon","coordinates":[[[55.2618493,25.2046345],[55.261793,25.2045543],[55.2618173,25.2045403],[55.261803,25.20452],[55.2623584,25.2042012],[55.2627084,25.2047003],[55.2625288,25.2048035],[55.2625011,25.2047641],[55.2624412,25.2047987],[55.2623631,25.204688],[55.2623871,25.204674],[55.2623062,25.2045602],[55.2623633,25.2045269],[55.2623251,25.2044732],[55.2620786,25.2046172],[55.2622907,25.2049143],[55.262107,25.2050215],[55.2620654,25.2049631],[55.2620852,25.2049516],[55.2620367,25.2048835],[55.2620199,25.2048932],[55.2619782,25.2048345],[55.2619955,25.2048245],[55.2619485,25.2047582],[55.2619312,25.2047682],[55.26189,25.2047098],[55.2619153,25.2046952],[55.2618658,25.204625],[55.2618493,25.2046345]]]}},{"type":"Feature","id":"osm-way-501800056","properties":{"addr:city":"دبي","addr:city:ar":"دبي","addr:city:en":"Dubai","addr:city:ur":"دبئی","addr:street":"Al Madina Street","building":"commercial","building:levels":"7","height":"28","source":"Kaart Ground Survey 2017","osm_type":"way","osm_id":501800056,"height_m":28,"height_source":"osm-height","height_is_estimated":false},"geometry":{"type":"Polygon","coordinates":[[[55.2624565,25.20554],[55.262365,25.2054019],[55.2623476,25.2054114],[55.2621241,25.2050741],[55.2623539,25.2049494],[55.2624712,25.2051265],[55.2624316,25.205148],[55.2625301,25.2052967],[55.2628041,25.2051481],[55.2627553,25.2050745],[55.2626809,25.2051148],[55.2626051,25.2050005],[55.2625846,25.2050117],[55.2625236,25.2049197],[55.2625536,25.2049034],[55.2625207,25.2048539],[55.2626965,25.2047585],[55.2630007,25.2052175],[55.2627476,25.2053549],[55.2627608,25.2053749],[55.2624565,25.20554]]]}},{"type":"Feature","id":"osm-way-501800057","properties":{"addr:city":"دبي","addr:city:ar":"دبي","addr:city:en":"Dubai","addr:city:ur":"دبئی","addr:street":"Al Madina Street","building":"commercial","building:levels":"5","height":"20","source":"Kaart Ground Survey 2017","osm_type":"way","osm_id":501800057,"height_m":20,"height_source":"osm-height","height_is_estimated":false},"geometry":{"type":"Polygon","coordinates":[[[55.2635033,25.2046901],[55.2635966,25.2048271],[55.2636641,25.2047894],[55.2637091,25.2048555],[55.2639755,25.204707],[55.2641163,25.2046286],[55.2640994,25.2046038],[55.2641648,25.2045673],[55.2640619,25.2044161],[55.263983,25.2044601],[55.2639646,25.204433],[55.2635033,25.2046901]]]}},{"type":"Feature","id":"osm-way-502103477","properties":{"addr:city":"دبي","addr:city:ar":"دبي","addr:city:en":"Dubai","addr:city:ur":"دبئی","addr:housenumber":"28","addr:street":"Street 15c","building":"house","source":"Kaart Ground Survey 2017","osm_type":"way","osm_id":502103477,"height_m":12,"height_source":"type-estimate","height_is_estimated":true},"geometry":{"type":"Polygon","coordinates":[[[55.2626048,25.1991404],[55.2624781,25.1990074],[55.2624965,25.1989931],[55.2625923,25.1989184],[55.262719,25.1990514],[55.2626048,25.1991404]]]}},{"type":"Feature","id":"osm-way-502103478","properties":{"addr:city":"دبي","addr:city:ar":"دبي","addr:city:en":"Dubai","addr:city:ur":"دبئی","addr:housenumber":"26","addr:street":"Street 15c","building":"house","source":"Kaart Ground Survey 2017","osm_type":"way","osm_id":502103478,"height_m":12,"height_source":"type-estimate","height_is_estimated":true},"geometry":{"type":"Polygon","coordinates":[[[55.2624313,25.1993089],[55.2624688,25.1992775],[55.2624568,25.1992657],[55.2624803,25.199246],[55.2625034,25.1992687],[55.2625425,25.199236],[55.2624344,25.19913],[55.2623602,25.1991921],[55.2623999,25.199231],[55.262374,25.1992527],[55.2624313,25.1993089]]]}},{"type":"Feature","id":"osm-way-502103479","properties":{"addr:city":"دبي","addr:city:ar":"دبي","addr:city:en":"Dubai","addr:city:ur":"دبئی","addr:housenumber":"13","addr:street":"52b Street","building":"house","source":"Kaart Ground Survey 2017","osm_type":"way","osm_id":502103479,"height_m":12,"height_source":"type-estimate","height_is_estimated":true},"geometry":{"type":"Polygon","coordinates":[[[55.261409,25.1978528],[55.2613431,25.197905],[55.2613102,25.197871],[55.2612986,25.1978801],[55.261279,25.1978598],[55.2612898,25.1978512],[55.2612505,25.1978106],[55.2613569,25.1977263],[55.2613759,25.1977112],[55.2614237,25.1977606],[55.2614609,25.1977991],[55.2614022,25.1978456],[55.261409,25.1978528]]]}},{"type":"Feature","id":"osm-way-502103480","properties":{"addr:city":"دبي","addr:city:ar":"دبي","addr:city:en":"Dubai","addr:city:ur":"دبئی","addr:housenumber":"15","addr:street":"52b Street","building":"house","source":"Kaart Ground Survey 2017","osm_type":"way","osm_id":502103480,"height_m":12,"height_source":"type-estimate","height_is_estimated":true},"geometry":{"type":"Polygon","coordinates":[[[55.2611475,25.1977308],[55.261086,25.1976681],[55.2611022,25.1976551],[55.2610331,25.1975847],[55.2610456,25.1975746],[55.2611399,25.1974988],[55.261189,25.1975489],[55.2611608,25.1975715],[55.2612424,25.1976545],[55.2611475,25.1977308]]]}},{"type":"Feature","id":"osm-way-502108229","properties":{"addr:city":"دبي","addr:city:ar":"دبي","addr:city:en":"Dubai","addr:city:ur":"دبئی","addr:housenumber":"20","addr:street":"15b Street","building":"house","building:levels":"2","height":"8","source":"Kaart Ground Survey 2017","osm_type":"way","osm_id":502108229,"height_m":8,"height_source":"osm-height","height_is_estimated":false},"geometry":{"type":"Polygon","coordinates":[[[55.2578481,25.2019625],[55.2577569,25.2018367],[55.2577094,25.2018648],[55.257685,25.2018311],[55.2576291,25.2018643],[55.2576502,25.2018934],[55.2576182,25.2019124],[55.2577127,25.2020428],[55.2578481,25.2019625]]]}},{"type":"Feature","id":"osm-way-502108230","properties":{"addr:city":"دبي","addr:city:ar":"دبي","addr:city:en":"Dubai","addr:city:ur":"دبئی","addr:housenumber":"18","addr:street":"15b Street","building":"house","building:levels":"2","height":"8","source":"Kaart Ground Survey 2017","osm_type":"way","osm_id":502108230,"height_m":8,"height_source":"osm-height","height_is_estimated":false},"geometry":{"type":"Polygon","coordinates":[[[55.2574608,25.202071],[55.2574237,25.2020944],[55.257387,25.2020874],[55.2573647,25.2020592],[55.2573622,25.2020207],[55.2574455,25.2019654],[55.2574718,25.2019997],[55.2575305,25.2019627],[55.257556,25.2019958],[55.2575292,25.2020127],[55.2575681,25.2020633],[55.2574918,25.2021114],[55.2574608,25.202071]]]}},{"type":"Feature","id":"osm-way-502108231","properties":{"addr:city":"دبي","addr:city:ar":"دبي","addr:city:en":"Dubai","addr:city:ur":"دبئی","addr:housenumber":"10","addr:street":"15b Street","building":"house","building:levels":"2","height":"6","source":"Kaart Ground Survey 2017","osm_type":"way","osm_id":502108231,"height_m":6,"height_source":"osm-height","height_is_estimated":false},"geometry":{"type":"Polygon","coordinates":[[[55.2556709,25.2031299],[55.2557216,25.2030993],[55.2556497,25.2030016],[55.2555497,25.203062],[55.2555971,25.2031263],[55.2556323,25.2031051],[55.2556434,25.20312],[55.2556574,25.2031116],[55.2556709,25.2031299]]]}},{"type":"Feature","id":"osm-way-502108232","properties":{"addr:city":"دبي","addr:city:ar":"دبي","addr:city:en":"Dubai","addr:city:ur":"دبئی","addr:street":"16a Street","building":"house","building:levels":"2","height":"6","source":"Kaart Ground Survey 2017","osm_type":"way","osm_id":502108232,"height_m":6,"height_source":"osm-height","height_is_estimated":false},"geometry":{"type":"Polygon","coordinates":[[[55.2552947,25.2025916],[55.2551889,25.2024408],[55.255325,25.2023626],[55.2554308,25.2025135],[55.2552947,25.2025916]]]}},{"type":"Feature","id":"osm-way-502108233","properties":{"addr:city":"دبي","addr:city:ar":"دبي","addr:city:en":"Dubai","addr:city:ur":"دبئی","addr:housenumber":"11","addr:street":"21b Street","building":"house","source":"Kaart Ground Survey 2017","osm_type":"way","osm_id":502108233,"height_m":12,"height_source":"type-estimate","height_is_estimated":true},"geometry":{"type":"Polygon","coordinates":[[[55.2550241,25.201278],[55.254994,25.2012367],[55.2549766,25.2012472],[55.2549541,25.2012165],[55.2549763,25.2012033],[55.2549442,25.2011594],[55.2550664,25.2010862],[55.2551555,25.201208],[55.2551136,25.201233],[55.2550991,25.2012132],[55.2550708,25.2012301],[55.255081,25.2012439],[55.2550241,25.201278]]]}},{"type":"Feature","id":"osm-way-502108236","properties":{"addr:city":"دبي","addr:city:ar":"دبي","addr:city:en":"Dubai","addr:city:ur":"دبئی","addr:housenumber":"10","addr:street":"21b Street","building":"house","source":"Kaart Ground Survey 2017","osm_type":"way","osm_id":502108236,"height_m":12,"height_source":"type-estimate","height_is_estimated":true},"geometry":{"type":"Polygon","coordinates":[[[55.2555549,25.2008928],[55.2554775,25.2008743],[55.2554626,25.20092],[55.255471,25.200933],[55.2554558,25.2009703],[55.2555204,25.2009918],[55.2555244,25.2009821],[55.255565,25.2009956],[55.2555924,25.2009284],[55.2556637,25.2009521],[55.2556893,25.2008893],[55.2556404,25.2008686],[55.2556226,25.2008467],[55.2555774,25.2008358],[55.2555549,25.2008928]]]}},{"type":"Feature","id":"osm-way-502108238","properties":{"addr:city":"دبي","addr:city:ar":"دبي","addr:city:en":"Dubai","addr:city:ur":"دبئی","addr:housenumber":"13","addr:street":"28b Street","building":"house","source":"Kaart Ground Survey 2017","osm_type":"way","osm_id":502108238,"height_m":12,"height_source":"type-estimate","height_is_estimated":true},"geometry":{"type":"Polygon","coordinates":[[[55.2557565,25.1995019],[55.2557082,25.19943],[55.2557251,25.1994207],[55.2556856,25.1993619],[55.2557908,25.199304],[55.2558347,25.1993693],[55.25586,25.1993811],[55.2558714,25.199389],[55.2558795,25.1994073],[55.2558767,25.1994263],[55.2559155,25.1994841],[55.2558088,25.1995428],[55.2557746,25.1994919],[55.2557565,25.1995019]]]}},{"type":"Feature","id":"osm-way-502108239","properties":{"addr:city":"دبي","addr:city:ar":"دبي","addr:city:en":"Dubai","addr:city:ur":"دبئی","addr:housenumber":"16","addr:street":"Street 30a","building":"house","source":"Kaart Ground Survey 2017","osm_type":"way","osm_id":502108239,"height_m":12,"height_source":"type-estimate","height_is_estimated":true},"geometry":{"type":"Polygon","coordinates":[[[55.2552874,25.1989133],[55.2554215,25.1988399],[55.2553893,25.1987811],[55.2553517,25.1987471],[55.2552921,25.1987247],[55.2552398,25.1987259],[55.2552143,25.1986967],[55.2551707,25.198724],[55.2552149,25.198792],[55.2552049,25.1987993],[55.2552874,25.1989133]]]}},{"type":"Feature","id":"osm-way-502108240","properties":{"addr:city":"دبي","addr:city:ar":"دبي","addr:city:en":"Dubai","addr:city:ur":"دبئی","addr:housenumber":"27","addr:street":"Street 25c","building":"house","source":"Kaart Ground Survey 2017","osm_type":"way","osm_id":502108240,"height_m":12,"height_source":"type-estimate","height_is_estimated":true},"geometry":{"type":"Polygon","coordinates":[[[55.2573086,25.1995105],[55.2572043,25.199369],[55.257316,25.1993016],[55.2573398,25.1992872],[55.2573501,25.199301],[55.2574442,25.1994287],[55.2573086,25.1995105]]]}},{"type":"Feature","id":"osm-way-502108241","properties":{"addr:city":"دبي","addr:city:ar":"دبي","addr:city:en":"Dubai","addr:city:ur":"دبئی","addr:housenumber":"31","addr:street":"25c Street","building":"house","source":"Kaart Ground Survey 2017","osm_type":"way","osm_id":502108241,"height_m":12,"height_source":"type-estimate","height_is_estimated":true},"geometry":{"type":"Polygon","coordinates":[[[55.256984,25.1991331],[55.2569527,25.1991104],[55.2569498,25.1990863],[55.2569592,25.1990562],[55.2569157,25.1990435],[55.2568975,25.1990162],[55.256901,25.1989861],[55.2569304,25.1989642],[55.2569645,25.1989672],[55.2570154,25.1989334],[55.2570722,25.1988949],[55.257182,25.1990404],[55.2571056,25.1990956],[55.2570865,25.1990736],[55.2570233,25.1991302],[55.256984,25.1991331]]]}},{"type":"Feature","id":"osm-way-502108242","properties":{"addr:city":"دبي","addr:city:ar":"دبي","addr:city:en":"Dubai","addr:city:ur":"دبئی","addr:housenumber":"35","addr:street":"25c Street","building":"house","source":"Kaart Ground Survey 2017","osm_type":"way","osm_id":502108242,"height_m":12,"height_source":"type-estimate","height_is_estimated":true},"geometry":{"type":"Polygon","coordinates":[[[55.2566409,25.1986167],[55.2566713,25.1985978],[55.2567178,25.1986054],[55.2567451,25.1986364],[55.2568073,25.1985945],[55.2567935,25.1985739],[55.2568408,25.1985479],[55.2568149,25.1985095],[55.2568352,25.1984983],[55.2567841,25.1984223],[55.2566875,25.1984754],[55.2566745,25.1984562],[55.2566338,25.198479],[55.2565971,25.1984982],[55.2566266,25.1985421],[55.2565952,25.1985594],[55.2566409,25.1986167]]]}},{"type":"Feature","id":"osm-way-502111618","properties":{"addr:city":"دبي","addr:city:ar":"دبي","addr:city:en":"Dubai","addr:city:ur":"دبئی","addr:housenumber":"25","addr:street":"27b Street","building":"house","source":"Kaart Ground Survey 2017","osm_type":"way","osm_id":502111618,"height_m":12,"height_source":"type-estimate","height_is_estimated":true},"geometry":{"type":"Polygon","coordinates":[[[55.2561526,25.198145],[55.2561979,25.1981178],[55.256207,25.1981304],[55.2562284,25.1981175],[55.2562202,25.1981064],[55.2562655,25.1980792],[55.2563177,25.1981504],[55.2562884,25.198168],[55.25631,25.1981975],[55.2562274,25.1982471],[55.2561526,25.198145]]]}},{"type":"Feature","id":"osm-way-502111619","properties":{"addr:city":"Jumeirah 1","addr:housenumber":"7","addr:street":"36b Street","building":"house","source":"Kaart Ground Survey 2017","osm_type":"way","osm_id":502111619,"height_m":12,"height_source":"type-estimate","height_is_estimated":true},"geometry":{"type":"Polygon","coordinates":[[[55.2549765,25.1962827],[55.2549377,25.1962266],[55.2549399,25.1962126],[55.2549011,25.1961571],[55.2550319,25.1960777],[55.2550417,25.1960915],[55.2550851,25.196153],[55.2551023,25.1961806],[55.2551291,25.1961982],[55.2551372,25.1962236],[55.2551258,25.1962491],[55.2550873,25.1962527],[55.255043,25.1962797],[55.2550297,25.1962757],[55.2550024,25.1962892],[55.2549765,25.1962827]]]}},{"type":"Feature","id":"osm-way-502122686","properties":{"addr:city":"دبي","addr:city:ar":"دبي","addr:city:en":"Dubai","addr:city:ur":"دبئی","addr:street":"Al Dorar Street","building":"yes","building:levels":"7","height":"28","source":"Kaart Ground Survey 2017","osm_type":"way","osm_id":502122686,"height_m":28,"height_source":"osm-height","height_is_estimated":false},"geometry":{"type":"Polygon","coordinates":[[[55.2613135,25.2028536],[55.2611336,25.2025837],[55.2611542,25.2025724],[55.2611122,25.2025094],[55.2610838,25.2025249],[55.2610361,25.2024533],[55.2612626,25.2023297],[55.2613127,25.2024049],[55.2612119,25.20246],[55.2612523,25.2025206],[55.2613444,25.2024704],[55.2615235,25.2027391],[55.2613135,25.2028536]]]}},{"type":"Feature","id":"osm-way-502122687","properties":{"addr:city":"دبي","addr:city:ar":"دبي","addr:city:en":"Dubai","addr:city:ur":"دبئی","addr:street":"Al Raya Street","building":"yes","building:levels":"7","height":"28","source":"Kaart Ground Survey 2017","osm_type":"way","osm_id":502122687,"height_m":28,"height_source":"osm-height","height_is_estimated":false},"geometry":{"type":"Polygon","coordinates":[[[55.2616925,25.2031028],[55.2616163,25.2029891],[55.2615361,25.2030331],[55.2615112,25.2029959],[55.261477,25.2030146],[55.2614608,25.2029904],[55.2612176,25.2031238],[55.2612326,25.2031462],[55.2611635,25.2031841],[55.2611788,25.203207],[55.2610796,25.2032614],[55.2611838,25.203417],[55.2612772,25.2033657],[55.2612847,25.2033769],[55.261659,25.2031716],[55.2616343,25.2031347],[55.2616925,25.2031028]]]}},{"type":"Feature","id":"osm-way-502122688","properties":{"addr:city":"دبي","addr:city:ar":"دبي","addr:city:en":"Dubai","addr:city:ur":"دبئی","addr:street":"Al Madina Street","building":"yes","building:levels":"7","height":"28","source":"Kaart Ground Survey 2017","osm_type":"way","osm_id":502122688,"height_m":28,"height_source":"osm-height","height_is_estimated":false},"geometry":{"type":"Polygon","coordinates":[[[55.2639896,25.2054368],[55.2638327,25.2052056],[55.2644156,25.2048818],[55.2645782,25.2051216],[55.2644087,25.2052157],[55.26436,25.2051439],[55.2641073,25.2052842],[55.2641502,25.2053476],[55.2639896,25.2054368]]]}},{"type":"Feature","id":"osm-way-525000567","properties":{"amenity":"parking","building":"yes","building:levels":"10","parking":"multi-storey","start_date":"2018","osm_type":"way","osm_id":525000567,"height_m":32,"height_source":"osm-levels-estimate","height_is_estimated":true},"geometry":{"type":"Polygon","coordinates":[[[55.2676892,25.1979444],[55.2680165,25.1977332],[55.2678513,25.1975237],[55.2675241,25.1977349],[55.2676892,25.1979444]]]}},{"type":"Feature","id":"osm-way-525000568","properties":{"building":"yes","building:levels":"52","height":"171","name":"JAM Tower","start_date":"2018","osm_type":"way","osm_id":525000568,"height_m":171,"height_source":"osm-height","height_is_estimated":false},"geometry":{"type":"Polygon","coordinates":[[[55.2672367,25.1982143],[55.2675152,25.1980367],[55.267338,25.1978091],[55.2670595,25.1979867],[55.2672367,25.1982143]]]}},{"type":"Feature","id":"osm-way-525212029","properties":{"addr:city":"دبي","addr:city:ar":"دبي","addr:city:en":"Dubai","addr:city:ur":"دبئی","building":"commercial","building:levels":"5","building:part":"yes","name":"ذا كورت","name:ar":"ذا كورت","name:en":"The Court","name:fr":"The Court","start_date":"2010","osm_type":"way","osm_id":525212029,"height_m":16,"height_source":"osm-levels-estimate","height_is_estimated":true},"geometry":{"type":"Polygon","coordinates":[[[55.2590934,25.1848269],[55.258868,25.1849765],[55.2587009,25.1849536],[55.2585923,25.1850156],[55.2582728,25.184558],[55.2586134,25.1843633],[55.2587352,25.1842965],[55.2590934,25.1848269]]]}},{"type":"Feature","id":"osm-way-532828992","properties":{"building":"commercial","building:levels":"34","height":"150","name":"Park Lane Tower","name:en":"Park Lane Tower","start_date":"2016","wikidata":"Q16251624","wikipedia":"en:Park Lane Tower","osm_type":"way","osm_id":532828992,"height_m":150,"height_source":"osm-height","height_is_estimated":false},"geometry":{"type":"Polygon","coordinates":[[[55.2622241,25.185258],[55.2622158,25.1852771],[55.2622052,25.1853016],[55.2622419,25.1853348],[55.2621685,25.1853699],[55.2621815,25.1853894],[55.262135,25.185408],[55.2621982,25.1855347],[55.2614919,25.1858354],[55.2614041,25.1856099],[55.2613239,25.1853897],[55.2619847,25.1851236],[55.2620133,25.1851891],[55.2620611,25.1851677],[55.2620658,25.1851993],[55.2621649,25.1851781],[55.2621649,25.1852492],[55.2622241,25.185258]]]}},{"type":"Feature","id":"osm-way-532829000","properties":{"building":"yes","building:levels":"19","contact:email":"cro@damacmaison.com","contact:phone":"+971 56 177 01 17;+971 44 449 111;+971 80 062 47 66","name":"داماك ميزون كور جاردان شقق فندقية","name:en":"DAMAC Maison Cour Jardin","start_date":"2015","website":"https://www.damachotelsandresorts.com/","wikidata":"Q111150300","osm_type":"way","osm_id":532829000,"height_m":60.800000000000004,"height_source":"osm-levels-estimate","height_is_estimated":true},"geometry":{"type":"Polygon","coordinates":[[[55.2672217,25.1877937],[55.2672799,25.1875455],[55.2673959,25.1875678],[55.2674552,25.1873146],[55.2677077,25.1873631],[55.2676403,25.1876504],[55.2677177,25.1876653],[55.2676763,25.187842],[55.2676037,25.1878281],[55.267595,25.1878653],[55.2672217,25.1877937]]]}},{"type":"Feature","id":"osm-way-532829006","properties":{"building":"yes","building:levels":"25","height":"120","name":"Bay's Edge Tower","name:en":"Bay's Edge Tower","start_date":"2016","osm_type":"way","osm_id":532829006,"height_m":120,"height_source":"osm-height","height_is_estimated":false},"geometry":{"type":"Polygon","coordinates":[[[55.269611,25.1880692],[55.2695804,25.1878488],[55.2696083,25.1877021],[55.2696499,25.1875892],[55.2697518,25.1875189],[55.2698618,25.1875261],[55.2699691,25.187605],[55.2700363,25.1877101],[55.2700885,25.187838],[55.2701245,25.1879696],[55.270024,25.1879945],[55.2699618,25.1878406],[55.2698994,25.1877347],[55.2698044,25.1876832],[55.2697411,25.1877516],[55.2697049,25.1878453],[55.2697232,25.188057],[55.269611,25.1880692]]]}},{"type":"Feature","id":"osm-way-532829007","properties":{"building":"yes","building:levels":"23","height":"101","name":"Blue Bay Tower","name:en":"Blue Bay Tower","start_date":"2012","osm_type":"way","osm_id":532829007,"height_m":101,"height_source":"osm-height","height_is_estimated":false},"geometry":{"type":"Polygon","coordinates":[[[55.270996,25.1877096],[55.2708156,25.1877885],[55.2706438,25.1878229],[55.2705809,25.1878297],[55.2704838,25.1878403],[55.2704045,25.1876547],[55.2705623,25.1875423],[55.2707076,25.1874778],[55.2708678,25.1874431],[55.2710075,25.1874446],[55.2710804,25.1876116],[55.270996,25.1877096]]]}},{"type":"Feature","id":"osm-way-532829008","properties":{"brand":"Pullman","brand:wikidata":"Q20088908","brand:wikipedia":"en:Pullman Hotels and Resorts","building":"yes","building:levels":"22","building:part":"yes","height":"80","name":"Pullman Dubai Downtown","not:brand:wikidata":"Q3410757","old_name":"Steigenberger","start_date":"2012","tourism":"hotel","osm_type":"way","osm_id":532829008,"height_m":80,"height_source":"osm-height","height_is_estimated":false},"geometry":{"type":"Polygon","coordinates":[[[55.2715845,25.1872962],[55.2713215,25.186953],[55.2716605,25.1867253],[55.2717916,25.1868858],[55.2716206,25.1870001],[55.2716483,25.1870339],[55.2716191,25.1870534],[55.271707,25.1871611],[55.2716746,25.1871828],[55.2717027,25.1872172],[55.2715845,25.1872962]]]}},{"type":"Feature","id":"osm-way-532829009","properties":{"building":"yes","building:levels":"25","height":"107","name":"Lake Central Tower","name:en":"Lake Central Tower","start_date":"2011","osm_type":"way","osm_id":532829009,"height_m":107,"height_source":"osm-height","height_is_estimated":false},"geometry":{"type":"Polygon","coordinates":[[[55.2730964,25.1862178],[55.2729288,25.1863412],[55.2727753,25.1861829],[55.2726673,25.1862729],[55.2725919,25.1861956],[55.2728202,25.1860129],[55.2730135,25.1858977],[55.273082,25.185986],[55.2729794,25.1860487],[55.2730964,25.1862178]]]}},{"type":"Feature","id":"osm-way-532829010","properties":{"building":"yes","building:levels":"23","building:part":"yes","height":"100","name":"St. Regis","start_date":"2013","osm_type":"way","osm_id":532829010,"height_m":100,"height_source":"osm-height","height_is_estimated":false},"geometry":{"type":"Polygon","coordinates":[[[55.2738191,25.185688],[55.2734441,25.185955],[55.2734119,25.1859179],[55.2733745,25.1859445],[55.2732009,25.1857448],[55.2736474,25.185427],[55.2738227,25.1856286],[55.2737885,25.1856529],[55.2738191,25.185688]]]}},{"type":"Feature","id":"osm-way-532833841","properties":{"building":"yes","building:levels":"36","height":"150","name":"Prime Tower","name:en":"Prime Tower","start_date":"2014","wikidata":"Q7243361","osm_type":"way","osm_id":532833841,"height_m":150,"height_source":"osm-height","height_is_estimated":false},"geometry":{"type":"Polygon","coordinates":[[[55.2718294,25.188401],[55.2715744,25.1882919],[55.2713364,25.1881567],[55.27139,25.1880189],[55.2715868,25.1880356],[55.2717265,25.1881014],[55.2718373,25.1881897],[55.2719039,25.1882763],[55.2718294,25.188401]]]}},{"type":"Feature","id":"osm-way-532833842","properties":{"building":"yes","building:levels":"24","height":"100","name":"Claren Tower 2","name:en":"Claren Tower 2","start_date":"2012","osm_type":"way","osm_id":532833842,"height_m":100,"height_source":"osm-height","height_is_estimated":false},"geometry":{"type":"Polygon","coordinates":[[[55.2716991,25.1910145],[55.2716295,25.1910513],[55.2716173,25.1910323],[55.2715739,25.1910552],[55.2715528,25.1910226],[55.2715057,25.1910476],[55.2713871,25.1908639],[55.2714057,25.1908541],[55.2713763,25.1908087],[55.2715177,25.1907339],[55.271538,25.1907655],[55.2715775,25.1907446],[55.2716913,25.1909207],[55.2716663,25.1909339],[55.2716903,25.1909711],[55.271676,25.1909787],[55.2716991,25.1910145]]]}},{"type":"Feature","id":"osm-way-532833845","properties":{"building":"yes","building:levels":"24","height":"100","image":"https://photos.app.goo.gl/LUo958izVM5yBA7x5","name":"Claren Tower 1","name:en":"Claren Tower 1","start_date":"2012","osm_type":"way","osm_id":532833845,"height_m":100,"height_source":"osm-height","height_is_estimated":false},"geometry":{"type":"Polygon","coordinates":[[[55.2725162,25.1906292],[55.2724409,25.1906581],[55.2724292,25.1906331],[55.2723855,25.1906499],[55.2723675,25.1906116],[55.2723269,25.1906272],[55.272236,25.1904332],[55.2722676,25.190421],[55.2722467,25.1903763],[55.2723986,25.190318],[55.2724179,25.1903591],[55.2724498,25.1903468],[55.272538,25.1905349],[55.2725008,25.1905491],[55.2725185,25.190587],[55.2724998,25.1905942],[55.2725162,25.1906292]]]}},{"type":"Feature","id":"osm-way-532833846","properties":{"building":"yes","building:levels":"35","height":"144","name":"8 Boulevard Walk","name:en":"8 Boulevard Walk","start_date":"2009","osm_type":"way","osm_id":532833846,"height_m":144,"height_source":"osm-height","height_is_estimated":false},"geometry":{"type":"Polygon","coordinates":[[[55.2701321,25.1911192],[55.2701719,25.1911597],[55.2700261,25.1912942],[55.2699841,25.1912606],[55.2699413,25.191295],[55.2698917,25.1912631],[55.2698631,25.1912425],[55.2698088,25.1912028],[55.2697545,25.1911537],[55.2697202,25.1911192],[55.2696916,25.1910795],[55.2699358,25.1908668],[55.2699971,25.1909059],[55.2700469,25.1909449],[55.2700817,25.1909794],[55.2701298,25.1910305],[55.2701763,25.191083],[55.2701321,25.1911192]]]}},{"type":"Feature","id":"osm-way-532833848","properties":{"building":"yes","building:levels":"24","height":"100","name":"Boulevard Central Tower 1","name:en":"Boulevard Central Tower 1","start_date":"2012","osm_type":"way","osm_id":532833848,"height_m":100,"height_source":"osm-height","height_is_estimated":false},"geometry":{"type":"Polygon","coordinates":[[[55.2738478,25.1915817],[55.2737224,25.191613],[55.2737153,25.1915896],[55.2736179,25.1916139],[55.2735089,25.1912553],[55.2737316,25.1911998],[55.2738478,25.1915817]]]}},{"type":"Feature","id":"osm-way-532833849","properties":{"building":"yes","building:levels":"24","height":"100","name":"Boulevard Central Tower 2","name:en":"Boulevard Central Tower 2","start_date":"2012","osm_type":"way","osm_id":532833849,"height_m":100,"height_source":"osm-height","height_is_estimated":false},"geometry":{"type":"Polygon","coordinates":[[[55.2732089,25.1918149],[55.2730902,25.1914038],[55.2732952,25.1913553],[55.2734172,25.1917777],[55.273334,25.1917974],[55.2733307,25.1917861],[55.2732089,25.1918149]]]}},{"type":"Feature","id":"osm-way-532833850","properties":{"building":"yes","building:levels":"6","name":"Boulevard Central","osm_type":"way","osm_id":532833850,"height_m":19.200000000000003,"height_source":"osm-levels-estimate","height_is_estimated":true},"geometry":{"type":"Polygon","coordinates":[[[55.2731096,25.191881],[55.2728383,25.1913645],[55.273313,25.1912409],[55.2735758,25.1911861],[55.2737635,25.1911495],[55.2738198,25.1911428],[55.2738677,25.1911729],[55.2738841,25.1911982],[55.2738905,25.1912367],[55.2739083,25.191573],[55.2734316,25.1917172],[55.2734601,25.1917956],[55.2731096,25.191881]]]}},{"type":"Feature","id":"osm-way-532833851","properties":{"building":"yes","building:levels":"5","name":"29 Boulevard","osm_type":"way","osm_id":532833851,"height_m":16,"height_source":"osm-levels-estimate","height_is_estimated":true},"geometry":{"type":"Polygon","coordinates":[[[55.2728086,25.1913768],[55.2726516,25.1914526],[55.2724725,25.1915363],[55.2723136,25.1916173],[55.2721606,25.1917009],[55.2719844,25.1918107],[55.2718602,25.1918865],[55.2717851,25.1919466],[55.271736,25.1920015],[55.27171,25.1920616],[55.27171,25.1921139],[55.2717475,25.1922001],[55.2718053,25.192255],[55.2718977,25.1923073],[55.2720364,25.1923622],[55.2721028,25.1923805],[55.272458,25.1922053],[55.2723714,25.1920642],[55.2726111,25.1919388],[55.2727267,25.1921008],[55.2730545,25.1919113],[55.2728086,25.1913768]]]}},{"type":"Feature","id":"osm-way-532833852","properties":{"building":"yes","building:levels":"42","height":"185","name":"29 Boulevard Tower 1","start_date":"2013","osm_type":"way","osm_id":532833852,"height_m":185,"height_source":"osm-height","height_is_estimated":false},"geometry":{"type":"Polygon","coordinates":[[[55.2723303,25.1922233],[55.2721885,25.1922901],[55.2721503,25.1922237],[55.2721314,25.1922325],[55.2720958,25.1921706],[55.2720635,25.1921858],[55.2720134,25.1920987],[55.2720441,25.1920842],[55.2720038,25.1920142],[55.272048,25.1919934],[55.2720324,25.1919664],[55.2721196,25.1919253],[55.2721348,25.1919517],[55.2721965,25.1919227],[55.2722243,25.1919709],[55.272244,25.1919616],[55.2722626,25.1919939],[55.2722433,25.192003],[55.2722811,25.1920688],[55.2723042,25.1920579],[55.2723241,25.1920924],[55.2723011,25.1921033],[55.2723166,25.1921303],[55.2722854,25.1921451],[55.2723303,25.1922233]]]}},{"type":"Feature","id":"osm-way-532833853","properties":{"building":"yes","building:levels":"43","height":"185","name":"29 Boulevard Tower 2","start_date":"2013","osm_type":"way","osm_id":532833853,"height_m":185,"height_source":"osm-height","height_is_estimated":false},"geometry":{"type":"Polygon","coordinates":[[[55.273001,25.1918765],[55.2728693,25.1919586],[55.2728224,25.1918969],[55.2728049,25.1919078],[55.272761,25.1918503],[55.2727311,25.191869],[55.2726695,25.1917882],[55.272698,25.1917704],[55.2726484,25.1917054],[55.2726894,25.1916798],[55.2726703,25.1916547],[55.2727513,25.1916042],[55.27277,25.1916288],[55.2728272,25.1915931],[55.2728614,25.1916378],[55.2728796,25.1916264],[55.2729025,25.1916564],[55.2728845,25.1916676],[55.2729311,25.1917287],[55.2729525,25.1917153],[55.2729769,25.1917473],[55.2729556,25.1917606],[55.2729747,25.1917857],[55.2729457,25.1918038],[55.273001,25.1918765]]]}},{"type":"Feature","id":"osm-way-532833854","properties":{"building":"yes","building:levels":"5","height":"25","osm_type":"way","osm_id":532833854,"height_m":25,"height_source":"osm-height","height_is_estimated":false},"geometry":{"type":"Polygon","coordinates":[[[55.2743146,25.1912754],[55.2743222,25.191119],[55.2749272,25.191143],[55.274926,25.191168],[55.2749491,25.1911689],[55.2749477,25.1912585],[55.2748974,25.1912565],[55.2748955,25.1912944],[55.2747981,25.1912905],[55.2747998,25.1912564],[55.2746804,25.1912516],[55.274679,25.1912816],[55.2745847,25.1912778],[55.2745861,25.1912479],[55.2744631,25.191243],[55.2744612,25.1912812],[55.2743146,25.1912754]]]}},{"type":"Feature","id":"osm-way-532833855","properties":{"building":"yes","osm_type":"way","osm_id":532833855,"height_m":12,"height_source":"type-estimate","height_is_estimated":true},"geometry":{"type":"Polygon","coordinates":[[[55.2742199,25.1917446],[55.2743131,25.1915933],[55.2744343,25.191647],[55.2743386,25.191809],[55.2742199,25.1917446]]]}},{"type":"Feature","id":"osm-way-532833856","properties":{"building":"yes","osm_type":"way","osm_id":532833856,"height_m":12,"height_source":"type-estimate","height_is_estimated":true},"geometry":{"type":"Polygon","coordinates":[[[55.2743386,25.191809],[55.2744207,25.1918487],[55.2744231,25.1918382],[55.2745131,25.1916792],[55.2744343,25.191647],[55.2743386,25.191809]]]}},{"type":"Feature","id":"osm-way-532833857","properties":{"building":"yes","osm_type":"way","osm_id":532833857,"height_m":12,"height_source":"type-estimate","height_is_estimated":true},"geometry":{"type":"Polygon","coordinates":[[[55.2744231,25.1918382],[55.2744931,25.1918775],[55.2745926,25.191716],[55.2745131,25.1916792],[55.2744231,25.1918382]]]}},{"type":"Feature","id":"osm-way-532833858","properties":{"building":"yes","osm_type":"way","osm_id":532833858,"height_m":12,"height_source":"type-estimate","height_is_estimated":true},"geometry":{"type":"Polygon","coordinates":[[[55.2744931,25.1918775],[55.2745765,25.1919196],[55.2746724,25.1917518],[55.2746832,25.1917464],[55.2745998,25.1917043],[55.2745926,25.191716],[55.2744931,25.1918775]]]}},{"type":"Feature","id":"osm-way-532833859","properties":{"building":"yes","osm_type":"way","osm_id":532833859,"height_m":12,"height_source":"type-estimate","height_is_estimated":true},"geometry":{"type":"Polygon","coordinates":[[[55.2745765,25.1919196],[55.2745691,25.1919326],[55.2746415,25.1919665],[55.2746497,25.1919513],[55.2747426,25.1917806],[55.2746724,25.1917518],[55.2745765,25.1919196]]]}},{"type":"Feature","id":"osm-way-532833860","properties":{"building":"yes","osm_type":"way","osm_id":532833860,"height_m":12,"height_source":"type-estimate","height_is_estimated":true},"geometry":{"type":"Polygon","coordinates":[[[55.2746497,25.1919513],[55.2747094,25.1919779],[55.2748024,25.1918072],[55.2747426,25.1917806],[55.2746497,25.1919513]]]}},{"type":"Feature","id":"osm-way-532833861","properties":{"building":"yes","building:levels":"40","height":"170","name":"Burj Residences 7","name:en":"Burj Residences 7","start_date":"2007","osm_type":"way","osm_id":532833861,"height_m":170,"height_source":"osm-height","height_is_estimated":false},"geometry":{"type":"Polygon","coordinates":[[[55.2749262,25.1920797],[55.2748875,25.1921137],[55.274806,25.1920759],[55.2748238,25.1920475],[55.2747381,25.1920126],[55.2747914,25.1919397],[55.2747559,25.1919208],[55.2748092,25.1918329],[55.2748343,25.1918433],[55.2748834,25.1917875],[55.2750265,25.1918641],[55.2750067,25.1919048],[55.2750213,25.1919104],[55.2750077,25.1919426],[55.2749879,25.1919927],[55.2749555,25.1920438],[55.2749262,25.1920797]]]}},{"type":"Feature","id":"osm-way-532833862","properties":{"building":"yes","osm_type":"way","osm_id":532833862,"height_m":12,"height_source":"type-estimate","height_is_estimated":true},"geometry":{"type":"Polygon","coordinates":[[[55.2749442,25.1917209],[55.2750039,25.1917367],[55.2750146,25.1917037],[55.275067,25.1917176],[55.2750884,25.1916517],[55.2750363,25.1916378],[55.2750784,25.1915079],[55.2751331,25.1915225],[55.27515,25.1914705],[55.275097,25.1914564],[55.2751099,25.1914167],[55.2750709,25.1914063],[55.2750586,25.1914445],[55.2750062,25.1914306],[55.274983,25.1915023],[55.2750176,25.1915115],[55.2749844,25.191614],[55.2749457,25.1916038],[55.2749228,25.1916742],[55.2749564,25.1916831],[55.2749442,25.1917209]]]}},{"type":"Feature","id":"osm-way-532833863","properties":{"building":"yes","building:levels":"30","height":"125","name":"Burj Residences 9","name:en":"Burj Residences 9","start_date":"2007","osm_type":"way","osm_id":532833863,"height_m":125,"height_source":"osm-height","height_is_estimated":false},"geometry":{"type":"Polygon","coordinates":[[[55.2749476,25.191266],[55.274989,25.1912747],[55.2749931,25.1912573],[55.2750304,25.191266],[55.2750152,25.1913059],[55.2750469,25.1913297],[55.2750938,25.1913521],[55.2751228,25.1913596],[55.2751514,25.1913586],[55.2751824,25.1913534],[55.2751938,25.1913264],[55.2751705,25.1913199],[55.2752198,25.191196],[55.2751582,25.1911768],[55.2751509,25.191191],[55.2750328,25.1911617],[55.2750255,25.1911778],[55.2749491,25.1911689],[55.2749477,25.1912585],[55.2749476,25.191266]]]}},{"type":"Feature","id":"osm-way-532833864","properties":{"building":"yes","building:levels":"26","height":"125","name":"Burj Residences 6","name:en":"Burj Residences 6","start_date":"2007","osm_type":"way","osm_id":532833864,"height_m":125,"height_source":"osm-height","height_is_estimated":false},"geometry":{"type":"Polygon","coordinates":[[[55.2746803,25.1925761],[55.2746168,25.1926008],[55.2745276,25.1926145],[55.274458,25.1926131],[55.2744066,25.1926076],[55.2743884,25.1923969],[55.2746365,25.19239],[55.2746365,25.1924078],[55.2746758,25.1924092],[55.2746803,25.1925761]]]}},{"type":"Feature","id":"osm-way-532833865","properties":{"building":"yes","osm_type":"way","osm_id":532833865,"height_m":12,"height_source":"type-estimate","height_is_estimated":true},"geometry":{"type":"Polygon","coordinates":[[[55.2742508,25.1926678],[55.2742236,25.1926473],[55.2740981,25.1926774],[55.274089,25.1927021],[55.2739892,25.1927308],[55.2739468,25.1926979],[55.2739196,25.1926624],[55.2739574,25.19265],[55.2739408,25.1926104],[55.2740602,25.1925802],[55.2740739,25.1926158],[55.2742175,25.1925748],[55.2742145,25.1925351],[55.27434,25.19252],[55.2743416,25.1925597],[55.2743703,25.1925556],[55.2743642,25.1926186],[55.2743506,25.19265],[55.2743053,25.1926637],[55.2742508,25.1926678]]]}},{"type":"Feature","id":"osm-way-532833866","properties":{"building":"yes","building:levels":"37","height":"160","name":"Burj Residences 5","name:en":"Burj Residences 5","start_date":"2007","osm_type":"way","osm_id":532833866,"height_m":160,"height_source":"osm-height","height_is_estimated":false},"geometry":{"type":"Polygon","coordinates":[[[55.2741,25.1923471],[55.273983,25.1923658],[55.2739762,25.1923307],[55.2738979,25.1923432],[55.2738758,25.1922297],[55.2738472,25.1922343],[55.2738225,25.1921071],[55.2738701,25.1920995],[55.2738664,25.1920805],[55.2739753,25.1920632],[55.2739791,25.1920829],[55.2740515,25.1920713],[55.2740613,25.1921216],[55.2740913,25.1921168],[55.2740976,25.1921491],[55.2740626,25.1921547],[55.2741,25.1923471]]]}},{"type":"Feature","id":"osm-way-532833867","properties":{"building":"yes","osm_type":"way","osm_id":532833867,"height_m":12,"height_source":"type-estimate","height_is_estimated":true},"geometry":{"type":"Polygon","coordinates":[[[55.2746532,25.1923295],[55.2745388,25.192346],[55.2745305,25.192328],[55.2745538,25.1923246],[55.2745481,25.1923099],[55.2745195,25.1923117],[55.2745109,25.1922755],[55.2745281,25.1922737],[55.2745185,25.1922349],[55.27449,25.1922367],[55.2744804,25.1922022],[55.2744976,25.1922013],[55.2744871,25.1921625],[55.2744576,25.1921616],[55.2744423,25.1921091],[55.2744699,25.1921082],[55.2744652,25.1920918],[55.2744347,25.1920918],[55.2744261,25.1920358],[55.2745328,25.1920418],[55.2745977,25.192197],[55.2746532,25.1923295]]]}},{"type":"Feature","id":"osm-way-532833868","properties":{"building":"yes","building:levels":"26","height":"120","name":"Burj Residences 4","name:en":"Burj Residences 4","start_date":"2007","osm_type":"way","osm_id":532833868,"height_m":120,"height_source":"osm-height","height_is_estimated":false},"geometry":{"type":"Polygon","coordinates":[[[55.273816,25.1928266],[55.2737194,25.1928653],[55.2736808,25.1928428],[55.273667,25.1928303],[55.2736408,25.1928016],[55.2736284,25.1927742],[55.2736243,25.1927592],[55.273616,25.1927218],[55.2736146,25.1926856],[55.2736146,25.1926594],[55.2736012,25.1926334],[55.2736966,25.1925893],[55.2737112,25.1926145],[55.2737249,25.1926082],[55.2737815,25.1927131],[55.2738311,25.1926968],[55.2738573,25.1927605],[55.2737953,25.1927842],[55.273816,25.1928266]]]}},{"type":"Feature","id":"osm-way-532833869","properties":{"building":"yes","osm_type":"way","osm_id":532833869,"height_m":12,"height_source":"type-estimate","height_is_estimated":true},"geometry":{"type":"Polygon","coordinates":[[[55.2736012,25.1926334],[55.2734792,25.1924172],[55.273607,25.192362],[55.273617,25.1923865],[55.2736419,25.192375],[55.2737382,25.1925457],[55.2736857,25.19257],[55.2736966,25.1925893],[55.2736012,25.1926334]]]}},{"type":"Feature","id":"osm-way-532833870","properties":{"building":"yes","osm_type":"way","osm_id":532833870,"height_m":12,"height_source":"type-estimate","height_is_estimated":true},"geometry":{"type":"Polygon","coordinates":[[[55.2734792,25.1924172],[55.2734311,25.192438],[55.2733525,25.1922889],[55.2735284,25.1922129],[55.273607,25.192362],[55.2734792,25.1924172]]]}},{"type":"Feature","id":"osm-way-532833871","properties":{"building":"yes","building:levels":"26","height":"120","name":"Burj Residences 3","name:en":"Burj Residences 3","start_date":"2007","osm_type":"way","osm_id":532833871,"height_m":120,"height_source":"osm-height","height_is_estimated":false},"geometry":{"type":"Polygon","coordinates":[[[55.2732122,25.1928291],[55.2732425,25.1928591],[55.273255,25.19285],[55.273294,25.1928682],[55.2733292,25.1928921],[55.2733569,25.1929251],[55.2733745,25.1929604],[55.273387,25.1930082],[55.2733895,25.1930312],[55.2733895,25.1930539],[55.273325,25.1931081],[55.2732763,25.1930569],[55.2732526,25.1930759],[55.2731907,25.1930175],[55.2731466,25.1930527],[55.273088,25.1929949],[55.2731012,25.192986],[55.2730611,25.1929442],[55.2731213,25.1929048],[55.2731126,25.1928962],[55.2731868,25.1928462],[55.2732122,25.1928291]]]}},{"type":"Feature","id":"osm-way-532833872","properties":{"building":"yes","osm_type":"way","osm_id":532833872,"height_m":12,"height_source":"type-estimate","height_is_estimated":true},"geometry":{"type":"Polygon","coordinates":[[[55.2730611,25.1929442],[55.2729235,25.1927936],[55.2729502,25.1927755],[55.2729282,25.192754],[55.273034,25.192672],[55.2731868,25.1928462],[55.2731126,25.1928962],[55.2731213,25.1929048],[55.2730611,25.1929442]]]}},{"type":"Feature","id":"osm-way-532833873","properties":{"building":"yes","osm_type":"way","osm_id":532833873,"height_m":12,"height_source":"type-estimate","height_is_estimated":true},"geometry":{"type":"Polygon","coordinates":[[[55.2729282,25.192754],[55.2728293,25.1926494],[55.2729742,25.1925372],[55.2730731,25.1926418],[55.273034,25.192672],[55.2729282,25.192754]]]}},{"type":"Feature","id":"osm-way-532833874","properties":{"building":"yes","osm_type":"way","osm_id":532833874,"height_m":12,"height_source":"type-estimate","height_is_estimated":true},"geometry":{"type":"Polygon","coordinates":[[[55.2730679,25.1932864],[55.2730324,25.1932855],[55.2729545,25.1933795],[55.2729642,25.1934039],[55.2729055,25.1934824],[55.2728498,25.1934803],[55.272804,25.1934677],[55.2728253,25.1934368],[55.2727851,25.193415],[55.2728583,25.1933244],[55.2728933,25.1933447],[55.2729781,25.1932319],[55.2729485,25.1932025],[55.2730368,25.1931203],[55.2730651,25.1931506],[55.2730849,25.1931313],[55.2731232,25.1931841],[55.2731341,25.1932165],[55.2731078,25.1932526],[55.2730679,25.1932864]]]}},{"type":"Feature","id":"osm-way-532833875","properties":{"air_conditioning":"yes","brand":"Ramada","brand:wikidata":"Q1502859","building":"yes","building:levels":"34","height":"134","internet_access":"wlan","name":"Ramada Downtown Dubai","name:en":"Ramada Downtown Dubai","start_date":"2007","tourism":"hotel","wheelchair":"yes","wikidata":"Q111151472","osm_type":"way","osm_id":532833875,"height_m":134,"height_source":"osm-height","height_is_estimated":false},"geometry":{"type":"Polygon","coordinates":[[[55.2727843,25.1930122],[55.2726961,25.19311],[55.2726796,25.1930978],[55.2726547,25.1931255],[55.2724489,25.1929735],[55.272566,25.1928438],[55.2726083,25.1928751],[55.2726274,25.1928539],[55.2726673,25.1928834],[55.2726582,25.1928935],[55.2727474,25.1929594],[55.2727336,25.1929747],[55.2727843,25.1930122]]]}},{"type":"Feature","id":"osm-way-532833876","properties":{"building":"yes","building:levels":"42","name":"Burj Residences 1","name:en":"Burj Residences 1","start_date":"2007","osm_type":"way","osm_id":532833876,"height_m":134.4,"height_source":"osm-levels-estimate","height_is_estimated":true},"geometry":{"type":"Polygon","coordinates":[[[55.2726531,25.1934574],[55.272824,25.1935666],[55.2728031,25.193639],[55.2727743,25.1937009],[55.2727223,25.1937899],[55.2726856,25.1938244],[55.2726285,25.1937923],[55.2726388,25.1937635],[55.2725473,25.1937103],[55.272508,25.1936849],[55.2725583,25.1935867],[55.2726047,25.1934978],[55.2726233,25.1935068],[55.2726531,25.1934574]]]}},{"type":"Feature","id":"osm-way-532833877","properties":{"building":"yes","osm_type":"way","osm_id":532833877,"height_m":12,"height_source":"type-estimate","height_is_estimated":true},"geometry":{"type":"Polygon","coordinates":[[[55.2724317,25.1936282],[55.2721838,25.1934638],[55.2722163,25.1933647],[55.2723875,25.1934776],[55.2723734,25.1934951],[55.2724488,25.1935449],[55.2724622,25.1935283],[55.2724968,25.1935512],[55.2724831,25.1935682],[55.2724992,25.1935788],[55.2724656,25.1936204],[55.2724476,25.1936085],[55.2724317,25.1936282]]]}},{"type":"Feature","id":"osm-way-532836482","properties":{"building":"yes","building:levels":"28","height":"115","layer":"2","name":"Stand Point Tower A","name:en":"Stand Point Tower A","start_date":"2012","osm_type":"way","osm_id":532836482,"height_m":115,"height_source":"osm-height","height_is_estimated":false},"geometry":{"type":"Polygon","coordinates":[[[55.2711058,25.1965094],[55.2710517,25.1965116],[55.2709787,25.1965179],[55.2709221,25.1965265],[55.2708656,25.1965435],[55.2708562,25.1964945],[55.2708209,25.1964988],[55.2708138,25.1964519],[55.2706984,25.1964583],[55.2706348,25.1964604],[55.2705995,25.1963496],[55.2706372,25.1963134],[55.2707173,25.1962772],[55.2707997,25.1962559],[55.2708986,25.1962452],[55.2709928,25.1962367],[55.2710846,25.1962345],[55.2711835,25.1962367],[55.2712401,25.1962473],[55.2712565,25.1963922],[55.2711647,25.1964029],[55.2711694,25.1964476],[55.2710964,25.1964562],[55.2711058,25.1965094]]]}},{"type":"Feature","id":"osm-way-532836483","properties":{"building":"yes","building:levels":"20","height":"90","layer":"2","name":"Stand Point Tower B","name:en":"Stand Point Tower B","start_date":"2012","osm_type":"way","osm_id":532836483,"height_m":90,"height_source":"osm-height","height_is_estimated":false},"geometry":{"type":"Polygon","coordinates":[[[55.2711619,25.1968563],[55.2711912,25.1968887],[55.2710805,25.19698],[55.2710252,25.1970139],[55.2709878,25.1969771],[55.2709536,25.1969991],[55.2709276,25.1969609],[55.2708885,25.19698],[55.2708462,25.1969182],[55.2709146,25.1968755],[55.2709861,25.1968122],[55.2710366,25.1967621],[55.271087,25.1967106],[55.2711049,25.1966841],[55.271183,25.1967356],[55.2711619,25.1967621],[55.2711977,25.1968033],[55.2711733,25.1968254],[55.2711863,25.1968372],[55.2711619,25.1968563]]]}},{"type":"Feature","id":"osm-way-532836514","properties":{"building":"yes","building:levels":"30","height":"141","material":"glass","name":"Boulevard Plaza Tower 2","name:en":"Boulevard Plaza Tower 2","start_date":"2011","osm_type":"way","osm_id":532836514,"height_m":141,"height_source":"osm-height","height_is_estimated":false},"geometry":{"type":"Polygon","coordinates":[[[55.2735072,25.2000125],[55.2734767,25.1999607],[55.2739625,25.1996599],[55.2740235,25.1997636],[55.2740531,25.1998139],[55.2741127,25.1999151],[55.2735666,25.2001134],[55.2735368,25.2000628],[55.2735072,25.2000125]]]}},{"type":"Feature","id":"osm-way-532848581","properties":{"building":"yes","building:levels":"8","height":"30","layer":"2","name":"Vision Tower","name:en":"Vision Tower","start_date":"2011","wikidata":"Q1614219","wikipedia":"en:Vision Tower","osm_type":"way","osm_id":532848581,"height_m":30,"height_source":"osm-height","height_is_estimated":false},"geometry":{"type":"Polygon","coordinates":[[[55.2633011,25.1885226],[55.2635346,25.1887785],[55.2642966,25.1882093],[55.264214,25.1881187],[55.2641585,25.1881601],[55.2640924,25.1880876],[55.2640125,25.1881473],[55.2639278,25.1880545],[55.2633011,25.1885226]]]}},{"type":"Feature","id":"osm-way-532848582","properties":{"building":"yes","building:levels":"40","height":"135","name":"Aspect Tower","name:en":"Aspect Tower","start_date":"2010","osm_type":"way","osm_id":532848582,"height_m":135,"height_source":"osm-height","height_is_estimated":false},"geometry":{"type":"Polygon","coordinates":[[[55.266326,25.1920565],[55.2666865,25.1920812],[55.2666685,25.1922957],[55.2663102,25.1922711],[55.2663053,25.1923296],[55.2661919,25.1923218],[55.2662246,25.1919318],[55.2663358,25.1919395],[55.266326,25.1920565]]]}},{"type":"Feature","id":"osm-way-532848583","properties":{"building":"yes","building:levels":"32","osm_type":"way","osm_id":532848583,"height_m":102.4,"height_source":"osm-levels-estimate","height_is_estimated":true},"geometry":{"type":"Polygon","coordinates":[[[55.2671098,25.1923169],[55.2669882,25.1921951],[55.2668799,25.1922837],[55.2669978,25.192405],[55.2671098,25.1923169]]]}},{"type":"Feature","id":"osm-way-532848584","properties":{"building":"yes","height":"15","osm_type":"way","osm_id":532848584,"height_m":15,"height_source":"osm-height","height_is_estimated":false},"geometry":{"type":"Polygon","coordinates":[[[55.2673614,25.1918105],[55.2670337,25.1914634],[55.2669859,25.1915004],[55.2664939,25.1909793],[55.2665923,25.1909033],[55.2665431,25.1908512],[55.266623,25.1907895],[55.2671026,25.1912974],[55.2670473,25.1913402],[55.267142,25.1914405],[55.2672009,25.1913951],[55.2673167,25.1915177],[55.2672837,25.1915432],[55.2675748,25.1918514],[55.2675105,25.1919011],[55.2673981,25.1917821],[55.2673614,25.1918105]]]}},{"type":"Feature","id":"osm-way-532848585","properties":{"building":"yes","osm_type":"way","osm_id":532848585,"height_m":12,"height_source":"type-estimate","height_is_estimated":true},"geometry":{"type":"Polygon","coordinates":[[[55.2663612,25.1907312],[55.2663293,25.1906975],[55.2662294,25.1907749],[55.2661373,25.1906775],[55.2663263,25.1905312],[55.2664503,25.1906623],[55.2663612,25.1907312]]]}},{"type":"Feature","id":"osm-way-532848586","properties":{"building":"apartments","height":"15","osm_type":"way","osm_id":532848586,"height_m":15,"height_source":"osm-height","height_is_estimated":false},"geometry":{"type":"Polygon","coordinates":[[[55.2660967,25.1904541],[55.2658785,25.1902119],[55.2658045,25.1902664],[55.265601,25.1900405],[55.2656743,25.1899865],[55.2655267,25.1898227],[55.2656372,25.1897412],[55.2659482,25.1900865],[55.2659206,25.1901069],[55.2660162,25.1902131],[55.2660519,25.1901868],[55.2662144,25.1903672],[55.2660967,25.1904541]]]}},{"type":"Feature","id":"osm-way-532848587","properties":{"building":"apartments","height":"15","osm_type":"way","osm_id":532848587,"height_m":15,"height_source":"osm-height","height_is_estimated":false},"geometry":{"type":"Polygon","coordinates":[[[55.2655856,25.1896861],[55.2654771,25.1897675],[55.2653161,25.1895919],[55.2652384,25.1896503],[55.2650698,25.1894663],[55.2649958,25.1895218],[55.2649126,25.189431],[55.2649624,25.1893937],[55.2648918,25.1893167],[55.2648531,25.1893457],[55.2647758,25.1892613],[55.2649919,25.1890991],[55.2650592,25.1891725],[55.2650922,25.1891477],[55.2655856,25.1896861]]]}},{"type":"Feature","id":"osm-way-532848588","properties":{"building":"apartments","height":"15","osm_type":"way","osm_id":532848588,"height_m":15,"height_source":"osm-height","height_is_estimated":false},"geometry":{"type":"Polygon","coordinates":[[[55.2648666,25.1889699],[55.2646727,25.1891141],[55.2643011,25.1887053],[55.2643587,25.1886624],[55.2642918,25.1885889],[55.2643653,25.1885342],[55.2642512,25.1884086],[55.2643548,25.1883315],[55.2644552,25.188442],[55.2646665,25.1886744],[55.2646213,25.188708],[55.2646674,25.1887587],[55.2647511,25.1886964],[55.2648755,25.1888332],[55.2647961,25.1888923],[55.2648666,25.1889699]]]}},{"type":"Feature","id":"osm-way-532848589","properties":{"building":"yes","osm_type":"way","osm_id":532848589,"height_m":12,"height_source":"type-estimate","height_is_estimated":true},"geometry":{"type":"Polygon","coordinates":[[[55.2635736,25.1898053],[55.2636374,25.1895331],[55.2640008,25.1896031],[55.2639909,25.1896451],[55.2640902,25.1896642],[55.2641077,25.1895896],[55.2642035,25.189608],[55.2641902,25.1896648],[55.2643748,25.1897004],[55.2643838,25.1896621],[55.2644851,25.1896816],[55.2644178,25.1899677],[55.2638612,25.1898606],[55.2635736,25.1898053]]]}},{"type":"Feature","id":"osm-way-532848590","properties":{"building":"yes","building:levels":"11","start_date":"2015","osm_type":"way","osm_id":532848590,"height_m":35.2,"height_source":"osm-levels-estimate","height_is_estimated":true},"geometry":{"type":"Polygon","coordinates":[[[55.2627095,25.1889891],[55.2626332,25.1890477],[55.2625344,25.1889424],[55.263135,25.1884808],[55.2634155,25.1887797],[55.2634922,25.1888615],[55.2628869,25.1893266],[55.2628254,25.1892611],[55.2629064,25.1891989],[55.2627095,25.1889891]]]}},{"type":"Feature","id":"osm-way-532853124","properties":{"building":"yes","building:levels":"59","height":"200","name":"MBK Tower","name:en":"MBK Tower","start_date":"2010","osm_type":"way","osm_id":532853124,"height_m":200,"height_source":"osm-height","height_is_estimated":false},"geometry":{"type":"Polygon","coordinates":[[[55.2622308,25.192547],[55.2620464,25.1923429],[55.262265,25.1921812],[55.2624494,25.1923853],[55.2622308,25.192547]]]}},{"type":"Feature","id":"osm-way-532853125","properties":{"building":"yes","building:levels":"40","height":"172","name":"Escape Tower","name:en":"Escape Tower","start_date":"2007","osm_type":"way","osm_id":532853125,"height_m":172,"height_source":"osm-height","height_is_estimated":false},"geometry":{"type":"Polygon","coordinates":[[[55.2619677,25.1920806],[55.2619264,25.1921075],[55.2618937,25.192072],[55.2618229,25.1920424],[55.2617635,25.1919472],[55.261755,25.1918979],[55.2617134,25.1918515],[55.2617889,25.1918332],[55.2618426,25.1917676],[55.2619272,25.1917363],[55.2619668,25.1916777],[55.2620194,25.1917426],[55.2621169,25.1918028],[55.2621381,25.1918769],[55.2621863,25.1918946],[55.2621486,25.1919313],[55.262125,25.1920075],[55.2620693,25.1920646],[55.2619677,25.1920806]]]}},{"type":"Feature","id":"osm-way-532853126","properties":{"building":"yes","building:levels":"8","start_date":"2007","osm_type":"way","osm_id":532853126,"height_m":25.6,"height_source":"osm-levels-estimate","height_is_estimated":true},"geometry":{"type":"Polygon","coordinates":[[[55.2623151,25.1918195],[55.2621224,25.1916036],[55.2624408,25.191371],[55.2626335,25.191587],[55.2623151,25.1918195]]]}},{"type":"Feature","id":"osm-way-532853127","properties":{"building":"yes","building:levels":"10","start_date":"2010","osm_type":"way","osm_id":532853127,"height_m":32,"height_source":"osm-levels-estimate","height_is_estimated":true},"geometry":{"type":"Polygon","coordinates":[[[55.2625552,25.1922778],[55.2623609,25.1920608],[55.2626789,25.1918277],[55.2628732,25.1920447],[55.2625552,25.1922778]]]}},{"type":"Feature","id":"osm-way-532853128","properties":{"building":"yes","building:levels":"43","height":"140","name":"City Premiere Hotel Apartment","name:en":"City Premiere Hotel Apartment","start_date":"2012","wikidata":"Q111150304","osm_type":"way","osm_id":532853128,"height_m":140,"height_source":"osm-height","height_is_estimated":false},"geometry":{"type":"Polygon","coordinates":[[[55.262884,25.1932305],[55.2626925,25.1930314],[55.2629303,25.1928442],[55.2631217,25.1930433],[55.262884,25.1932305]]]}},{"type":"Feature","id":"osm-way-532853129","properties":{"building":"yes","building:levels":"11","start_date":"2012","osm_type":"way","osm_id":532853129,"height_m":35.2,"height_source":"osm-levels-estimate","height_is_estimated":true},"geometry":{"type":"Polygon","coordinates":[[[55.2632816,25.1930311],[55.2630955,25.19283],[55.2634017,25.1925979],[55.2635879,25.192799],[55.2632816,25.1930311]]]}},{"type":"Feature","id":"osm-way-532853130","properties":{"building":"yes","building:levels":"10","start_date":"2005","osm_type":"way","osm_id":532853130,"height_m":32,"height_source":"osm-levels-estimate","height_is_estimated":true},"geometry":{"type":"Polygon","coordinates":[[[55.2636356,25.1934015],[55.2634495,25.1932004],[55.2637557,25.1929682],[55.2639419,25.1931693],[55.2636356,25.1934015]]]}},{"type":"Feature","id":"osm-way-532853131","properties":{"building":"yes","building:levels":"12","start_date":"2009","osm_type":"way","osm_id":532853131,"height_m":38.400000000000006,"height_source":"osm-levels-estimate","height_is_estimated":true},"geometry":{"type":"Polygon","coordinates":[[[55.2640516,25.1937468],[55.2638654,25.1935457],[55.2641717,25.1933136],[55.2643579,25.1935147],[55.2640516,25.1937468]]]}},{"type":"Feature","id":"osm-way-532853132","properties":{"building":"yes","building:levels":"42","height":"163","name":"Falcon Tower","name:en":"Falcon Tower","start_date":"2005","osm_type":"way","osm_id":532853132,"height_m":163,"height_source":"osm-height","height_is_estimated":false},"geometry":{"type":"Polygon","coordinates":[[[55.2630156,25.1934896],[55.2632646,25.193303],[55.2634729,25.1935305],[55.2632239,25.1937171],[55.2630156,25.1934896]]]}},{"type":"Feature","id":"osm-way-532853133","properties":{"building":"yes","building:levels":"59","height":"248","name":"Manazel Al Safa Tower","name:en":"Manazel Al Safa Tower","start_date":"2009","wikidata":"Q3756766","wikipedia":"en:Al Tayer Tower","osm_type":"way","osm_id":532853133,"height_m":248,"height_source":"osm-height","height_is_estimated":false},"geometry":{"type":"Polygon","coordinates":[[[55.2635244,25.1938128],[55.2637312,25.1936496],[55.2639295,25.1938553],[55.2637226,25.1940185],[55.2635244,25.1938128]]]}},{"type":"Feature","id":"osm-way-532855111","properties":{"building":"yes","building:levels":"36","height":"134","layer":"2","name":"The Lofts West Tower","name:en":"The Lofts West Tower","start_date":"2009","osm_type":"way","osm_id":532855111,"height_m":134,"height_source":"osm-height","height_is_estimated":false},"geometry":{"type":"Polygon","coordinates":[[[55.2693104,25.1966298],[55.2692873,25.1965453],[55.2693318,25.1965031],[55.2694059,25.1964629],[55.2694715,25.1964399],[55.2695477,25.1964342],[55.2696112,25.1964457],[55.2696617,25.196461],[55.2696828,25.1965402],[55.2696562,25.1965753],[55.2696141,25.1966085],[55.2695586,25.1966365],[55.2694733,25.1966556],[55.2694023,25.1966556],[55.2693546,25.1966506],[55.2693104,25.1966298]]]}},{"type":"Feature","id":"osm-way-532855112","properties":{"building":"yes","building:levels":"31","height":"134","layer":"2","name":"The Lofts Central Tower","name:en":"The Lofts Central Tower","start_date":"2009","osm_type":"way","osm_id":532855112,"height_m":134,"height_source":"osm-height","height_is_estimated":false},"geometry":{"type":"Polygon","coordinates":[[[55.2698373,25.1970605],[55.2697716,25.1970989],[55.2697195,25.1971321],[55.2696848,25.1971688],[55.2696753,25.1971849],[55.2696519,25.197169],[55.2696314,25.1971505],[55.2695817,25.1971743],[55.2695393,25.1971214],[55.2695173,25.197079],[55.2695656,25.1970605],[55.2695598,25.1970367],[55.2695583,25.1970023],[55.2696139,25.196997],[55.2696563,25.1969811],[55.2697133,25.1969506],[55.2697455,25.1969281],[55.2697602,25.196948],[55.2697792,25.1969639],[55.2697982,25.196952],[55.2698508,25.1970221],[55.2698274,25.1970354],[55.2698373,25.1970605]]]}},{"type":"Feature","id":"osm-way-532855113","properties":{"building":"yes","building:levels":"36","height":"134","layer":"2","name":"The Lofts East Tower","name:en":"The Lofts East Tower","start_date":"2009","osm_type":"way","osm_id":532855113,"height_m":134,"height_source":"osm-height","height_is_estimated":false},"geometry":{"type":"Polygon","coordinates":[[[55.269855,25.1975941],[55.2698106,25.1975169],[55.2698429,25.1974665],[55.2699045,25.1974117],[55.2699623,25.1973754],[55.2700349,25.1973536],[55.2700996,25.1973513],[55.2701527,25.1973555],[55.2701937,25.197428],[55.270177,25.1974678],[55.2701446,25.1975089],[55.270098,25.197548],[55.27002,25.1975847],[55.269951,25.1975997],[55.2699034,25.197605],[55.269855,25.1975941]]]}},{"type":"Feature","id":"osm-way-532855117","properties":{"building":"yes","building:levels":"7","height":"33","osm_type":"way","osm_id":532855117,"height_m":33,"height_source":"osm-height","height_is_estimated":false},"geometry":{"type":"Polygon","coordinates":[[[55.2695435,25.2004796],[55.2694697,25.2003739],[55.2694241,25.2003999],[55.2688291,25.1995474],[55.2688691,25.1995245],[55.2687506,25.1993548],[55.269071,25.1991717],[55.2694583,25.1997266],[55.2698753,25.2003239],[55.2696056,25.200478],[55.2695887,25.2004538],[55.2695435,25.2004796]]]}},{"type":"Feature","id":"osm-way-550110783","properties":{"building":"yes","osm_type":"way","osm_id":550110783,"height_m":12,"height_source":"type-estimate","height_is_estimated":true},"geometry":{"type":"Polygon","coordinates":[[[55.2629569,25.1985452],[55.2629716,25.1985334],[55.2629937,25.1985157],[55.2629527,25.1984738],[55.2629788,25.1984529],[55.2628771,25.198349],[55.2629432,25.198296],[55.2629582,25.1982838],[55.2630509,25.1983787],[55.2630614,25.1983703],[55.2631853,25.198497],[55.2632405,25.1985534],[55.263164,25.1986147],[55.2631077,25.1985572],[55.2630782,25.1985809],[55.2630645,25.1985669],[55.2630161,25.1986057],[55.2629723,25.1985609],[55.2629569,25.1985452]]]}},{"type":"Feature","id":"osm-way-550110784","properties":{"building":"yes","osm_type":"way","osm_id":550110784,"height_m":12,"height_source":"type-estimate","height_is_estimated":true},"geometry":{"type":"Polygon","coordinates":[[[55.2632675,25.1986297],[55.2632298,25.1986583],[55.2631781,25.1986548],[55.2631721,25.1987272],[55.2631838,25.198728],[55.263234,25.1987826],[55.2632334,25.1987975],[55.2633135,25.1988029],[55.2633194,25.1987371],[55.2633474,25.1987159],[55.2632675,25.1986297]]]}},{"type":"Feature","id":"osm-way-550110785","properties":{"building":"yes","osm_type":"way","osm_id":550110785,"height_m":12,"height_source":"type-estimate","height_is_estimated":true},"geometry":{"type":"Polygon","coordinates":[[[55.2632024,25.1989078],[55.2631661,25.1988678],[55.2632191,25.1988284],[55.2632554,25.1988684],[55.2632024,25.1989078]]]}},{"type":"Feature","id":"osm-way-550110786","properties":{"building":"yes","osm_type":"way","osm_id":550110786,"height_m":12,"height_source":"type-estimate","height_is_estimated":true},"geometry":{"type":"Polygon","coordinates":[[[55.2635242,25.1986199],[55.2634021,25.1987074],[55.263354,25.1986524],[55.2632626,25.198548],[55.2633786,25.1984649],[55.2633908,25.1984789],[55.2634252,25.1984542],[55.2635265,25.19857],[55.2634982,25.1985903],[55.2635242,25.1986199]]]}},{"type":"Feature","id":"osm-way-550110787","properties":{"building":"yes","osm_type":"way","osm_id":550110787,"height_m":12,"height_source":"type-estimate","height_is_estimated":true},"geometry":{"type":"Polygon","coordinates":[[[55.2636267,25.1985876],[55.263408,25.1987443],[55.2633377,25.198664],[55.263354,25.1986524],[55.2634021,25.1987074],[55.2635242,25.1986199],[55.2634982,25.1985903],[55.2635786,25.1985327],[55.2636267,25.1985876]]]}},{"type":"Feature","id":"osm-way-550110788","properties":{"building":"yes","osm_type":"way","osm_id":550110788,"height_m":12,"height_source":"type-estimate","height_is_estimated":true},"geometry":{"type":"Polygon","coordinates":[[[55.2634184,25.198411],[55.2632405,25.1985534],[55.2631853,25.198497],[55.2632216,25.1984679],[55.2632472,25.198494],[55.2633888,25.1983806],[55.2634184,25.198411]]]}},{"type":"Feature","id":"osm-way-550110789","properties":{"building":"yes","osm_type":"way","osm_id":550110789,"height_m":12,"height_source":"type-estimate","height_is_estimated":true},"geometry":{"type":"Polygon","coordinates":[[[55.2632837,25.1984051],[55.26328,25.1984433],[55.2631578,25.1984336],[55.2631617,25.1983933],[55.263131,25.1983909],[55.2631069,25.1983729],[55.2631087,25.1983282],[55.2630652,25.1983267],[55.2630696,25.1982181],[55.2631297,25.1982201],[55.2631312,25.1981815],[55.263238,25.198185],[55.2632763,25.1982113],[55.2633252,25.1982658],[55.2633443,25.1983101],[55.2633348,25.1984091],[55.2632837,25.1984051]]]}},{"type":"Feature","id":"osm-way-550110790","properties":{"building":"yes","osm_type":"way","osm_id":550110790,"height_m":12,"height_source":"type-estimate","height_is_estimated":true},"geometry":{"type":"Polygon","coordinates":[[[55.2626587,25.1987902],[55.2624485,25.198941],[55.2622968,25.1987678],[55.2623485,25.1987307],[55.2623696,25.1987549],[55.2625281,25.1986412],[55.2626587,25.1987902]]]}},{"type":"Feature","id":"osm-way-550110791","properties":{"building":"yes","osm_type":"way","osm_id":550110791,"height_m":12,"height_source":"type-estimate","height_is_estimated":true},"geometry":{"type":"Polygon","coordinates":[[[55.2628198,25.1987973],[55.2626352,25.1989322],[55.2625929,25.1988847],[55.2627775,25.1987498],[55.2628198,25.1987973]]]}},{"type":"Feature","id":"osm-way-550110792","properties":{"building":"yes","osm_type":"way","osm_id":550110792,"height_m":12,"height_source":"type-estimate","height_is_estimated":true},"geometry":{"type":"Polygon","coordinates":[[[55.2623092,25.1989083],[55.2621887,25.1989979],[55.2622619,25.1990785],[55.2623227,25.1990332],[55.2623597,25.1990057],[55.2623824,25.1989887],[55.2623092,25.1989083]]]}},{"type":"Feature","id":"osm-way-550110793","properties":{"building":"yes","osm_type":"way","osm_id":550110793,"height_m":12,"height_source":"type-estimate","height_is_estimated":true},"geometry":{"type":"Polygon","coordinates":[[[55.2620742,25.1990202],[55.2621745,25.1991299],[55.2622358,25.199084],[55.2621356,25.1989743],[55.2621289,25.1989792],[55.2620947,25.1990049],[55.2620742,25.1990202]]]}},{"type":"Feature","id":"osm-way-550110794","properties":{"building":"yes","osm_type":"way","osm_id":550110794,"height_m":12,"height_source":"type-estimate","height_is_estimated":true},"geometry":{"type":"Polygon","coordinates":[[[55.2623283,25.1993465],[55.2622403,25.199253],[55.2622741,25.1992269],[55.2623621,25.1993205],[55.2623283,25.1993465]]]}},{"type":"Feature","id":"osm-way-550110795","properties":{"building":"yes","osm_type":"way","osm_id":550110795,"height_m":12,"height_source":"type-estimate","height_is_estimated":true},"geometry":{"type":"Polygon","coordinates":[[[55.2623212,25.1991035],[55.262427,25.199024],[55.2624793,25.1990811],[55.2624397,25.1991109],[55.2624196,25.1990891],[55.2623536,25.1991387],[55.2623212,25.1991035]]]}},{"type":"Feature","id":"osm-way-550110796","properties":{"building":"yes","osm_type":"way","osm_id":550110796,"height_m":12,"height_source":"type-estimate","height_is_estimated":true},"geometry":{"type":"Polygon","coordinates":[[[55.2623283,25.1993465],[55.2623739,25.1993949],[55.2623382,25.1994224],[55.2623032,25.1993852],[55.2622832,25.1994006],[55.2621578,25.1992673],[55.2621291,25.1992368],[55.2621848,25.1991939],[55.2622403,25.199253],[55.2623283,25.1993465]]]}},{"type":"Feature","id":"osm-way-550110797","properties":{"building":"yes","osm_type":"way","osm_id":550110797,"height_m":12,"height_source":"type-estimate","height_is_estimated":true},"geometry":{"type":"Polygon","coordinates":[[[55.2621852,25.1991702],[55.2621437,25.1992005],[55.262035,25.1990786],[55.2620764,25.1990483],[55.2621852,25.1991702]]]}},{"type":"Feature","id":"osm-way-550110798","properties":{"building":"yes","osm_type":"way","osm_id":550110798,"height_m":12,"height_source":"type-estimate","height_is_estimated":true},"geometry":{"type":"Polygon","coordinates":[[[55.2620105,25.1991014],[55.2621105,25.199203],[55.2619925,25.199298],[55.2619221,25.1992265],[55.2619332,25.1992176],[55.2619125,25.1991965],[55.2619409,25.1991735],[55.2619321,25.1991646],[55.2620105,25.1991014]]]}},{"type":"Feature","id":"osm-way-550110799","properties":{"building":"yes","osm_type":"way","osm_id":550110799,"height_m":12,"height_source":"type-estimate","height_is_estimated":true},"geometry":{"type":"Polygon","coordinates":[[[55.2621318,25.1994923],[55.2620599,25.1994158],[55.2620395,25.1994315],[55.2620034,25.1993932],[55.2620146,25.1993846],[55.2620075,25.1993771],[55.2619821,25.1993501],[55.2621291,25.1992368],[55.2621578,25.1992673],[55.2621298,25.1992888],[55.2622416,25.1994077],[55.2621318,25.1994923]]]}},{"type":"Feature","id":"osm-way-612395873","properties":{"addr:city":"دبي","addr:city:ar":"دبي","addr:city:en":"Dubai","addr:city:ur":"دبئی","building":"yes","building:levels":"5","capacity":"17000","height":"20","leisure":"stadium","name":"كوكاكولا أرينا","name:ar":"كوكاكولا أرينا","name:de":"Coca-Cola Arena","name:en":"Coca-Cola Arena","name:fr":"Coca-Cola Arena","operator":"آ إس إم جلوبال","operator:ar":"آ إس إم جلوبال","website":"https://www.coca-cola.com/xf/ar/social/coca-cola-arena","wikidata":"Q63859108","wikimedia_commons":"Category:Coca-Cola Arena","wikipedia":"ar:حلبة كوكاكولا","wikipedia:en":"en:Coca-Cola_Arena","osm_type":"way","osm_id":612395873,"height_m":20,"height_source":"osm-height","height_is_estimated":false},"geometry":{"type":"Polygon","coordinates":[[[55.2650685,25.2036308],[55.2650444,25.2037375],[55.2650358,25.2038367],[55.2650532,25.2039652],[55.2650868,25.2040959],[55.2650429,25.2041323],[55.2651088,25.2042284],[55.2652004,25.2043046],[55.2652992,25.2043642],[55.2653358,25.2043278],[55.265468,25.2043615],[55.2656233,25.2043754],[55.2657972,25.2043543],[55.2659251,25.2043093],[55.2660389,25.2042516],[55.266163,25.204164],[55.2662596,25.2040601],[55.2663215,25.2039589],[55.266376,25.20385],[55.2664637,25.2037678],[55.2665406,25.2036618],[55.2665992,25.2035293],[55.2666175,25.2033835],[55.2666065,25.2032344],[55.2665735,25.2031184],[55.2664271,25.203251],[55.2662586,25.2031019],[55.2664307,25.2029528],[55.2662843,25.2029163],[55.2660755,25.202913],[55.2658412,25.2029627],[55.2656617,25.2030654],[55.2655922,25.2031648],[55.2654164,25.2032477],[55.2653042,25.2033225],[55.2651994,25.2034161],[55.2651249,25.2035129],[55.2650685,25.2036308]]]}},{"type":"Feature","id":"osm-way-636375464","properties":{"building":"yes","name":"Address Residences Dubai Opera","osm_type":"way","osm_id":636375464,"height_m":12,"height_source":"type-estimate","height_is_estimated":true},"geometry":{"type":"Polygon","coordinates":[[[55.2720009,25.1975027],[55.2719503,25.1975823],[55.2718969,25.1976605],[55.2718408,25.1977371],[55.2717821,25.197812],[55.2718201,25.1978354],[55.2718493,25.1978534],[55.2717125,25.1980196],[55.271329,25.1977272],[55.2712331,25.1974352],[55.2713684,25.1973915],[55.2713322,25.1972999],[55.2716839,25.1971863],[55.2715577,25.1969384],[55.2717072,25.1966775],[55.2722114,25.1967479],[55.2721784,25.1968683],[55.2721395,25.1969874],[55.2720948,25.1971047],[55.2720445,25.1972201],[55.2719885,25.1973335],[55.2719271,25.1974444],[55.2720009,25.1975027]]]}},{"type":"Feature","id":"osm-way-666647174","properties":{"building":"yes","building:levels":"5","height":"25","name":"Imperial Avenue","start_date":"2024","osm_type":"way","osm_id":666647174,"height_m":25,"height_source":"osm-height","height_is_estimated":false},"geometry":{"type":"Polygon","coordinates":[[[55.2734571,25.1883331],[55.2743439,25.1877669],[55.2744068,25.1877575],[55.2744563,25.1877889],[55.2746536,25.1881013],[55.2746591,25.1881514],[55.2746388,25.1881936],[55.273791,25.1887307],[55.2737455,25.1887357],[55.2736999,25.1887087],[55.2734662,25.1884128],[55.273448,25.1883715],[55.2734571,25.1883331]]]}},{"type":"Feature","id":"osm-way-666650576","properties":{"building":"yes","building:levels":"2","height":"10","start_date":"2021","osm_type":"way","osm_id":666650576,"height_m":10,"height_source":"osm-height","height_is_estimated":false},"geometry":{"type":"Polygon","coordinates":[[[55.2748339,25.1874395],[55.2757957,25.1868359],[55.2760801,25.1872077],[55.2751277,25.1878247],[55.2748339,25.1874395]]]}},{"type":"Feature","id":"osm-way-685000020","properties":{"building":"yes","building:levels":"49","height":"210","image":"https://photos.app.goo.gl/BnNuA7Uex8seZNGu6","start_date":"2019","osm_type":"way","osm_id":685000020,"height_m":210,"height_source":"osm-height","height_is_estimated":false},"geometry":{"type":"Polygon","coordinates":[[[55.262007,25.1914351],[55.2618098,25.1912348],[55.2615869,25.1914145],[55.2617841,25.1916148],[55.262007,25.1914351]]]}},{"type":"Feature","id":"osm-way-723556578","properties":{"building":"yes","building:levels":"2","height":"8","osm_type":"way","osm_id":723556578,"height_m":8,"height_source":"osm-height","height_is_estimated":false},"geometry":{"type":"Polygon","coordinates":[[[55.2638081,25.2030167],[55.2641058,25.2028444],[55.2639091,25.2025661],[55.2636114,25.2027384],[55.2638081,25.2030167]]]}},{"type":"Feature","id":"osm-way-723556579","properties":{"building":"yes","building:levels":"6","height":"24","osm_type":"way","osm_id":723556579,"height_m":24,"height_source":"osm-height","height_is_estimated":false},"geometry":{"type":"Polygon","coordinates":[[[55.2634406,25.204548],[55.2639475,25.2042641],[55.2638297,25.2040918],[55.2633227,25.2043757],[55.2634406,25.204548]]]}},{"type":"Feature","id":"osm-way-723556580","properties":{"building":"yes","building:levels":"7","height":"28","osm_type":"way","osm_id":723556580,"height_m":28,"height_source":"osm-height","height_is_estimated":false},"geometry":{"type":"Polygon","coordinates":[[[55.2606721,25.2026503],[55.2606584,25.2026284],[55.2604898,25.2023512],[55.2603577,25.2021458],[55.2609239,25.201857],[55.2612272,25.2023438],[55.2610466,25.2024359],[55.2608499,25.2021202],[55.260639,25.2022278],[55.2608467,25.2025612],[55.2606721,25.2026503]]]}},{"type":"Feature","id":"osm-way-723556581","properties":{"building":"yes","building:levels":"7","height":"28","osm_type":"way","osm_id":723556581,"height_m":28,"height_source":"osm-height","height_is_estimated":false},"geometry":{"type":"Polygon","coordinates":[[[55.2622673,25.2028046],[55.2628199,25.2025034],[55.2624949,25.2020399],[55.2623324,25.2021284],[55.2626099,25.2025205],[55.2623919,25.2026392],[55.2621133,25.2022208],[55.2619411,25.2023147],[55.2622673,25.2028046]]]}},{"type":"Feature","id":"osm-way-723556584","properties":{"building":"yes","building:levels":"1","height":"4","osm_type":"way","osm_id":723556584,"height_m":4,"height_source":"osm-height","height_is_estimated":false},"geometry":{"type":"Polygon","coordinates":[[[55.2625797,25.2016614],[55.2627045,25.2015961],[55.2625346,25.2013299],[55.2624098,25.2013951],[55.2625797,25.2016614]]]}},{"type":"Feature","id":"osm-way-723556585","properties":{"building":"yes","building:levels":"1","height":"4","osm_type":"way","osm_id":723556585,"height_m":4,"height_source":"osm-height","height_is_estimated":false},"geometry":{"type":"Polygon","coordinates":[[[55.2633417,25.2012304],[55.263451,25.201171],[55.2633591,25.2010327],[55.2632498,25.2010921],[55.2633417,25.2012304]]]}},{"type":"Feature","id":"osm-way-723556586","properties":{"building":"yes","building:levels":"1","height":"4","osm_type":"way","osm_id":723556586,"height_m":4,"height_source":"osm-height","height_is_estimated":false},"geometry":{"type":"Polygon","coordinates":[[[55.262809,25.2015474],[55.2629984,25.2014463],[55.2629754,25.201411],[55.2630053,25.201395],[55.2630136,25.2014078],[55.2631876,25.2013149],[55.2631599,25.2012724],[55.2632545,25.201222],[55.2630974,25.2009811],[55.2630022,25.2010319],[55.263042,25.2010929],[55.2629709,25.2011308],[55.262933,25.2010727],[55.2627095,25.201192],[55.2627518,25.2012569],[55.2626802,25.2012951],[55.2626404,25.2012341],[55.262614,25.2012483],[55.262809,25.2015474]]]}},{"type":"Feature","id":"osm-way-723556587","properties":{"building":"yes","building:levels":"3","height":"12","name":"Valiant Clinic & Hospital","website":"https://www.valiantclinic.com/","osm_type":"way","osm_id":723556587,"height_m":12,"height_source":"osm-height","height_is_estimated":false},"geometry":{"type":"Polygon","coordinates":[[[55.2624931,25.2012342],[55.263136,25.200872],[55.2630562,25.200756],[55.2624133,25.2011183],[55.2624931,25.2012342]]]}},{"type":"Feature","id":"osm-way-723556588","properties":{"building":"yes","building:levels":"1","osm_type":"way","osm_id":723556588,"height_m":3.2,"height_source":"osm-levels-estimate","height_is_estimated":true},"geometry":{"type":"Polygon","coordinates":[[[55.2590901,25.1989297],[55.259192,25.1988788],[55.2592698,25.1988157],[55.2592483,25.1987089],[55.2591619,25.1986765],[55.2590418,25.1987137],[55.2589822,25.1987906],[55.2589855,25.1988788],[55.2590901,25.1989297]]]}},{"type":"Feature","id":"osm-way-723556589","properties":{"building":"yes","building:levels":"2","height":"8","osm_type":"way","osm_id":723556589,"height_m":8,"height_source":"osm-height","height_is_estimated":false},"geometry":{"type":"Polygon","coordinates":[[[55.2598424,25.2010207],[55.259989,25.2009345],[55.2599231,25.2008429],[55.2599087,25.2008228],[55.2598756,25.2008423],[55.2597621,25.200909],[55.2598424,25.2010207]]]}},{"type":"Feature","id":"osm-way-723556590","properties":{"building":"yes","building:levels":"2","height":"8","osm_type":"way","osm_id":723556590,"height_m":8,"height_source":"osm-height","height_is_estimated":false},"geometry":{"type":"Polygon","coordinates":[[[55.2596424,25.2010934],[55.2596985,25.2010604],[55.2597154,25.2010839],[55.2598067,25.2010302],[55.2597323,25.2009266],[55.2596074,25.2010001],[55.2595848,25.2010134],[55.2596424,25.2010934]]]}},{"type":"Feature","id":"osm-way-723556591","properties":{"building":"yes","building:levels":"2","height":"8","osm_type":"way","osm_id":723556591,"height_m":8,"height_source":"osm-height","height_is_estimated":false},"geometry":{"type":"Polygon","coordinates":[[[55.2595635,25.2009199],[55.2596578,25.2008595],[55.2595612,25.2007078],[55.2595448,25.2007052],[55.2595114,25.2007],[55.2593958,25.2006819],[55.2593663,25.2007669],[55.2594253,25.2007936],[55.2593824,25.200824],[55.2594602,25.200932],[55.2595219,25.2008883],[55.2595635,25.2009199]]]}},{"type":"Feature","id":"osm-way-723556592","properties":{"building":"yes","building:levels":"1","osm_type":"way","osm_id":723556592,"height_m":3.2,"height_source":"osm-levels-estimate","height_is_estimated":true},"geometry":{"type":"Polygon","coordinates":[[[55.2589795,25.2002646],[55.2591269,25.2001818],[55.2592147,25.2003098],[55.2592882,25.2002686],[55.2592156,25.2001628],[55.2591528,25.2000712],[55.2591041,25.2000986],[55.2590313,25.1999925],[55.2590055,25.1999548],[55.2589532,25.1999841],[55.2588712,25.2000302],[55.2588333,25.2000515],[55.2589795,25.2002646]]]}},{"type":"Feature","id":"osm-way-723556593","properties":{"building":"yes","building:levels":"1","osm_type":"way","osm_id":723556593,"height_m":3.2,"height_source":"osm-levels-estimate","height_is_estimated":true},"geometry":{"type":"Polygon","coordinates":[[[55.25931,25.2000704],[55.25942,25.2000122],[55.2593365,25.1998831],[55.2592265,25.1999413],[55.25931,25.2000704]]]}},{"type":"Feature","id":"osm-way-723556594","properties":{"building":"yes","building:levels":"1","osm_type":"way","osm_id":723556594,"height_m":3.2,"height_source":"osm-levels-estimate","height_is_estimated":true},"geometry":{"type":"Polygon","coordinates":[[[55.259833,25.1996788],[55.2599905,25.1995871],[55.2599714,25.1995603],[55.259857,25.1993995],[55.2596659,25.1995108],[55.259728,25.199598],[55.2597616,25.1995784],[55.259833,25.1996788]]]}},{"type":"Feature","id":"osm-way-723556595","properties":{"building":"yes","building:levels":"1","osm_type":"way","osm_id":723556595,"height_m":3.2,"height_source":"osm-levels-estimate","height_is_estimated":true},"geometry":{"type":"Polygon","coordinates":[[[55.2606209,25.2002634],[55.2606645,25.2002664],[55.2606799,25.2002409],[55.2607208,25.20025],[55.260749,25.2002864],[55.2608476,25.2002318],[55.260778,25.2001223],[55.2606786,25.2001244],[55.2606618,25.2000977],[55.260615,25.2001065],[55.2606082,25.2001462],[55.2605938,25.2001592],[55.2605735,25.2001727],[55.2605802,25.200181],[55.2606156,25.2002275],[55.2606209,25.2002634]]]}},{"type":"Feature","id":"osm-way-723556596","properties":{"building":"yes","building:levels":"1","osm_type":"way","osm_id":723556596,"height_m":3.2,"height_source":"osm-levels-estimate","height_is_estimated":true},"geometry":{"type":"Polygon","coordinates":[[[55.2604665,25.2000777],[55.2606297,25.19998],[55.2605809,25.1999133],[55.2604465,25.1999938],[55.2604604,25.2000128],[55.2604316,25.20003],[55.2604665,25.2000777]]]}},{"type":"Feature","id":"osm-way-723556597","properties":{"building":"yes","building:levels":"1","osm_type":"way","osm_id":723556597,"height_m":3.2,"height_source":"osm-levels-estimate","height_is_estimated":true},"geometry":{"type":"Polygon","coordinates":[[[55.2602716,25.2001921],[55.2603792,25.200125],[55.2603966,25.200148],[55.2604574,25.2001101],[55.2603896,25.2000211],[55.2602212,25.2001259],[55.2602716,25.2001921]]]}},{"type":"Feature","id":"osm-way-723556598","properties":{"building":"yes","building:levels":"1","osm_type":"way","osm_id":723556598,"height_m":3.2,"height_source":"osm-levels-estimate","height_is_estimated":true},"geometry":{"type":"Polygon","coordinates":[[[55.2604142,25.2004517],[55.2605053,25.2003974],[55.2605543,25.2004647],[55.2606178,25.2004268],[55.2605779,25.2003721],[55.260571,25.2003626],[55.2606136,25.2003372],[55.2605928,25.2003086],[55.2605494,25.200249],[55.260519,25.2002671],[55.2604856,25.2002214],[55.2604713,25.2002018],[55.2604566,25.2002105],[55.2604461,25.2002168],[55.2604251,25.2001879],[55.26037,25.2002208],[55.2604126,25.2002792],[55.2603261,25.2003308],[55.2604142,25.2004517]]]}},{"type":"Feature","id":"osm-way-723556599","properties":{"building":"yes","building:levels":"2","height":"8","osm_type":"way","osm_id":723556599,"height_m":8,"height_source":"osm-height","height_is_estimated":false},"geometry":{"type":"Polygon","coordinates":[[[55.2597385,25.2008076],[55.2598552,25.2007452],[55.2597855,25.2006384],[55.2596688,25.2007008],[55.2597385,25.2008076]]]}},{"type":"Feature","id":"osm-way-723556600","properties":{"building":"yes","building:levels":"1","height":"4","osm_type":"way","osm_id":723556600,"height_m":4,"height_source":"osm-height","height_is_estimated":false},"geometry":{"type":"Polygon","coordinates":[[[55.2601883,25.2010773],[55.2602335,25.2010513],[55.2602649,25.2010332],[55.2602931,25.2010169],[55.2602384,25.2009392],[55.2601335,25.2009996],[55.2601883,25.2010773]]]}},{"type":"Feature","id":"osm-way-723556601","properties":{"building":"yes","building:levels":"2","height":"8","osm_type":"way","osm_id":723556601,"height_m":8,"height_source":"osm-height","height_is_estimated":false},"geometry":{"type":"Polygon","coordinates":[[[55.2599497,25.2013736],[55.2601401,25.2012644],[55.2600406,25.2011224],[55.2598502,25.2012316],[55.2599497,25.2013736]]]}},{"type":"Feature","id":"osm-way-723556602","properties":{"building":"yes","building:levels":"2","height":"8","osm_type":"way","osm_id":723556602,"height_m":8,"height_source":"osm-height","height_is_estimated":false},"geometry":{"type":"Polygon","coordinates":[[[55.2606069,25.2011697],[55.2605946,25.2011483],[55.2606045,25.2011035],[55.2606129,25.2010655],[55.26068,25.2010218],[55.2607306,25.2010417],[55.2607539,25.2010509],[55.2607775,25.2010844],[55.2607517,25.2011109],[55.2607155,25.2011109],[55.2607437,25.2011413],[55.2607249,25.2011668],[55.2606893,25.2011698],[55.2606752,25.2011352],[55.2606511,25.2011704],[55.2606069,25.2011697]]]}},{"type":"Feature","id":"osm-way-723556603","properties":{"building":"yes","building:levels":"2","osm_type":"way","osm_id":723556603,"height_m":6.4,"height_source":"osm-levels-estimate","height_is_estimated":true},"geometry":{"type":"Polygon","coordinates":[[[55.2613733,25.2007263],[55.261443,25.2007378],[55.2614531,25.2006844],[55.2614953,25.2006789],[55.2615174,25.2006444],[55.2615745,25.2006607],[55.2615886,25.2006001],[55.2615577,25.2005843],[55.2615496,25.2005485],[55.261482,25.2005424],[55.2614504,25.2005898],[55.2613968,25.2006262],[55.2613478,25.2006213],[55.2613338,25.2006741],[55.2613807,25.2006814],[55.2613733,25.2007263]]]}},{"type":"Feature","id":"osm-way-723556604","properties":{"building":"yes","building:levels":"1","osm_type":"way","osm_id":723556604,"height_m":3.2,"height_source":"osm-levels-estimate","height_is_estimated":true},"geometry":{"type":"Polygon","coordinates":[[[55.2613725,25.2005396],[55.2614914,25.2004723],[55.2614186,25.200367],[55.2612997,25.2004344],[55.2613725,25.2005396]]]}},{"type":"Feature","id":"osm-way-723556605","properties":{"building":"yes","building:levels":"1","osm_type":"way","osm_id":723556605,"height_m":3.2,"height_source":"osm-levels-estimate","height_is_estimated":true},"geometry":{"type":"Polygon","coordinates":[[[55.2610572,25.2009619],[55.2612385,25.2008562],[55.2611712,25.2007618],[55.2611171,25.2007933],[55.2610832,25.2007457],[55.2609376,25.2008306],[55.260972,25.2008788],[55.2609888,25.2009024],[55.2610071,25.2008917],[55.2610572,25.2009619]]]}},{"type":"Feature","id":"osm-way-723556606","properties":{"building":"yes","building:levels":"1","osm_type":"way","osm_id":723556606,"height_m":3.2,"height_source":"osm-levels-estimate","height_is_estimated":true},"geometry":{"type":"Polygon","coordinates":[[[55.2610018,25.2007409],[55.2611037,25.2006826],[55.261033,25.2005813],[55.260931,25.2006395],[55.2610018,25.2007409]]]}},{"type":"Feature","id":"osm-way-723556607","properties":{"building":"yes","building:levels":"1","osm_type":"way","osm_id":723556607,"height_m":3.2,"height_source":"osm-levels-estimate","height_is_estimated":true},"geometry":{"type":"Polygon","coordinates":[[[55.2607691,25.1990778],[55.2610052,25.1989394],[55.2608747,25.1987572],[55.2606387,25.1988956],[55.2607691,25.1990778]]]}},{"type":"Feature","id":"osm-way-723556608","properties":{"building":"yes","building:levels":"1","osm_type":"way","osm_id":723556608,"height_m":3.2,"height_source":"osm-levels-estimate","height_is_estimated":true},"geometry":{"type":"Polygon","coordinates":[[[55.2615582,25.2001297],[55.2616662,25.2000627],[55.261551,25.1999106],[55.261443,25.1999777],[55.2614728,25.200017],[55.2614855,25.2000338],[55.2614709,25.2000429],[55.2615035,25.2000859],[55.2615181,25.2000768],[55.2615582,25.2001297]]]}},{"type":"Feature","id":"osm-way-723556609","properties":{"building":"yes","building:levels":"1","osm_type":"way","osm_id":723556609,"height_m":3.2,"height_source":"osm-levels-estimate","height_is_estimated":true},"geometry":{"type":"Polygon","coordinates":[[[55.2618114,25.2000653],[55.2618902,25.2000165],[55.2619315,25.1999908],[55.2619422,25.200005],[55.2619901,25.1999753],[55.26186,25.1998035],[55.2616939,25.1999065],[55.2617295,25.1999535],[55.2617106,25.1999652],[55.261752,25.2000199],[55.261769,25.2000094],[55.2618114,25.2000653]]]}},{"type":"Feature","id":"osm-way-723556610","properties":{"building":"yes","building:levels":"1","osm_type":"way","osm_id":723556610,"height_m":3.2,"height_source":"osm-levels-estimate","height_is_estimated":true},"geometry":{"type":"Polygon","coordinates":[[[55.2620437,25.2003435],[55.2621975,25.2002518],[55.262095,25.200111],[55.2620453,25.2001406],[55.2620136,25.2000971],[55.2619036,25.2001592],[55.2619695,25.2002458],[55.2620437,25.2003435]]]}},{"type":"Feature","id":"osm-way-723556611","properties":{"building":"yes","building:levels":"1","osm_type":"way","osm_id":723556611,"height_m":3.2,"height_source":"osm-levels-estimate","height_is_estimated":true},"geometry":{"type":"Polygon","coordinates":[[[55.2617095,25.2004076],[55.2617402,25.2003886],[55.2617735,25.2004326],[55.2619119,25.2003467],[55.2618068,25.2002081],[55.2617503,25.2002431],[55.2616714,25.2002921],[55.2616378,25.2003129],[55.2617095,25.2004076]]]}},{"type":"Feature","id":"osm-way-723556612","properties":{"building":"yes","building:levels":"1","height":"3","osm_type":"way","osm_id":723556612,"height_m":3,"height_source":"osm-height","height_is_estimated":false},"geometry":{"type":"Polygon","coordinates":[[[55.2647283,25.2003368],[55.264892,25.2002469],[55.2645675,25.199763],[55.2644012,25.1998543],[55.2644208,25.1998835],[55.2645614,25.1998064],[55.2646167,25.1998889],[55.2644787,25.1999646],[55.2647283,25.2003368]]]}},{"type":"Feature","id":"osm-way-723556613","properties":{"building":"yes","building:levels":"1","height":"3","osm_type":"way","osm_id":723556613,"height_m":3,"height_source":"osm-height","height_is_estimated":false},"geometry":{"type":"Polygon","coordinates":[[[55.2643371,25.2005307],[55.2645104,25.2004374],[55.2641964,25.1999596],[55.264023,25.2000529],[55.2643371,25.2005307]]]}},{"type":"Feature","id":"osm-way-723556614","properties":{"building":"yes","building:levels":"1","height":"3","osm_type":"way","osm_id":723556614,"height_m":3,"height_source":"osm-height","height_is_estimated":false},"geometry":{"type":"Polygon","coordinates":[[[55.2650566,25.200871],[55.2652755,25.2007475],[55.2649588,25.2002879],[55.2647398,25.2004114],[55.2650566,25.200871]]]}},{"type":"Feature","id":"osm-way-723556615","properties":{"building":"yes","building:levels":"1","height":"3","osm_type":"way","osm_id":723556615,"height_m":3,"height_source":"osm-height","height_is_estimated":false},"geometry":{"type":"Polygon","coordinates":[[[55.2646877,25.2010736],[55.2648943,25.2009583],[55.2645853,25.2005051],[55.2643787,25.2006205],[55.2646877,25.2010736]]]}},{"type":"Feature","id":"osm-way-723556616","properties":{"building":"yes","building:levels":"1","height":"3","osm_type":"way","osm_id":723556616,"height_m":3,"height_source":"osm-height","height_is_estimated":false},"geometry":{"type":"Polygon","coordinates":[[[55.2648998,25.2013854],[55.2654751,25.2010683],[55.265321,25.2008394],[55.265167,25.2009243],[55.2652189,25.2010013],[55.2649475,25.2011509],[55.2648988,25.2010786],[55.2647489,25.2011613],[55.2648998,25.2013854]]]}},{"type":"Feature","id":"osm-way-723556617","properties":{"building":"yes","building:levels":"3","height":"12","osm_type":"way","osm_id":723556617,"height_m":12,"height_source":"osm-height","height_is_estimated":false},"geometry":{"type":"Polygon","coordinates":[[[55.2640423,25.2018859],[55.2645744,25.2015905],[55.264242,25.2011005],[55.2637149,25.2013932],[55.2638329,25.2015672],[55.2641991,25.2013639],[55.2643098,25.2015272],[55.2640141,25.2016913],[55.2639752,25.2016339],[55.2638998,25.2016757],[55.2640423,25.2018859]]]}},{"type":"Feature","id":"osm-way-723556618","properties":{"building":"yes","building:levels":"1","height":"4","osm_type":"way","osm_id":723556618,"height_m":4,"height_source":"osm-height","height_is_estimated":false},"geometry":{"type":"Polygon","coordinates":[[[55.2632428,25.2018417],[55.2636051,25.2016454],[55.2635861,25.2016168],[55.2636509,25.2015817],[55.2636745,25.2016174],[55.2637518,25.2015755],[55.2636189,25.2013748],[55.2635417,25.2014167],[55.2635965,25.2014994],[55.2635274,25.2015369],[55.2634724,25.2014539],[55.2631145,25.2016478],[55.2632428,25.2018417]]]}},{"type":"Feature","id":"osm-way-723556619","properties":{"building":"yes","building:levels":"1","height":"4","osm_type":"way","osm_id":723556619,"height_m":4,"height_source":"osm-height","height_is_estimated":false},"geometry":{"type":"Polygon","coordinates":[[[55.2634509,25.2022077],[55.2639875,25.2019253],[55.263845,25.2017036],[55.2633084,25.201986],[55.2634509,25.2022077]]]}},{"type":"Feature","id":"osm-way-723556620","properties":{"building":"yes","building:levels":"1","height":"4","osm_type":"way","osm_id":723556620,"height_m":4,"height_source":"osm-height","height_is_estimated":false},"geometry":{"type":"Polygon","coordinates":[[[55.2632023,25.2022994],[55.2632694,25.2022654],[55.2632847,25.2022901],[55.2633942,25.2022345],[55.2633113,25.2021007],[55.2632979,25.2021075],[55.2630637,25.2017295],[55.2629003,25.2018124],[55.2629416,25.201879],[55.262905,25.2018976],[55.2631105,25.2022293],[55.2631473,25.2022107],[55.2632023,25.2022994]]]}},{"type":"Feature","id":"osm-way-723558047","properties":{"architect":"Skidmore, Owings & Merrill","building":"yes","building:levels":"60","building:material":"glass","height":"264","layer":"1","name":"The Address - Sky View Tower 1","osm_type":"way","osm_id":723558047,"height_m":264,"height_source":"osm-height","height_is_estimated":false},"geometry":{"type":"Polygon","coordinates":[[[55.2699899,25.2011012],[55.2699934,25.2011354],[55.2700138,25.2011719],[55.2700475,25.2012113],[55.2700959,25.2012548],[55.2701444,25.2012897],[55.2702052,25.2013274],[55.2702741,25.2013629],[55.2703168,25.2013829],[55.2703546,25.2013951],[55.2703773,25.2014021],[55.2704051,25.2014095],[55.2704436,25.2014152],[55.2704736,25.2014135],[55.2705006,25.2014074],[55.2705304,25.2013911],[55.2705459,25.2013738],[55.2705562,25.2013539],[55.2705615,25.201328],[55.2705606,25.2012988],[55.2705552,25.2012749],[55.270541,25.2012503],[55.2705195,25.2012248],[55.270496,25.2012011],[55.2704632,25.2011681],[55.2704423,25.2011482],[55.2704117,25.2011254],[55.2703399,25.2010817],[55.2702422,25.2010314],[55.2701845,25.2010101],[55.2701247,25.2009999],[55.270089,25.2010024],[55.2700534,25.2010123],[55.2700089,25.2010442],[55.2699943,25.2010718],[55.2699899,25.2011012]]]}},{"type":"Feature","id":"osm-way-723558400","properties":{"architect":"Skidmore, Owings & Merrill","building":"yes","building:levels":"55","building:material":"glass","height":"236","layer":"1","name":"The Address - Sky View Tower 2","osm_type":"way","osm_id":723558400,"height_m":236,"height_source":"osm-height","height_is_estimated":false},"geometry":{"type":"Polygon","coordinates":[[[55.2708008,25.2016955],[55.2708503,25.2017431],[55.2709391,25.2018006],[55.2710206,25.201852],[55.2710791,25.2018824],[55.2711283,25.201899],[55.27117,25.2019088],[55.2712071,25.2019121],[55.2712389,25.2019105],[55.2712654,25.2019012],[55.2712868,25.2018858],[55.2713021,25.201862],[55.2713059,25.2018272],[55.2713048,25.2018075],[55.2712943,25.2017769],[55.2712606,25.2017309],[55.2712025,25.2016781],[55.2711174,25.2016189],[55.2710384,25.2015723],[55.2709903,25.2015502],[55.2709423,25.201533],[55.2708784,25.2015186],[55.2708337,25.2015159],[55.2707999,25.2015295],[55.2707712,25.2015568],[55.2707619,25.2015905],[55.270763,25.201629],[55.2707778,25.201665],[55.2708008,25.2016955]]]}},{"type":"Feature","id":"osm-way-723559991","properties":{"addr:city":"دبي","addr:city:ar":"دبي","addr:city:en":"Dubai","addr:city:ur":"دبئی","addr:housename":"Bahwan Tower","building":"apartments","name":"Bahwan Tower","start_date":"2018","osm_type":"way","osm_id":723559991,"height_m":24,"height_source":"type-estimate","height_is_estimated":true},"geometry":{"type":"Polygon","coordinates":[[[55.27082,25.1907546],[55.271247,25.1904813],[55.2708929,25.1900205],[55.2707262,25.1901249],[55.2707451,25.1901496],[55.2704755,25.1903185],[55.27082,25.1907546]]]}},{"type":"Feature","id":"osm-way-723559992","properties":{"building":"apartments","building:levels":"17","name":"DT1","operator":"Ellington","start_date":"2020","osm_type":"way","osm_id":723559992,"height_m":54.400000000000006,"height_source":"osm-levels-estimate","height_is_estimated":true},"geometry":{"type":"Polygon","coordinates":[[[55.2690255,25.191644],[55.2695029,25.1919612],[55.2698427,25.1915424],[55.2693654,25.1912252],[55.2690255,25.191644]]]}},{"type":"Feature","id":"osm-way-723559993","properties":{"building":"yes","building:levels":"53","height":"200","name":"BLVD Heights Tower 1","start_date":"2020","osm_type":"way","osm_id":723559993,"height_m":200,"height_source":"osm-height","height_is_estimated":false},"geometry":{"type":"Polygon","coordinates":[[[55.2694157,25.1932648],[55.2697034,25.1933613],[55.2698601,25.1929789],[55.2695725,25.1928824],[55.2694157,25.1932648]]]}},{"type":"Feature","id":"osm-way-723559994","properties":{"building":"yes","building:levels":"46","height":"150","name":"BLVD Heights Tower 2","start_date":"2020","osm_type":"way","osm_id":723559994,"height_m":150,"height_source":"osm-height","height_is_estimated":false},"geometry":{"type":"Polygon","coordinates":[[[55.2698657,25.1925156],[55.2700822,25.1926692],[55.2703451,25.1923656],[55.2701285,25.1922121],[55.2698657,25.1925156]]]}},{"type":"Feature","id":"osm-way-723559996","properties":{"building":"yes","building:levels":"42","height":"150","start_date":"2019","osm_type":"way","osm_id":723559996,"height_m":150,"height_source":"osm-height","height_is_estimated":false},"geometry":{"type":"Polygon","coordinates":[[[55.2704278,25.1919981],[55.2706697,25.1919566],[55.2705892,25.1915731],[55.2703473,25.1916147],[55.2704278,25.1919981]]]}},{"type":"Feature","id":"osm-way-723559997","properties":{"building":"yes","building:levels":"1","name":"Opera Grand","name:en":"Opera Grand","osm_type":"way","osm_id":723559997,"height_m":3.2,"height_source":"osm-levels-estimate","height_is_estimated":true},"geometry":{"type":"Polygon","coordinates":[[[55.2708653,25.1935544],[55.2705593,25.1934138],[55.2704478,25.1936125],[55.2707538,25.1937531],[55.2708715,25.1938072],[55.2709649,25.1937058],[55.2710399,25.1935914],[55.2711052,25.1934456],[55.2711469,25.1933163],[55.2710293,25.1932623],[55.2707215,25.1931209],[55.270608,25.1933232],[55.2709158,25.1934646],[55.2708653,25.1935544]]]}},{"type":"Feature","id":"osm-way-723560000","properties":{"building":"yes","building:levels":"52","height":"193","start_date":"2022","osm_type":"way","osm_id":723560000,"height_m":193,"height_source":"osm-height","height_is_estimated":false},"geometry":{"type":"Polygon","coordinates":[[[55.2720037,25.192848],[55.2720213,25.1925751],[55.2715502,25.1925502],[55.2715326,25.1928231],[55.2720037,25.192848]]]}},{"type":"Feature","id":"osm-way-723560001","properties":{"building":"yes","building:levels":"1","description":"Closed as of 2022-04 for walk-in customers due to the pandemic (https://www.dubaiopera.com/frequently-asked-questions)","email":"boxoffice@dubaiopera","name":"Opera Box Office","opening_hours":"off","payment:credit_cards":"yes","payment:debit_cards":"yes","shop":"ticket","ticket":"theatre","wheelchair":"yes","osm_type":"way","osm_id":723560001,"height_m":3.2,"height_source":"osm-levels-estimate","height_is_estimated":true},"geometry":{"type":"Polygon","coordinates":[[[55.2707531,25.1956127],[55.2707045,25.1956081],[55.2706557,25.1956109],[55.2706082,25.1956215],[55.2705635,25.1956397],[55.2705232,25.1956647],[55.2705117,25.1956754],[55.2705069,25.1956897],[55.2705098,25.1957044],[55.2705197,25.1957163],[55.2705346,25.1957227],[55.2705849,25.1957337],[55.2706367,25.1957335],[55.2706869,25.1957222],[55.2707327,25.1957003],[55.2707727,25.1956701],[55.2707817,25.1956601],[55.2707868,25.195648],[55.2707858,25.195635],[55.2707789,25.1956236],[55.2707672,25.1956159],[55.2707531,25.1956127]]]}},{"type":"Feature","id":"osm-way-723560004","properties":{"addr:housenumber":"5-7","addr:street":"Al A'amal Street","building":"office","building:levels":"21","start_date":"2020","osm_type":"way","osm_id":723560004,"height_m":67.2,"height_source":"osm-levels-estimate","height_is_estimated":true},"geometry":{"type":"Polygon","coordinates":[[[55.2663173,25.1887385],[55.2664664,25.1881509],[55.2667498,25.1882615],[55.266933,25.1883326],[55.2671022,25.1884],[55.2671032,25.1884004],[55.2673894,25.1885125],[55.267241,25.189104],[55.2669436,25.1889918],[55.2668053,25.1889372],[55.2665804,25.1888485],[55.2663173,25.1887385]]]}},{"type":"Feature","id":"osm-way-727252587","properties":{"building":"yes","osm_type":"way","osm_id":727252587,"height_m":12,"height_source":"type-estimate","height_is_estimated":true},"geometry":{"type":"Polygon","coordinates":[[[55.2688013,25.1898678],[55.2687856,25.1894613],[55.2690959,25.1894515],[55.2690979,25.189503],[55.2691704,25.1895007],[55.2691808,25.1897698],[55.2691072,25.1897721],[55.2691106,25.189858],[55.2688013,25.1898678]]]}},{"type":"Feature","id":"osm-way-727252589","properties":{"building":"yes","osm_type":"way","osm_id":727252589,"height_m":12,"height_source":"type-estimate","height_is_estimated":true},"geometry":{"type":"Polygon","coordinates":[[[55.269385,25.1899532],[55.2693053,25.1899565],[55.2693,25.1898502],[55.2693797,25.189847],[55.269385,25.1899532]]]}},{"type":"Feature","id":"osm-way-727252590","properties":{"building":"yes","osm_type":"way","osm_id":727252590,"height_m":12,"height_source":"type-estimate","height_is_estimated":true},"geometry":{"type":"Polygon","coordinates":[[[55.2693859,25.1899673],[55.2693354,25.1899708],[55.2693394,25.1900383],[55.2693903,25.1900387],[55.2693859,25.1899673]]]}},{"type":"Feature","id":"osm-way-727252591","properties":{"building":"yes","osm_type":"way","osm_id":727252591,"height_m":12,"height_source":"type-estimate","height_is_estimated":true},"geometry":{"type":"Polygon","coordinates":[[[55.2693566,25.1894455],[55.2692922,25.1894489],[55.2693022,25.1896048],[55.2693666,25.1896014],[55.2693566,25.1894455]]]}},{"type":"Feature","id":"osm-way-727252592","properties":{"building":"yes","osm_type":"way","osm_id":727252592,"height_m":12,"height_source":"type-estimate","height_is_estimated":true},"geometry":{"type":"Polygon","coordinates":[[[55.2693496,25.1897113],[55.2693542,25.1897163],[55.2693568,25.1897225],[55.2693572,25.189729],[55.2693552,25.1897353],[55.2693512,25.1897408],[55.2693455,25.1897448],[55.2693387,25.189747],[55.2693314,25.1897471],[55.269324,25.189745],[55.2693178,25.1897407],[55.2693136,25.1897348],[55.2693118,25.189728],[55.2693126,25.1897209],[55.269316,25.1897146],[55.2693216,25.1897097],[55.2693287,25.1897068],[55.2693365,25.1897062],[55.2693435,25.1897078],[55.2693496,25.1897113]]]}},{"type":"Feature","id":"osm-way-727252593","properties":{"building":"yes","osm_type":"way","osm_id":727252593,"height_m":12,"height_source":"type-estimate","height_is_estimated":true},"geometry":{"type":"Polygon","coordinates":[[[55.269354,25.1897761],[55.2693586,25.1897811],[55.2693612,25.1897873],[55.2693616,25.1897938],[55.2693596,25.1898001],[55.2693556,25.1898056],[55.2693499,25.1898096],[55.2693431,25.1898118],[55.2693358,25.189812],[55.2693284,25.1898098],[55.2693222,25.1898055],[55.269318,25.1897996],[55.2693162,25.1897928],[55.269317,25.1897857],[55.2693205,25.1897794],[55.269326,25.1897745],[55.2693331,25.1897716],[55.2693409,25.189771],[55.2693479,25.1897726],[55.269354,25.1897761]]]}},{"type":"Feature","id":"osm-way-727252594","properties":{"building":"yes","osm_type":"way","osm_id":727252594,"height_m":12,"height_source":"type-estimate","height_is_estimated":true},"geometry":{"type":"Polygon","coordinates":[[[55.2681782,25.1895003],[55.2681994,25.1893302],[55.2683022,25.1893407],[55.2682809,25.1895108],[55.2681782,25.1895003]]]}},{"type":"Feature","id":"osm-way-742158632","properties":{"building":"commercial","osm_type":"way","osm_id":742158632,"height_m":20,"height_source":"type-estimate","height_is_estimated":true},"geometry":{"type":"Polygon","coordinates":[[[55.2585715,25.1872361],[55.2587824,25.1874681],[55.2584651,25.1877072],[55.2582536,25.1874752],[55.2585715,25.1872361]]]}},{"type":"Feature","id":"osm-way-838984831","properties":{"building":"yes","building:colour":"#CFD0BB","building:levels":"66","height":"254.6","image":"https://photos.app.goo.gl/JMmUbj3SVvFVbGBG6","material":"concrete","name":"Burj Vista Tower 1","roof:height":"3","roof:shape":"round","start_date":"2018","osm_type":"way","osm_id":838984831,"height_m":254.6,"height_source":"osm-height","height_is_estimated":false},"geometry":{"type":"Polygon","coordinates":[[[55.2712148,25.1985122],[55.2712926,25.1985559],[55.2713441,25.198589],[55.2714328,25.1986567],[55.2715004,25.1987324],[55.2715518,25.1988063],[55.2715984,25.1989062],[55.271633,25.1990085],[55.2715642,25.1990528],[55.2715096,25.1990698],[55.2714367,25.1990815],[55.2713672,25.1990757],[55.2713336,25.1990515],[55.2713107,25.1990209],[55.2712901,25.1989483],[55.271264,25.1988835],[55.2711853,25.1988286],[55.2711192,25.1987962],[55.2710883,25.1987464],[55.2710924,25.1986779],[55.2711225,25.198608],[55.2711516,25.1985778],[55.2712148,25.1985122]]]}},{"type":"Feature","id":"osm-way-838984832","properties":{"building":"yes","building:levels":"23","height":"90","start_date":"2019","osm_type":"way","osm_id":838984832,"height_m":90,"height_source":"osm-height","height_is_estimated":false},"geometry":{"type":"Polygon","coordinates":[[[55.2709283,25.1913932],[55.2713575,25.1913495],[55.2713355,25.1911727],[55.2709063,25.1912164],[55.2709283,25.1913932]]]}},{"type":"Feature","id":"osm-way-838984833","properties":{"building":"yes","building:colour":"#CFD0BB","building:levels":"20","height":"98.1","name":"Burj Vista Tower 2","start_date":"2018","osm_type":"way","osm_id":838984833,"height_m":98.1,"height_source":"osm-height","height_is_estimated":false},"geometry":{"type":"Polygon","coordinates":[[[55.2707147,25.1980414],[55.2707848,25.1981464],[55.2708247,25.1982513],[55.2708617,25.1983933],[55.2708615,25.198501],[55.2708615,25.1985208],[55.2707959,25.1985431],[55.270715,25.1985269],[55.2706628,25.1984765],[55.2706021,25.1983403],[55.2705759,25.1982009],[55.2705775,25.1981114],[55.2706045,25.1980515],[55.2706185,25.1980387],[55.2706577,25.1980027],[55.2707147,25.1980414]]]}},{"type":"Feature","id":"osm-way-923371387","properties":{"building":"yes","osm_type":"way","osm_id":923371387,"height_m":12,"height_source":"type-estimate","height_is_estimated":true},"geometry":{"type":"Polygon","coordinates":[[[55.2694239,25.2044225],[55.2694243,25.2044003],[55.2694139,25.2044001],[55.2694141,25.2043877],[55.2694255,25.2043879],[55.269426,25.2043668],[55.2694697,25.2043675],[55.2694685,25.2044232],[55.2694239,25.2044225]]]}},{"type":"Feature","id":"osm-way-934736560","properties":{"building":"yes","building:levels":"36","building:material":"glass","height":"168","name":"Boulevard Plaza Tower 1","name:en":"Boulevard Plaza Tower 1","start_date":"2011","osm_type":"way","osm_id":934736560,"height_m":168,"height_source":"osm-height","height_is_estimated":false},"geometry":{"type":"Polygon","coordinates":[[[55.2754144,25.2002353],[55.2754184,25.2001268],[55.2754204,25.2000716],[55.2754244,25.1999629],[55.2751968,25.1999738],[55.2747279,25.1999964],[55.2747259,25.2000507],[55.2747239,25.2001059],[55.2747219,25.2001602],[55.2751572,25.2002074],[55.2754144,25.2002353]]]}},{"type":"Feature","id":"osm-way-1041684723","properties":{"building":"yes","building:levels":"61","height":"264","layer":"2","start_date":"2019","osm_type":"way","osm_id":1041684723,"height_m":264,"height_source":"osm-height","height_is_estimated":false},"geometry":{"type":"Polygon","coordinates":[[[55.2698104,25.200994],[55.270102,25.201366],[55.2707081,25.2020747],[55.2708399,25.2021594],[55.2709826,25.2021831],[55.2711148,25.2021703],[55.2712072,25.202147],[55.2712891,25.2021081],[55.2713567,25.2020434],[55.2713721,25.2020118],[55.271386,25.2020163],[55.2714308,25.2020248],[55.2714603,25.2020166],[55.2714694,25.2019909],[55.2714615,25.2019473],[55.2714163,25.2018872],[55.27139,25.2018582],[55.2713797,25.2018121],[55.2713542,25.2017732],[55.2713276,25.2017326],[55.2712713,25.2016598],[55.271215,25.201587],[55.2711694,25.201536],[55.2711243,25.2014903],[55.2710717,25.2014383],[55.2710299,25.2013831],[55.2709441,25.2012812],[55.2708699,25.2011662],[55.2708218,25.2010579],[55.2707885,25.2009317],[55.2707724,25.2007958],[55.2707107,25.2007036],[55.270697,25.2006836],[55.2706249,25.2006429],[55.2705417,25.2006429],[55.2704245,25.2006922],[55.2703513,25.2007521],[55.270236,25.2008201],[55.270016,25.2009147],[55.2698739,25.2009584],[55.2698104,25.200994]]]}},{"type":"Feature","id":"osm-way-1047612077","properties":{"building":"apartments","building:levels":"72","height":"279","name":"Grande Signature Residences","start_date":"2023","osm_type":"way","osm_id":1047612077,"height_m":279,"height_source":"osm-height","height_is_estimated":false},"geometry":{"type":"Polygon","coordinates":[[[55.2717975,25.1945182],[55.271792,25.19509],[55.2714815,25.1950876],[55.2714868,25.1945158],[55.2717975,25.1945182]]]}},{"type":"Feature","id":"osm-way-1047612078","properties":{"building":"yes","building:levels":"71","height":"288","name":"Opera Grand","name:en":"Opera Grand","start_date":"2021","osm_type":"way","osm_id":1047612078,"height_m":288,"height_source":"osm-height","height_is_estimated":false},"geometry":{"type":"Polygon","coordinates":[[[55.2714987,25.1935685],[55.2714415,25.1936696],[55.2713497,25.1937815],[55.2712634,25.1938386],[55.2712066,25.1938556],[55.2711499,25.1938424],[55.2711132,25.1937994],[55.2711109,25.193753],[55.2711526,25.1936662],[55.2712526,25.1935531],[55.2712663,25.1935445],[55.2713686,25.19348],[55.2714302,25.1934706],[55.2714693,25.1934858],[55.2714932,25.1935225],[55.2714987,25.1935685]]]}},{"type":"Feature","id":"osm-way-1047612079","properties":{"building":"yes","building:levels":"46","height":"172","start_date":"2022","osm_type":"way","osm_id":1047612079,"height_m":172,"height_source":"osm-height","height_is_estimated":false},"geometry":{"type":"Polygon","coordinates":[[[55.2708731,25.1929524],[55.2711275,25.1930761],[55.271335,25.1927269],[55.2713527,25.1926971],[55.2710983,25.1925733],[55.2708731,25.1929524]]]}},{"type":"Feature","id":"osm-way-1047612083","properties":{"building":"yes","name":"إل بريمو","name:ar":"إل بريمو","name:de":"Il Primo","name:en":"Il Primo","name:fr":"Il Primo","name:ur":"ال پریمو","osm_type":"way","osm_id":1047612083,"height_m":12,"height_source":"type-estimate","height_is_estimated":true},"geometry":{"type":"Polygon","coordinates":[[[55.2717919,25.1961487],[55.2718061,25.1961234],[55.2718064,25.1961231],[55.2718253,25.196101],[55.2718488,25.1960823],[55.2718758,25.1960679],[55.2719053,25.1960583],[55.2719794,25.1960398],[55.2721492,25.1959973],[55.2721884,25.1959919],[55.2722279,25.1959944],[55.2722659,25.1960047],[55.2723004,25.1960224],[55.2723298,25.1960464],[55.2723526,25.1960757],[55.2723678,25.1961088],[55.2723745,25.1961442],[55.2723774,25.1962832],[55.2723756,25.1963378],[55.2723715,25.1963946],[55.2723625,25.1964509],[55.2723485,25.1965064],[55.2723297,25.1965607],[55.2723105,25.1965994],[55.2722768,25.1966289],[55.2722336,25.1966456],[55.2721866,25.1966471],[55.2719059,25.1966189],[55.2718613,25.1966017],[55.2718211,25.1965772],[55.2717866,25.1965465],[55.271759,25.1965104],[55.2717393,25.1964704],[55.2717282,25.1964277],[55.2717261,25.1963839],[55.271733,25.1963405],[55.2717865,25.1961777],[55.2717919,25.1961487]]]}},{"type":"Feature","id":"osm-way-1047612084","properties":{"building":"yes","building:levels":"65","height":"260","image":"https://photos.app.goo.gl/JMmUbj3SVvFVbGBG6","name":"Address Residences Dubai Opera Tower 1","start_date":"2022","osm_type":"way","osm_id":1047612084,"height_m":260,"height_source":"osm-height","height_is_estimated":false},"geometry":{"type":"Polygon","coordinates":[[[55.2716921,25.1967696],[55.2721038,25.1969672],[55.2720003,25.197147],[55.2715886,25.1969494],[55.2716921,25.1967696]]]}},{"type":"Feature","id":"osm-way-1047612085","properties":{"building":"yes","building:levels":"55","height":"230","image":"https://photos.app.goo.gl/JMmUbj3SVvFVbGBG6","name":"Address Residences Dubai Opera Tower 2","start_date":"2022","osm_type":"way","osm_id":1047612085,"height_m":230,"height_source":"osm-height","height_is_estimated":false},"geometry":{"type":"Polygon","coordinates":[[[55.2716107,25.1973389],[55.2717675,25.1977517],[55.2715549,25.1978178],[55.2713981,25.197405],[55.2716107,25.1973389]]]}},{"type":"Feature","id":"osm-way-1047612087","properties":{"building":"industrial","osm_type":"way","osm_id":1047612087,"height_m":9,"height_source":"type-estimate","height_is_estimated":true},"geometry":{"type":"Polygon","coordinates":[[[55.271052,25.1959766],[55.2710953,25.1959418],[55.2711445,25.1959241],[55.2711985,25.1959218],[55.2712348,25.1959372],[55.2712532,25.1959538],[55.2712764,25.1959895],[55.2712853,25.1960354],[55.2710527,25.1960938],[55.2710379,25.1960352],[55.2710387,25.1960064],[55.271052,25.1959766]]]}},{"type":"Feature","id":"osm-way-1047612088","properties":{"building":"industrial","osm_type":"way","osm_id":1047612088,"height_m":9,"height_source":"type-estimate","height_is_estimated":true},"geometry":{"type":"Polygon","coordinates":[[[55.270889,25.1961349],[55.2708707,25.1960723],[55.2708685,25.1960151],[55.2708847,25.1959779],[55.2709105,25.1959549],[55.2709416,25.1959414],[55.2709721,25.1959517],[55.2709923,25.1959644],[55.2710102,25.195999],[55.2710154,25.1960468],[55.2710021,25.1961065],[55.270889,25.1961349]]]}},{"type":"Feature","id":"osm-way-1047612089","properties":{"building":"industrial","osm_type":"way","osm_id":1047612089,"height_m":9,"height_source":"type-estimate","height_is_estimated":true},"geometry":{"type":"Polygon","coordinates":[[[55.2708198,25.1961523],[55.2707265,25.1961757],[55.2706735,25.1961101],[55.2706571,25.1960713],[55.2706614,25.1960387],[55.2706744,25.1960152],[55.2707035,25.196004],[55.2707464,25.1960064],[55.2707803,25.1960221],[55.2708027,25.1960552],[55.2708212,25.1960988],[55.2708198,25.1961523]]]}},{"type":"Feature","id":"osm-way-1047612090","properties":{"building":"industrial","osm_type":"way","osm_id":1047612090,"height_m":9,"height_source":"type-estimate","height_is_estimated":true},"geometry":{"type":"Polygon","coordinates":[[[55.2704179,25.1961799],[55.2704238,25.1961382],[55.2704472,25.1961081],[55.2704818,25.1960905],[55.2705273,25.1960785],[55.2705674,25.1960785],[55.2706017,25.1960842],[55.2706296,25.1961012],[55.2706551,25.1961317],[55.2706655,25.1961612],[55.2706717,25.1961894],[55.270453,25.1962443],[55.2704247,25.1962147],[55.2704179,25.1961799]]]}},{"type":"Feature","id":"osm-way-1047612098","properties":{"building":"yes","osm_type":"way","osm_id":1047612098,"height_m":12,"height_source":"type-estimate","height_is_estimated":true},"geometry":{"type":"Polygon","coordinates":[[[55.2699813,25.1951566],[55.2699704,25.1951244],[55.2699672,25.195071],[55.2699826,25.1950359],[55.2699991,25.1950286],[55.2700131,25.1950336],[55.2700294,25.1950661],[55.2700281,25.1951223],[55.2700152,25.1951589],[55.2699978,25.1951642],[55.2699813,25.1951566]]]}},{"type":"Feature","id":"osm-way-1070120924","properties":{"building":"yes","building:levels":"10","start_date":"2019","osm_type":"way","osm_id":1070120924,"height_m":32,"height_source":"osm-levels-estimate","height_is_estimated":true},"geometry":{"type":"Polygon","coordinates":[[[55.2622531,25.1908776],[55.2624489,25.191088],[55.2621438,25.1913205],[55.261948,25.1911101],[55.2622531,25.1908776]]]}},{"type":"Feature","id":"osm-way-1072528777","properties":{"building":"yes","osm_type":"way","osm_id":1072528777,"height_m":12,"height_source":"type-estimate","height_is_estimated":true},"geometry":{"type":"Polygon","coordinates":[[[55.2605044,25.1883959],[55.2606697,25.1885724],[55.2606901,25.1885943],[55.2603651,25.1888435],[55.2601793,25.1886451],[55.2605044,25.1883959]]]}},{"type":"Feature","id":"osm-way-1072528778","properties":{"building":"yes","osm_type":"way","osm_id":1072528778,"height_m":12,"height_source":"type-estimate","height_is_estimated":true},"geometry":{"type":"Polygon","coordinates":[[[55.2599331,25.1881216],[55.2601054,25.1883239],[55.259799,25.1885376],[55.2596267,25.1883352],[55.2599331,25.1881216]]]}},{"type":"Feature","id":"osm-way-1092739436","properties":{"building":"parking","osm_type":"way","osm_id":1092739436,"height_m":12,"height_source":"type-estimate","height_is_estimated":true},"geometry":{"type":"Polygon","coordinates":[[[55.2726962,25.2004344],[55.2727351,25.2005006],[55.2728265,25.2006562],[55.2728622,25.2007171],[55.2727866,25.2007544],[55.2729321,25.2009937],[55.2729748,25.2009733],[55.2731514,25.201277],[55.2731664,25.2012697],[55.2732085,25.2013407],[55.2726733,25.201597],[55.2719585,25.2019384],[55.2718416,25.2019037],[55.2715942,25.2014725],[55.2709849,25.2004104],[55.2710223,25.2003269],[55.2714272,25.2001797],[55.272204,25.1998976],[55.2724261,25.1999749],[55.2725498,25.2001935],[55.272483,25.2002264],[55.2726245,25.20047],[55.2726962,25.2004344]]]}},{"type":"Feature","id":"osm-way-1092739445","properties":{"building":"yes","image":"https://photos.app.goo.gl/5tAKWCTZTgnT8LYo8","osm_type":"way","osm_id":1092739445,"height_m":12,"height_source":"type-estimate","height_is_estimated":true},"geometry":{"type":"Polygon","coordinates":[[[55.2710345,25.2023139],[55.2713053,25.2023967],[55.2713304,25.2023975],[55.2713518,25.2023936],[55.2713712,25.2023843],[55.2713905,25.2023677],[55.2714234,25.2022634],[55.2714234,25.2022352],[55.2714124,25.2022046],[55.2713923,25.2021806],[55.2713639,25.2021632],[55.2713365,25.2021541],[55.2712989,25.2021566],[55.2710436,25.2022195],[55.2710207,25.2022443],[55.2710134,25.2022708],[55.2710189,25.202294],[55.2710345,25.2023139]]]}},{"type":"Feature","id":"osm-way-1092759181","properties":{"building":"yes","osm_type":"way","osm_id":1092759181,"height_m":12,"height_source":"type-estimate","height_is_estimated":true},"geometry":{"type":"Polygon","coordinates":[[[55.2701557,25.1948614],[55.2702495,25.1948666],[55.2702651,25.1946383],[55.2701713,25.1946331],[55.2701557,25.1948614]]]}},{"type":"Feature","id":"osm-way-1092759183","properties":{"building":"yes","osm_type":"way","osm_id":1092759183,"height_m":12,"height_source":"type-estimate","height_is_estimated":true},"geometry":{"type":"Polygon","coordinates":[[[55.2681063,25.1938676],[55.2684257,25.1939672],[55.2684457,25.1939149],[55.2683544,25.1938864],[55.2683625,25.1938652],[55.2681343,25.193794],[55.2681063,25.1938676]]]}},{"type":"Feature","id":"osm-way-1092759184","properties":{"building":"yes","osm_type":"way","osm_id":1092759184,"height_m":12,"height_source":"type-estimate","height_is_estimated":true},"geometry":{"type":"Polygon","coordinates":[[[55.2682091,25.1933533],[55.2681629,25.1934747],[55.2681772,25.1934792],[55.268116,25.1936398],[55.2684639,25.1937484],[55.2684959,25.1936645],[55.2684781,25.1936589],[55.2685074,25.1935822],[55.2685577,25.1935979],[55.2686039,25.1934765],[55.2682091,25.1933533]]]}},{"type":"Feature","id":"osm-way-1092963778","properties":{"building":"yes","osm_type":"way","osm_id":1092963778,"height_m":12,"height_source":"type-estimate","height_is_estimated":true},"geometry":{"type":"Polygon","coordinates":[[[55.2706142,25.1970574],[55.2706395,25.1970633],[55.2706625,25.1970747],[55.2706817,25.1970909],[55.2706959,25.1971108],[55.2707043,25.1971332],[55.2707064,25.1971568],[55.2707021,25.1971802],[55.2706748,25.1971702],[55.2706509,25.1971545],[55.270632,25.1971341],[55.2706191,25.1971101],[55.2706131,25.197084],[55.2706142,25.1970574]]]}},{"type":"Feature","id":"osm-way-1092998635","properties":{"building":"yes","osm_type":"way","osm_id":1092998635,"height_m":12,"height_source":"type-estimate","height_is_estimated":true},"geometry":{"type":"Polygon","coordinates":[[[55.2681093,25.1902502],[55.2681866,25.1902618],[55.2681998,25.190189],[55.2681271,25.1901527],[55.2681093,25.1902502]]]}},{"type":"Feature","id":"osm-way-1092998636","properties":{"building":"yes","osm_type":"way","osm_id":1092998636,"height_m":12,"height_source":"type-estimate","height_is_estimated":true},"geometry":{"type":"Polygon","coordinates":[[[55.2683606,25.1911843],[55.2684201,25.1911072],[55.2680091,25.1908476],[55.2679913,25.1908707],[55.2679797,25.1909435],[55.2683606,25.1911843]]]}},{"type":"Feature","id":"osm-way-1092998642","properties":{"building":"yes","osm_type":"way","osm_id":1092998642,"height_m":12,"height_source":"type-estimate","height_is_estimated":true},"geometry":{"type":"Polygon","coordinates":[[[55.2679987,25.1907846],[55.268062,25.1907966],[55.2680507,25.1908446],[55.2682079,25.190875],[55.2682196,25.1908255],[55.2684756,25.1908742],[55.2685312,25.1906345],[55.2684417,25.1905291],[55.2682961,25.1905014],[55.2683058,25.1904602],[55.2681485,25.1904298],[55.2681383,25.190473],[55.268074,25.1904607],[55.2679987,25.1907846]]]}},{"type":"Feature","id":"osm-way-1092998650","properties":{"building":"yes","osm_type":"way","osm_id":1092998650,"height_m":12,"height_source":"type-estimate","height_is_estimated":true},"geometry":{"type":"Polygon","coordinates":[[[55.2696707,25.1896223],[55.2697815,25.1896031],[55.269774,25.1895676],[55.2696632,25.1895868],[55.2696707,25.1896223]]]}},{"type":"Feature","id":"osm-way-1092998651","properties":{"building":"yes","osm_type":"way","osm_id":1092998651,"height_m":12,"height_source":"type-estimate","height_is_estimated":true},"geometry":{"type":"Polygon","coordinates":[[[55.26954,25.1896447],[55.2696552,25.1896247],[55.2696477,25.1895892],[55.2695325,25.1896092],[55.26954,25.1896447]]]}},{"type":"Feature","id":"osm-way-1092998652","properties":{"building":"yes","osm_type":"way","osm_id":1092998652,"height_m":12,"height_source":"type-estimate","height_is_estimated":true},"geometry":{"type":"Polygon","coordinates":[[[55.2696392,25.1897625],[55.269733,25.1897463],[55.2697101,25.189638],[55.2696163,25.1896543],[55.2696392,25.1897625]]]}},{"type":"Feature","id":"osm-way-1092998653","properties":{"building":"yes","osm_type":"way","osm_id":1092998653,"height_m":12,"height_source":"type-estimate","height_is_estimated":true},"geometry":{"type":"Polygon","coordinates":[[[55.2696723,25.1899046],[55.2697707,25.1898875],[55.2697487,25.1897839],[55.2696504,25.1898009],[55.2696723,25.1899046]]]}},{"type":"Feature","id":"osm-way-1092998654","properties":{"building":"yes","osm_type":"way","osm_id":1092998654,"height_m":12,"height_source":"type-estimate","height_is_estimated":true},"geometry":{"type":"Polygon","coordinates":[[[55.2695973,25.1899322],[55.2696626,25.1899209],[55.2696067,25.1896565],[55.2695414,25.1896679],[55.2695973,25.1899322]]]}},{"type":"Feature","id":"osm-way-1092998655","properties":{"building":"yes","osm_type":"way","osm_id":1092998655,"height_m":12,"height_source":"type-estimate","height_is_estimated":true},"geometry":{"type":"Polygon","coordinates":[[[55.2701609,25.1896134],[55.2703556,25.1895698],[55.270324,25.1894542],[55.2704825,25.1894187],[55.2704205,25.1891921],[55.2700673,25.1892713],[55.2701609,25.1896134]]]}},{"type":"Feature","id":"osm-way-1093006372","properties":{"building":"yes","osm_type":"way","osm_id":1093006372,"height_m":12,"height_source":"type-estimate","height_is_estimated":true},"geometry":{"type":"Polygon","coordinates":[[[55.2734763,25.1910763],[55.2735214,25.1910799],[55.2735601,25.1910739],[55.2736039,25.1910521],[55.2736153,25.1910368],[55.2735988,25.1910224],[55.2735503,25.191021],[55.2735146,25.1910268],[55.2734711,25.1910419],[55.2734621,25.1910596],[55.2734763,25.1910763]]]}},{"type":"Feature","id":"osm-way-1094570638","properties":{"building":"yes","osm_type":"way","osm_id":1094570638,"height_m":12,"height_source":"type-estimate","height_is_estimated":true},"geometry":{"type":"Polygon","coordinates":[[[55.2711596,25.1922569],[55.2711229,25.1922858],[55.2710976,25.1923189],[55.2710938,25.1923359],[55.2711006,25.1923512],[55.2711181,25.1923555],[55.2711372,25.1923505],[55.2711697,25.1923215],[55.2711975,25.1922874],[55.2712012,25.1922706],[55.2711927,25.1922567],[55.2711765,25.1922523],[55.2711596,25.1922569]]]}},{"type":"Feature","id":"osm-way-1094645608","properties":{"building":"parking","osm_type":"way","osm_id":1094645608,"height_m":12,"height_source":"type-estimate","height_is_estimated":true},"geometry":{"type":"Polygon","coordinates":[[[55.2739989,25.2019572],[55.2738428,25.2016812],[55.273927,25.2016423],[55.2737607,25.2013705],[55.2736866,25.2014048],[55.2736501,25.2013355],[55.273556,25.2011698],[55.2735465,25.2011571],[55.2736221,25.2011221],[55.2734918,25.2008916],[55.2734162,25.2009266],[55.2731902,25.200527],[55.2740989,25.200082],[55.2754994,25.2004711],[55.275281,25.2011895],[55.2751687,25.2013519],[55.2750943,25.2014596],[55.275012,25.2015786],[55.2742663,25.2020193],[55.2739989,25.2019572]]]}},{"type":"Feature","id":"osm-way-1094649646","properties":{"building":"yes","osm_type":"way","osm_id":1094649646,"height_m":12,"height_source":"type-estimate","height_is_estimated":true},"geometry":{"type":"Polygon","coordinates":[[[55.2742673,25.19597],[55.2740273,25.1959785],[55.2740139,25.1958183],[55.2740825,25.1958485],[55.274148,25.1958841],[55.2742098,25.1959247],[55.2742673,25.19597]]]}},{"type":"Feature","id":"osm-way-1094649647","properties":{"building":"yes","building:levels":"1","height":"5","osm_type":"way","osm_id":1094649647,"height_m":5,"height_source":"osm-height","height_is_estimated":false},"geometry":{"type":"Polygon","coordinates":[[[55.2752033,25.1968607],[55.2751546,25.1969287],[55.2750992,25.1969924],[55.2750375,25.1970512],[55.27497,25.1971045],[55.2750412,25.1973352],[55.275087,25.1972758],[55.2751258,25.1972124],[55.2751572,25.1971457],[55.2751809,25.1970764],[55.2751966,25.1970054],[55.2752041,25.1969332],[55.2752033,25.1968607]]]}},{"type":"Feature","id":"osm-way-1102711249","properties":{"building":"yes","name":"برج الوصل","name:ar":"برج الوصل","name:en":"Al Wasl Tower","osm_type":"way","osm_id":1102711249,"height_m":12,"height_source":"type-estimate","height_is_estimated":true},"geometry":{"type":"Polygon","coordinates":[[[55.2679476,25.2030367],[55.2684207,25.2027744],[55.2685914,25.2029969],[55.2686646,25.2029528],[55.269061,25.2035174],[55.2690792,25.2035555],[55.269079,25.2035978],[55.2690589,25.2036334],[55.2690203,25.2036627],[55.2689715,25.2036903],[55.2689349,25.2036885],[55.2682357,25.2041005],[55.2681849,25.2041005],[55.2681401,25.2040729],[55.2677377,25.2035009],[55.2681137,25.203282],[55.2679476,25.2030367]]]}},{"type":"Feature","id":"osm-way-1124403617","properties":{"building":"yes","osm_type":"way","osm_id":1124403617,"height_m":12,"height_source":"type-estimate","height_is_estimated":true},"geometry":{"type":"Polygon","coordinates":[[[55.2742536,25.1848275],[55.2746238,25.1852195],[55.2740297,25.1856503],[55.2736481,25.1852352],[55.2742536,25.1848275]]]}},{"type":"Feature","id":"osm-way-1125313007","properties":{"building":"yes","building:levels":"1","height":"4","osm_type":"way","osm_id":1125313007,"height_m":4,"height_source":"osm-height","height_is_estimated":false},"geometry":{"type":"Polygon","coordinates":[[[55.2552277,25.2040258],[55.2552468,25.2040481],[55.2552666,25.2040342],[55.2552475,25.2040119],[55.2552277,25.2040258]]]}},{"type":"Feature","id":"osm-way-1125313008","properties":{"building":"yes","building:levels":"1","height":"4","osm_type":"way","osm_id":1125313008,"height_m":4,"height_source":"osm-height","height_is_estimated":false},"geometry":{"type":"Polygon","coordinates":[[[55.2552361,25.2039645],[55.255287,25.204035],[55.2553306,25.2040092],[55.2552797,25.2039387],[55.2552361,25.2039645]]]}},{"type":"Feature","id":"osm-way-1125313009","properties":{"building":"yes","building:levels":"1","height":"4","osm_type":"way","osm_id":1125313009,"height_m":4,"height_source":"osm-height","height_is_estimated":false},"geometry":{"type":"Polygon","coordinates":[[[55.2551154,25.203887],[55.2551794,25.2039698],[55.2552098,25.2039506],[55.2551457,25.2038678],[55.2551154,25.203887]]]}},{"type":"Feature","id":"osm-way-1125313010","properties":{"building":"yes","building:levels":"1","height":"4","osm_type":"way","osm_id":1125313010,"height_m":4,"height_source":"osm-height","height_is_estimated":false},"geometry":{"type":"Polygon","coordinates":[[[55.2554655,25.2040815],[55.2553297,25.2041624],[55.2553611,25.2042055],[55.2554968,25.2041246],[55.2554655,25.2040815]]]}},{"type":"Feature","id":"osm-way-1125313011","properties":{"building":"yes","building:levels":"2","height":"8","osm_type":"way","osm_id":1125313011,"height_m":8,"height_source":"osm-height","height_is_estimated":false},"geometry":{"type":"Polygon","coordinates":[[[55.2556495,25.2040014],[55.2555092,25.2040826],[55.2555628,25.2041664],[55.255679,25.2041828],[55.2557494,25.20413],[55.2556495,25.2040014]]]}},{"type":"Feature","id":"osm-way-1125313012","properties":{"building":"yes","building:levels":"1","height":"4","osm_type":"way","osm_id":1125313012,"height_m":4,"height_source":"osm-height","height_is_estimated":false},"geometry":{"type":"Polygon","coordinates":[[[55.2557535,25.2040901],[55.2557822,25.2041301],[55.2558132,25.2041119],[55.2557846,25.2040719],[55.2557535,25.2040901]]]}},{"type":"Feature","id":"osm-way-1125313013","properties":{"building":"yes","building:levels":"1","height":"4","osm_type":"way","osm_id":1125313013,"height_m":4,"height_source":"osm-height","height_is_estimated":false},"geometry":{"type":"Polygon","coordinates":[[[55.2556548,25.2039765],[55.2557414,25.2040972],[55.2557535,25.2040901],[55.2557846,25.2040719],[55.255698,25.2039512],[55.2556548,25.2039765]]]}},{"type":"Feature","id":"osm-way-1125313014","properties":{"building":"yes","building:levels":"1","height":"4","osm_type":"way","osm_id":1125313014,"height_m":4,"height_source":"osm-height","height_is_estimated":false},"geometry":{"type":"Polygon","coordinates":[[[55.2555744,25.2038642],[55.2556548,25.2039765],[55.255698,25.2039512],[55.2556175,25.2038389],[55.2555744,25.2038642]]]}},{"type":"Feature","id":"osm-way-1125313015","properties":{"building":"yes","building:levels":"1","height":"4","osm_type":"way","osm_id":1125313015,"height_m":4,"height_source":"osm-height","height_is_estimated":false},"geometry":{"type":"Polygon","coordinates":[[[55.2555398,25.2037805],[55.255572,25.2038227],[55.2555959,25.2038078],[55.2555637,25.2037656],[55.2555398,25.2037805]]]}},{"type":"Feature","id":"osm-way-1125313016","properties":{"building":"yes","building:levels":"1","height":"4","osm_type":"way","osm_id":1125313016,"height_m":4,"height_source":"osm-height","height_is_estimated":false},"geometry":{"type":"Polygon","coordinates":[[[55.2553953,25.2036239],[55.2554344,25.2036793],[55.2554456,25.2036728],[55.2555179,25.2037752],[55.2555591,25.2037514],[55.2554479,25.2035936],[55.2553953,25.2036239]]]}},{"type":"Feature","id":"osm-way-1125313017","properties":{"building":"yes","building:levels":"1","height":"4","osm_type":"way","osm_id":1125313017,"height_m":4,"height_source":"osm-height","height_is_estimated":false},"geometry":{"type":"Polygon","coordinates":[[[55.2551097,25.2038709],[55.2552344,25.2037987],[55.2551993,25.2037491],[55.2550746,25.2038213],[55.2551097,25.2038709]]]}},{"type":"Feature","id":"osm-way-1125313018","properties":{"building":"yes","building:levels":"2","height":"8","osm_type":"way","osm_id":1125313018,"height_m":8,"height_source":"osm-height","height_is_estimated":false},"geometry":{"type":"Polygon","coordinates":[[[55.2552471,25.2037587],[55.2553786,25.2039461],[55.2555434,25.2038516],[55.2554119,25.2036641],[55.2552471,25.2037587]]]}},{"type":"Feature","id":"osm-way-1125322295","properties":{"building":"yes","building:levels":"1","height":"4","osm_type":"way","osm_id":1125322295,"height_m":4,"height_source":"osm-height","height_is_estimated":false},"geometry":{"type":"Polygon","coordinates":[[[55.2569677,25.2030068],[55.2570174,25.2030744],[55.2570559,25.2030513],[55.2570061,25.2029836],[55.2569677,25.2030068]]]}},{"type":"Feature","id":"osm-way-1125322296","properties":{"building":"yes","building:levels":"1","height":"4","osm_type":"way","osm_id":1125322296,"height_m":4,"height_source":"osm-height","height_is_estimated":false},"geometry":{"type":"Polygon","coordinates":[[[55.256379,25.2032433],[55.2564023,25.2032744],[55.2564241,25.2032611],[55.2564008,25.2032299],[55.256379,25.2032433]]]}},{"type":"Feature","id":"osm-way-1125322297","properties":{"building":"yes","building:levels":"1","height":"4","osm_type":"way","osm_id":1125322297,"height_m":4,"height_source":"osm-height","height_is_estimated":false},"geometry":{"type":"Polygon","coordinates":[[[55.2563137,25.2030958],[55.2563543,25.2030711],[55.2564096,25.2030375],[55.2563813,25.2029994],[55.2562855,25.2030577],[55.2563137,25.2030958]]]}},{"type":"Feature","id":"osm-way-1125322298","properties":{"building":"yes","building:levels":"1","height":"4","osm_type":"way","osm_id":1125322298,"height_m":4,"height_source":"osm-height","height_is_estimated":false},"geometry":{"type":"Polygon","coordinates":[[[55.2563137,25.2030958],[55.2563694,25.2031707],[55.2564099,25.203146],[55.2563543,25.2030711],[55.2563137,25.2030958]]]}},{"type":"Feature","id":"osm-way-1125322299","properties":{"building":"yes","building:levels":"1","height":"4","osm_type":"way","osm_id":1125322299,"height_m":4,"height_source":"osm-height","height_is_estimated":false},"geometry":{"type":"Polygon","coordinates":[[[55.2564344,25.2031865],[55.2565064,25.2032892],[55.2566293,25.2032186],[55.2565573,25.2031159],[55.2564344,25.2031865]]]}},{"type":"Feature","id":"osm-way-1125322300","properties":{"building":"yes","building:levels":"1","height":"4","osm_type":"way","osm_id":1125322300,"height_m":4,"height_source":"osm-height","height_is_estimated":false},"geometry":{"type":"Polygon","coordinates":[[[55.256666,25.2031392],[55.2566881,25.2031668],[55.2567139,25.2031499],[55.2566918,25.2031223],[55.256666,25.2031392]]]}},{"type":"Feature","id":"osm-way-1125322301","properties":{"building":"yes","building:levels":"1","height":"4","osm_type":"way","osm_id":1125322301,"height_m":4,"height_source":"osm-height","height_is_estimated":false},"geometry":{"type":"Polygon","coordinates":[[[55.2565418,25.2030238],[55.2566318,25.2031375],[55.2566774,25.2031079],[55.256662,25.2030885],[55.2567002,25.2030638],[55.2566917,25.203053],[55.2566734,25.2030298],[55.2566404,25.2030512],[55.2565927,25.2029909],[55.2565418,25.2030238]]]}},{"type":"Feature","id":"osm-way-1125322302","properties":{"building":"yes","building:levels":"1","height":"4","osm_type":"way","osm_id":1125322302,"height_m":4,"height_source":"osm-height","height_is_estimated":false},"geometry":{"type":"Polygon","coordinates":[[[55.2565566,25.2029453],[55.256486,25.202991],[55.2565221,25.2030366],[55.2565418,25.2030238],[55.2565927,25.2029909],[55.2565566,25.2029453]]]}},{"type":"Feature","id":"osm-way-1125322303","properties":{"building":"yes","building:levels":"1","height":"4","osm_type":"way","osm_id":1125322303,"height_m":4,"height_source":"osm-height","height_is_estimated":false},"geometry":{"type":"Polygon","coordinates":[[[55.2565895,25.2029239],[55.2565566,25.2029453],[55.2565927,25.2029909],[55.2566404,25.2030512],[55.2566734,25.2030298],[55.2566229,25.2029661],[55.2565895,25.2029239]]]}},{"type":"Feature","id":"osm-way-1125322304","properties":{"building":"yes","building:levels":"1","height":"4","osm_type":"way","osm_id":1125322304,"height_m":4,"height_source":"osm-height","height_is_estimated":false},"geometry":{"type":"Polygon","coordinates":[[[55.2566229,25.2029661],[55.256675,25.2029324],[55.2566416,25.2028901],[55.2565895,25.2029239],[55.2566229,25.2029661]]]}},{"type":"Feature","id":"osm-way-1125322305","properties":{"building":"yes","building:levels":"1","height":"4","osm_type":"way","osm_id":1125322305,"height_m":4,"height_source":"osm-height","height_is_estimated":false},"geometry":{"type":"Polygon","coordinates":[[[55.2566229,25.2029661],[55.2566734,25.2030298],[55.2566917,25.203053],[55.2567438,25.2030192],[55.256675,25.2029324],[55.2566229,25.2029661]]]}},{"type":"Feature","id":"osm-way-1125322306","properties":{"building":"yes","building:levels":"2","height":"8","osm_type":"way","osm_id":1125322306,"height_m":8,"height_source":"osm-height","height_is_estimated":false},"geometry":{"type":"Polygon","coordinates":[[[55.256766,25.2031837],[55.2569008,25.2031038],[55.2568409,25.2030211],[55.2567061,25.203101],[55.256766,25.2031837]]]}},{"type":"Feature","id":"osm-way-1125322307","properties":{"building":"yes","building:levels":"1","height":"4","osm_type":"way","osm_id":1125322307,"height_m":4,"height_source":"osm-height","height_is_estimated":false},"geometry":{"type":"Polygon","coordinates":[[[55.2567828,25.2028374],[55.2567358,25.2028657],[55.2567969,25.2029487],[55.2568438,25.2029204],[55.2567828,25.2028374]]]}},{"type":"Feature","id":"osm-way-1125322308","properties":{"building":"yes","building:levels":"1","height":"4","osm_type":"way","osm_id":1125322308,"height_m":4,"height_source":"osm-height","height_is_estimated":false},"geometry":{"type":"Polygon","coordinates":[[[55.2568246,25.2028122],[55.2567828,25.2028374],[55.2568438,25.2029204],[55.2568537,25.2029338],[55.2568955,25.2029086],[55.2568246,25.2028122]]]}},{"type":"Feature","id":"osm-way-1125322309","properties":{"building":"yes","building:levels":"1","height":"4","osm_type":"way","osm_id":1125322309,"height_m":4,"height_source":"osm-height","height_is_estimated":false},"geometry":{"type":"Polygon","coordinates":[[[55.2568955,25.2029086],[55.2569677,25.2030068],[55.2570061,25.2029836],[55.256934,25.2028855],[55.2568955,25.2029086]]]}},{"type":"Feature","id":"osm-way-1125322310","properties":{"building":"yes","building:levels":"1","height":"4","osm_type":"way","osm_id":1125322310,"height_m":4,"height_source":"osm-height","height_is_estimated":false},"geometry":{"type":"Polygon","coordinates":[[[55.2569552,25.2028124],[55.2569859,25.2028542],[55.2570337,25.2028254],[55.257003,25.2027836],[55.2569552,25.2028124]]]}},{"type":"Feature","id":"osm-way-1125322311","properties":{"building":"yes","building:levels":"1","height":"4","osm_type":"way","osm_id":1125322311,"height_m":4,"height_source":"osm-height","height_is_estimated":false},"geometry":{"type":"Polygon","coordinates":[[[55.2568246,25.2028122],[55.2568955,25.2029086],[55.256934,25.2028855],[55.2569859,25.2028542],[55.2569552,25.2028124],[55.2569151,25.2027578],[55.2568246,25.2028122]]]}},{"type":"Feature","id":"osm-way-1125322312","properties":{"building":"yes","building:levels":"1","height":"4","osm_type":"way","osm_id":1125322312,"height_m":4,"height_source":"osm-height","height_is_estimated":false},"geometry":{"type":"Polygon","coordinates":[[[55.2573553,25.2026111],[55.2573832,25.2026481],[55.2574136,25.2026293],[55.2573858,25.2025923],[55.2573553,25.2026111]]]}},{"type":"Feature","id":"osm-way-1125322313","properties":{"building":"yes","building:levels":"1","height":"4","osm_type":"way","osm_id":1125322313,"height_m":4,"height_source":"osm-height","height_is_estimated":false},"geometry":{"type":"Polygon","coordinates":[[[55.257263,25.20255],[55.2573057,25.202611],[55.2573703,25.202574],[55.2573276,25.202513],[55.257263,25.20255]]]}},{"type":"Feature","id":"osm-way-1125322314","properties":{"building":"yes","building:levels":"1","height":"4","osm_type":"way","osm_id":1125322314,"height_m":4,"height_source":"osm-height","height_is_estimated":false},"geometry":{"type":"Polygon","coordinates":[[[55.2570785,25.2028154],[55.2570979,25.2028433],[55.2571319,25.202824],[55.2571125,25.2027961],[55.2570785,25.2028154]]]}},{"type":"Feature","id":"osm-way-1125322315","properties":{"building":"yes","building:levels":"1","height":"4","osm_type":"way","osm_id":1125322315,"height_m":4,"height_source":"osm-height","height_is_estimated":false},"geometry":{"type":"Polygon","coordinates":[[[55.2572078,25.202919],[55.2572219,25.2029387],[55.2572481,25.2029234],[55.257234,25.2029036],[55.2572078,25.202919]]]}},{"type":"Feature","id":"osm-way-1125322316","properties":{"building":"yes","building:levels":"1","height":"4","osm_type":"way","osm_id":1125322316,"height_m":4,"height_source":"osm-height","height_is_estimated":false},"geometry":{"type":"Polygon","coordinates":[[[55.2572393,25.2028851],[55.2572672,25.2029253],[55.2572977,25.2029079],[55.2572698,25.2028678],[55.2572393,25.2028851]]]}},{"type":"Feature","id":"osm-way-1125322317","properties":{"building":"yes","building:levels":"1","height":"4","osm_type":"way","osm_id":1125322317,"height_m":4,"height_source":"osm-height","height_is_estimated":false},"geometry":{"type":"Polygon","coordinates":[[[55.2572151,25.2028503],[55.2572393,25.2028851],[55.2572698,25.2028678],[55.2572456,25.2028329],[55.2572151,25.2028503]]]}},{"type":"Feature","id":"osm-way-1125322318","properties":{"building":"yes","building:levels":"1","height":"4","osm_type":"way","osm_id":1125322318,"height_m":4,"height_source":"osm-height","height_is_estimated":false},"geometry":{"type":"Polygon","coordinates":[[[55.2571896,25.2027523],[55.257119,25.2027924],[55.2571125,25.2027961],[55.2571319,25.202824],[55.2571927,25.2029116],[55.2572393,25.2028851],[55.2572151,25.2028503],[55.2572456,25.2028329],[55.2571896,25.2027523]]]}},{"type":"Feature","id":"osm-way-1125322319","properties":{"building":"yes","building:levels":"1","height":"4","osm_type":"way","osm_id":1125322319,"height_m":4,"height_source":"osm-height","height_is_estimated":false},"geometry":{"type":"Polygon","coordinates":[[[55.2571157,25.2026458],[55.2571656,25.2027177],[55.2572047,25.2026955],[55.2571884,25.2026719],[55.2572383,25.2026435],[55.2572048,25.2025952],[55.2571157,25.2026458]]]}},{"type":"Feature","id":"osm-way-1125322320","properties":{"building":"yes","osm_type":"way","osm_id":1125322320,"height_m":12,"height_source":"type-estimate","height_is_estimated":true},"geometry":{"type":"Polygon","coordinates":[[[55.2570451,25.202686],[55.257119,25.2027924],[55.2571896,25.2027523],[55.2571656,25.2027177],[55.2571157,25.2026458],[55.2570451,25.202686]]]}},{"type":"Feature","id":"osm-way-1125322321","properties":{"building":"yes","building:levels":"1","height":"4","osm_type":"way","osm_id":1125322321,"height_m":4,"height_source":"osm-height","height_is_estimated":false},"geometry":{"type":"Polygon","coordinates":[[[55.2569996,25.2027118],[55.2570735,25.2028182],[55.2570785,25.2028154],[55.2571125,25.2027961],[55.257119,25.2027924],[55.2570451,25.202686],[55.2569996,25.2027118]]]}},{"type":"Feature","id":"osm-way-1125322322","properties":{"building":"yes","building:levels":"1","height":"4","osm_type":"way","osm_id":1125322322,"height_m":4,"height_source":"osm-height","height_is_estimated":false},"geometry":{"type":"Polygon","coordinates":[[[55.2569906,25.2029199],[55.2570489,25.2030036],[55.257154,25.2029437],[55.2570956,25.20286],[55.2569906,25.2029199]]]}},{"type":"Feature","id":"osm-way-1125322323","properties":{"building":"yes","building:levels":"1","height":"4","osm_type":"way","osm_id":1125322323,"height_m":4,"height_source":"osm-height","height_is_estimated":false},"geometry":{"type":"Polygon","coordinates":[[[55.2573433,25.20298],[55.2573594,25.2030003],[55.2573787,25.2029878],[55.2573626,25.2029674],[55.2573433,25.20298]]]}},{"type":"Feature","id":"osm-way-1125322324","properties":{"building":"yes","building:levels":"1","height":"4","osm_type":"way","osm_id":1125322324,"height_m":4,"height_source":"osm-height","height_is_estimated":false},"geometry":{"type":"Polygon","coordinates":[[[55.2574854,25.2028035],[55.2576062,25.2029611],[55.2576365,25.202942],[55.2575158,25.2027844],[55.2574854,25.2028035]]]}},{"type":"Feature","id":"osm-way-1125322325","properties":{"building":"yes","building:levels":"1","height":"4","osm_type":"way","osm_id":1125322325,"height_m":4,"height_source":"osm-height","height_is_estimated":false},"geometry":{"type":"Polygon","coordinates":[[[55.2573173,25.2027591],[55.2573609,25.2027326],[55.2573251,25.2026843],[55.2572815,25.2027108],[55.2573173,25.2027591]]]}},{"type":"Feature","id":"osm-way-1125322326","properties":{"building":"yes","building:levels":"1","height":"4","osm_type":"way","osm_id":1125322326,"height_m":4,"height_source":"osm-height","height_is_estimated":false},"geometry":{"type":"Polygon","coordinates":[[[55.2572436,25.2030984],[55.2572728,25.2031427],[55.2573671,25.2030918],[55.2573379,25.2030475],[55.2572436,25.2030984]]]}},{"type":"Feature","id":"osm-way-1125322327","properties":{"building":"yes","building:levels":"1","height":"4","osm_type":"way","osm_id":1125322327,"height_m":4,"height_source":"osm-height","height_is_estimated":false},"geometry":{"type":"Polygon","coordinates":[[[55.2572628,25.2029272],[55.2572153,25.2029536],[55.2572503,25.2030052],[55.2572646,25.2029973],[55.2573044,25.2030561],[55.2573377,25.2030376],[55.2572628,25.2029272]]]}},{"type":"Feature","id":"osm-way-1125322328","properties":{"building":"yes","building:levels":"1","height":"4","osm_type":"way","osm_id":1125322328,"height_m":4,"height_source":"osm-height","height_is_estimated":false},"geometry":{"type":"Polygon","coordinates":[[[55.25782,25.2025738],[55.2578603,25.2026278],[55.2579064,25.2025996],[55.2578662,25.2025456],[55.25782,25.2025738]]]}},{"type":"Feature","id":"osm-way-1125322329","properties":{"building":"yes","building:levels":"2","height":"8","osm_type":"way","osm_id":1125322329,"height_m":8,"height_source":"osm-height","height_is_estimated":false},"geometry":{"type":"Polygon","coordinates":[[[55.2578013,25.2025022],[55.2585188,25.2020847],[55.2584217,25.2019482],[55.2577043,25.2023656],[55.2578013,25.2025022]]]}},{"type":"Feature","id":"osm-way-1125322330","properties":{"building":"yes","building:levels":"2","height":"8","osm_type":"way","osm_id":1125322330,"height_m":8,"height_source":"osm-height","height_is_estimated":false},"geometry":{"type":"Polygon","coordinates":[[[55.2579153,25.2026635],[55.2580085,25.2027962],[55.2587233,25.2023848],[55.2586301,25.2022522],[55.2579153,25.2026635]]]}},{"type":"Feature","id":"osm-way-1125322331","properties":{"building":"yes","building:levels":"1","height":"4","osm_type":"way","osm_id":1125322331,"height_m":4,"height_source":"osm-height","height_is_estimated":false},"geometry":{"type":"Polygon","coordinates":[[[55.2577376,25.2026502],[55.2577791,25.2027072],[55.2578179,25.2026841],[55.2577763,25.2026271],[55.2577376,25.2026502]]]}},{"type":"Feature","id":"osm-way-1125322332","properties":{"building":"yes","building:levels":"1","height":"4","osm_type":"way","osm_id":1125322332,"height_m":4,"height_source":"osm-height","height_is_estimated":false},"geometry":{"type":"Polygon","coordinates":[[[55.2578199,25.2027845],[55.2577929,25.2028003],[55.2578239,25.2028437],[55.2578509,25.202828],[55.2578199,25.2027845]]]}},{"type":"Feature","id":"osm-way-1125322333","properties":{"building":"yes","building:levels":"1","height":"4","osm_type":"way","osm_id":1125322333,"height_m":4,"height_source":"osm-height","height_is_estimated":false},"geometry":{"type":"Polygon","coordinates":[[[55.2577791,25.2027273],[55.2578199,25.2027845],[55.2578509,25.202828],[55.2578947,25.2028024],[55.257823,25.2027017],[55.2577791,25.2027273]]]}},{"type":"Feature","id":"osm-way-1125322334","properties":{"building":"yes","building:levels":"1","height":"4","osm_type":"way","osm_id":1125322334,"height_m":4,"height_source":"osm-height","height_is_estimated":false},"geometry":{"type":"Polygon","coordinates":[[[55.257624,25.2029844],[55.2576033,25.2029974],[55.2576312,25.2030338],[55.2576519,25.2030208],[55.257624,25.2029844]]]}},{"type":"Feature","id":"osm-way-1125322335","properties":{"building":"yes","osm_type":"way","osm_id":1125322335,"height_m":12,"height_source":"type-estimate","height_is_estimated":true},"geometry":{"type":"Polygon","coordinates":[[[55.2576062,25.2029611],[55.257624,25.2029844],[55.2576519,25.2030208],[55.2576749,25.2030508],[55.2577675,25.2029927],[55.2577436,25.2029615],[55.2577664,25.2029472],[55.2577374,25.2029094],[55.2576867,25.2029412],[55.2576708,25.2029205],[55.2576365,25.202942],[55.2576062,25.2029611]]]}},{"type":"Feature","id":"osm-way-1125322336","properties":{"building":"yes","building:levels":"1","height":"4","osm_type":"way","osm_id":1125322336,"height_m":4,"height_source":"osm-height","height_is_estimated":false},"geometry":{"type":"Polygon","coordinates":[[[55.2573609,25.2027326],[55.2574013,25.2027871],[55.2574402,25.2027635],[55.2573998,25.202709],[55.2573609,25.2027326]]]}},{"type":"Feature","id":"osm-way-1125322337","properties":{"building":"yes","building:levels":"2","height":"8","osm_type":"way","osm_id":1125322337,"height_m":8,"height_source":"osm-height","height_is_estimated":false},"geometry":{"type":"Polygon","coordinates":[[[55.257316,25.2028735],[55.257419,25.202811],[55.2574013,25.2027871],[55.2573609,25.2027326],[55.2573173,25.2027591],[55.2572579,25.2027951],[55.257316,25.2028735]]]}},{"type":"Feature","id":"osm-way-1125322338","properties":{"building":"yes","building:levels":"1","height":"4","osm_type":"way","osm_id":1125322338,"height_m":4,"height_source":"osm-height","height_is_estimated":false},"geometry":{"type":"Polygon","coordinates":[[[55.2574402,25.2030713],[55.2574728,25.203051],[55.2574539,25.2030261],[55.2574213,25.2030464],[55.2574402,25.2030713]]]}},{"type":"Feature","id":"osm-way-1125322339","properties":{"building":"yes","building:levels":"1","height":"4","osm_type":"way","osm_id":1125322339,"height_m":4,"height_source":"osm-height","height_is_estimated":false},"geometry":{"type":"Polygon","coordinates":[[[55.2573769,25.2031107],[55.2574339,25.2031856],[55.2575297,25.2031259],[55.2574728,25.203051],[55.2574402,25.2030713],[55.2573769,25.2031107]]]}},{"type":"Feature","id":"osm-way-1125322340","properties":{"building":"yes","building:levels":"2","height":"8","osm_type":"way","osm_id":1125322340,"height_m":8,"height_source":"osm-height","height_is_estimated":false},"geometry":{"type":"Polygon","coordinates":[[[55.257064,25.2032966],[55.2572521,25.2031907],[55.2571633,25.2030615],[55.2571382,25.2030757],[55.2571223,25.2030526],[55.2569593,25.2031444],[55.257064,25.2032966]]]}},{"type":"Feature","id":"osm-way-1125324051","properties":{"building":"yes","building:levels":"1","height":"3","osm_type":"way","osm_id":1125324051,"height_m":3,"height_source":"osm-height","height_is_estimated":false},"geometry":{"type":"Polygon","coordinates":[[[55.2556159,25.203234],[55.2556529,25.203286],[55.2557403,25.203235],[55.2557032,25.203183],[55.255648,25.2032153],[55.2556159,25.203234]]]}},{"type":"Feature","id":"osm-way-1125324052","properties":{"building":"yes","building:levels":"1","height":"3","osm_type":"way","osm_id":1125324052,"height_m":3,"height_source":"osm-height","height_is_estimated":false},"geometry":{"type":"Polygon","coordinates":[[[55.2554966,25.2030974],[55.2556004,25.203243],[55.2556159,25.203234],[55.255648,25.2032153],[55.255589,25.2031326],[55.255572,25.2031425],[55.2555271,25.2030795],[55.2554966,25.2030974]]]}},{"type":"Feature","id":"osm-way-1125324053","properties":{"building":"yes","building:levels":"1","height":"3","osm_type":"way","osm_id":1125324053,"height_m":3,"height_source":"osm-height","height_is_estimated":false},"geometry":{"type":"Polygon","coordinates":[[[55.255689,25.2029463],[55.2557943,25.2030998],[55.2558388,25.2030748],[55.2557335,25.2029213],[55.255689,25.2029463]]]}},{"type":"Feature","id":"osm-way-1125324054","properties":{"building":"yes","building:levels":"2","height":"6","osm_type":"way","osm_id":1125324054,"height_m":6,"height_source":"osm-height","height_is_estimated":false},"geometry":{"type":"Polygon","coordinates":[[[55.2557695,25.2032138],[55.2560002,25.2030761],[55.2559582,25.2030185],[55.2557275,25.2031563],[55.2557695,25.2032138]]]}},{"type":"Feature","id":"osm-way-1125324055","properties":{"building":"yes","building:levels":"1","height":"3","osm_type":"way","osm_id":1125324055,"height_m":3,"height_source":"osm-height","height_is_estimated":false},"geometry":{"type":"Polygon","coordinates":[[[55.2562235,25.20274],[55.2562851,25.2028346],[55.2563198,25.2028161],[55.2562582,25.2027215],[55.2562235,25.20274]]]}},{"type":"Feature","id":"osm-way-1125324056","properties":{"building":"yes","building:levels":"1","height":"3","osm_type":"way","osm_id":1125324056,"height_m":3,"height_source":"osm-height","height_is_estimated":false},"geometry":{"type":"Polygon","coordinates":[[[55.2561064,25.2026968],[55.2561429,25.2027456],[55.2562643,25.2026711],[55.2562278,25.2026224],[55.2561598,25.2026641],[55.2561064,25.2026968]]]}},{"type":"Feature","id":"osm-way-1125324057","properties":{"building":"yes","building:levels":"1","height":"3","osm_type":"way","osm_id":1125324057,"height_m":3,"height_source":"osm-height","height_is_estimated":false},"geometry":{"type":"Polygon","coordinates":[[[55.2561161,25.2026059],[55.2561598,25.2026641],[55.2562278,25.2026224],[55.2561842,25.2025641],[55.2561161,25.2026059]]]}},{"type":"Feature","id":"osm-way-1125324058","properties":{"building":"yes","building:levels":"2","height":"6","osm_type":"way","osm_id":1125324058,"height_m":6,"height_source":"osm-height","height_is_estimated":false},"geometry":{"type":"Polygon","coordinates":[[[55.2559062,25.2028604],[55.2560226,25.2030234],[55.2562008,25.2029192],[55.2561623,25.2028654],[55.2561263,25.2028864],[55.2560978,25.2028466],[55.2561371,25.2028236],[55.2560876,25.2027543],[55.2559062,25.2028604]]]}},{"type":"Feature","id":"osm-way-1125324059","properties":{"building":"yes","building:levels":"1","height":"3","osm_type":"way","osm_id":1125324059,"height_m":3,"height_source":"osm-height","height_is_estimated":false},"geometry":{"type":"Polygon","coordinates":[[[55.2558002,25.2025534],[55.2558353,25.202603],[55.2558429,25.2026138],[55.2560038,25.2025206],[55.255961,25.2024602],[55.2558002,25.2025534]]]}},{"type":"Feature","id":"osm-way-1125324060","properties":{"building":"yes","building:levels":"1","height":"3","osm_type":"way","osm_id":1125324060,"height_m":3,"height_source":"osm-height","height_is_estimated":false},"geometry":{"type":"Polygon","coordinates":[[[55.255732,25.2025933],[55.2557671,25.2026428],[55.2558306,25.202606],[55.2557955,25.2025564],[55.255732,25.2025933]]]}},{"type":"Feature","id":"osm-way-1125324061","properties":{"building":"yes","building:levels":"1","height":"3","osm_type":"way","osm_id":1125324061,"height_m":3,"height_source":"osm-height","height_is_estimated":false},"geometry":{"type":"Polygon","coordinates":[[[55.2556962,25.202614],[55.2557495,25.2026893],[55.2557853,25.2026686],[55.2557671,25.2026428],[55.255732,25.2025933],[55.2556962,25.202614]]]}},{"type":"Feature","id":"osm-way-1125324062","properties":{"building":"yes","building:levels":"1","height":"4","osm_type":"way","osm_id":1125324062,"height_m":4,"height_source":"osm-height","height_is_estimated":false},"geometry":{"type":"Polygon","coordinates":[[[55.2558142,25.2026602],[55.2558959,25.2027786],[55.255987,25.2027272],[55.2559053,25.2026087],[55.2558142,25.2026602]]]}},{"type":"Feature","id":"osm-way-1125324063","properties":{"building":"yes","building:levels":"1","height":"3","osm_type":"way","osm_id":1125324063,"height_m":3,"height_source":"osm-height","height_is_estimated":false},"geometry":{"type":"Polygon","coordinates":[[[55.2557767,25.2027276],[55.255852,25.202834],[55.2559015,25.2028053],[55.2558262,25.2026989],[55.2557767,25.2027276]]]}},{"type":"Feature","id":"osm-way-1125324064","properties":{"building":"yes","building:levels":"1","height":"3","osm_type":"way","osm_id":1125324064,"height_m":3,"height_source":"osm-height","height_is_estimated":false},"geometry":{"type":"Polygon","coordinates":[[[55.2556558,25.2026374],[55.2558116,25.2028574],[55.255852,25.202834],[55.2557767,25.2027276],[55.2557495,25.2026893],[55.2556962,25.202614],[55.2556558,25.2026374]]]}},{"type":"Feature","id":"osm-way-1125324065","properties":{"building":"yes","building:levels":"1","height":"3","osm_type":"way","osm_id":1125324065,"height_m":3,"height_source":"osm-height","height_is_estimated":false},"geometry":{"type":"Polygon","coordinates":[[[55.2556999,25.2027683],[55.2557326,25.2028135],[55.2557619,25.2027962],[55.2557463,25.2027747],[55.2557292,25.202751],[55.2556999,25.2027683]]]}},{"type":"Feature","id":"osm-way-1125324066","properties":{"building":"yes","building:levels":"1","height":"4","osm_type":"way","osm_id":1125324066,"height_m":4,"height_source":"osm-height","height_is_estimated":false},"geometry":{"type":"Polygon","coordinates":[[[55.2555379,25.2028564],[55.2556131,25.2029605],[55.2557247,25.2028945],[55.2557088,25.2028724],[55.2557553,25.2028449],[55.2557326,25.2028135],[55.2556999,25.2027683],[55.2556949,25.2027615],[55.255635,25.2027969],[55.2556231,25.2027805],[55.2555736,25.2028098],[55.2555866,25.2028277],[55.2555379,25.2028564]]]}},{"type":"Feature","id":"osm-way-1125324067","properties":{"building":"yes","building:levels":"1","height":"3","osm_type":"way","osm_id":1125324067,"height_m":3,"height_source":"osm-height","height_is_estimated":false},"geometry":{"type":"Polygon","coordinates":[[[55.2554552,25.2030311],[55.2554781,25.2030558],[55.2554949,25.203043],[55.255472,25.2030183],[55.2554552,25.2030311]]]}},{"type":"Feature","id":"osm-way-1125324068","properties":{"building":"yes","building:levels":"1","height":"3","osm_type":"way","osm_id":1125324068,"height_m":3,"height_source":"osm-height","height_is_estimated":false},"geometry":{"type":"Polygon","coordinates":[[[55.2554761,25.2028494],[55.2555202,25.2028253],[55.2554736,25.2027554],[55.2554295,25.2027794],[55.2554498,25.2028099],[55.2554761,25.2028494]]]}},{"type":"Feature","id":"osm-way-1125324069","properties":{"building":"yes","building:levels":"1","height":"4","osm_type":"way","osm_id":1125324069,"height_m":4,"height_source":"osm-height","height_is_estimated":false},"geometry":{"type":"Polygon","coordinates":[[[55.2553685,25.2028577],[55.2554946,25.203033],[55.2555744,25.2029861],[55.2554761,25.2028494],[55.2554498,25.2028099],[55.2553685,25.2028577]]]}},{"type":"Feature","id":"osm-way-1125324070","properties":{"building":"yes","building:levels":"2","height":"6","osm_type":"way","osm_id":1125324070,"height_m":6,"height_source":"osm-height","height_is_estimated":false},"geometry":{"type":"Polygon","coordinates":[[[55.2557443,25.2023456],[55.2558388,25.2022895],[55.2557885,25.2022201],[55.2558223,25.2022],[55.2557709,25.202129],[55.2558465,25.2020841],[55.2558158,25.2020417],[55.2556775,25.2021237],[55.2556897,25.2021404],[55.2556458,25.2021664],[55.2556855,25.2022211],[55.2556636,25.2022341],[55.2557443,25.2023456]]]}},{"type":"Feature","id":"osm-way-1125324071","properties":{"building":"yes","building:levels":"2","height":"6","osm_type":"way","osm_id":1125324071,"height_m":6,"height_source":"osm-height","height_is_estimated":false},"geometry":{"type":"Polygon","coordinates":[[[55.2554101,25.2020316],[55.2554941,25.202148],[55.2557447,25.2020049],[55.2557017,25.2019111],[55.2556641,25.2018978],[55.2556238,25.2019007],[55.2554101,25.2020316]]]}},{"type":"Feature","id":"osm-way-1125324072","properties":{"building":"yes","building:levels":"1","height":"3","osm_type":"way","osm_id":1125324072,"height_m":3,"height_source":"osm-height","height_is_estimated":false},"geometry":{"type":"Polygon","coordinates":[[[55.2553432,25.2021139],[55.2553781,25.2020935],[55.2553021,25.2019872],[55.2552672,25.2020075],[55.2553432,25.2021139]]]}},{"type":"Feature","id":"osm-way-1125324073","properties":{"building":"yes","building:levels":"1","height":"3","osm_type":"way","osm_id":1125324073,"height_m":3,"height_source":"osm-height","height_is_estimated":false},"geometry":{"type":"Polygon","coordinates":[[[55.2553432,25.2021139],[55.2553654,25.202145],[55.2554265,25.2022305],[55.2555245,25.2021732],[55.255505,25.202146],[55.2554419,25.2021829],[55.2553781,25.2020935],[55.2553432,25.2021139]]]}},{"type":"Feature","id":"osm-way-1125324074","properties":{"building":"yes","building:levels":"1","height":"3","osm_type":"way","osm_id":1125324074,"height_m":3,"height_source":"osm-height","height_is_estimated":false},"geometry":{"type":"Polygon","coordinates":[[[55.2553121,25.2021762],[55.2553732,25.2022617],[55.2554265,25.2022305],[55.2553654,25.202145],[55.2553121,25.2021762]]]}},{"type":"Feature","id":"osm-way-1125324075","properties":{"building":"yes","building:levels":"1","height":"3","osm_type":"way","osm_id":1125324075,"height_m":3,"height_source":"osm-height","height_is_estimated":false},"geometry":{"type":"Polygon","coordinates":[[[55.2549869,25.2023712],[55.2550185,25.2024121],[55.2550597,25.2023861],[55.2550281,25.2023451],[55.2549869,25.2023712]]]}},{"type":"Feature","id":"osm-way-1125324076","properties":{"building":"yes","building:levels":"1","height":"3","osm_type":"way","osm_id":1125324076,"height_m":3,"height_source":"osm-height","height_is_estimated":false},"geometry":{"type":"Polygon","coordinates":[[[55.2549764,25.202268],[55.2550314,25.2023395],[55.2550532,25.2023258],[55.2550899,25.2023736],[55.2551694,25.2023236],[55.2551905,25.2023512],[55.2553009,25.2022818],[55.2552329,25.2021933],[55.2551925,25.2022188],[55.2551475,25.2021603],[55.2549764,25.202268]]]}},{"type":"Feature","id":"osm-way-1125324077","properties":{"building":"yes","building:levels":"1","height":"4","osm_type":"way","osm_id":1125324077,"height_m":4,"height_source":"osm-height","height_is_estimated":false},"geometry":{"type":"Polygon","coordinates":[[[55.2557246,25.2034577],[55.2557977,25.2035554],[55.2558825,25.2035034],[55.2558094,25.2034057],[55.2557246,25.2034577]]]}},{"type":"Feature","id":"osm-way-1125324078","properties":{"building":"yes","building:levels":"1","height":"4","osm_type":"way","osm_id":1125324078,"height_m":4,"height_source":"osm-height","height_is_estimated":false},"geometry":{"type":"Polygon","coordinates":[[[55.2556872,25.2037672],[55.2558149,25.2036981],[55.2558278,25.2037176],[55.2558644,25.2036978],[55.2557856,25.2035784],[55.2556212,25.2036672],[55.2556872,25.2037672]]]}},{"type":"Feature","id":"osm-way-1125324079","properties":{"building":"yes","building:levels":"1","height":"4","osm_type":"way","osm_id":1125324079,"height_m":4,"height_source":"osm-height","height_is_estimated":false},"geometry":{"type":"Polygon","coordinates":[[[55.2564617,25.2034027],[55.2564846,25.2034335],[55.2564901,25.2034408],[55.2565351,25.2034134],[55.2565066,25.2033752],[55.2564617,25.2034027]]]}},{"type":"Feature","id":"osm-way-1125324080","properties":{"building":"yes","building:levels":"1","height":"4","osm_type":"way","osm_id":1125324080,"height_m":4,"height_source":"osm-height","height_is_estimated":false},"geometry":{"type":"Polygon","coordinates":[[[55.2561113,25.2038618],[55.2560854,25.203878],[55.256081,25.2038808],[55.256138,25.2039553],[55.2561683,25.2039363],[55.2561113,25.2038618]]]}},{"type":"Feature","id":"osm-way-1125324081","properties":{"building":"yes","building:levels":"1","height":"4","osm_type":"way","osm_id":1125324081,"height_m":4,"height_source":"osm-height","height_is_estimated":false},"geometry":{"type":"Polygon","coordinates":[[[55.2560354,25.2038126],[55.2560854,25.203878],[55.2561113,25.2038618],[55.2561263,25.2038524],[55.2560762,25.203787],[55.2560354,25.2038126]]]}},{"type":"Feature","id":"osm-way-1125324082","properties":{"building":"yes","building:levels":"1","height":"4","osm_type":"way","osm_id":1125324082,"height_m":4,"height_source":"osm-height","height_is_estimated":false},"geometry":{"type":"Polygon","coordinates":[[[55.2562865,25.2032569],[55.2563361,25.2032308],[55.2562923,25.2031626],[55.2562426,25.2031886],[55.2562865,25.2032569]]]}},{"type":"Feature","id":"osm-way-1125324083","properties":{"building":"yes","building:levels":"1","height":"4","osm_type":"way","osm_id":1125324083,"height_m":4,"height_source":"osm-height","height_is_estimated":false},"geometry":{"type":"Polygon","coordinates":[[[55.2564016,25.2034268],[55.2564553,25.2033941],[55.2563578,25.2032634],[55.2563042,25.2032961],[55.2564016,25.2034268]]]}},{"type":"Feature","id":"osm-way-1125324084","properties":{"building":"yes","building:levels":"1","height":"4","osm_type":"way","osm_id":1125324084,"height_m":4,"height_source":"osm-height","height_is_estimated":false},"geometry":{"type":"Polygon","coordinates":[[[55.2561547,25.203379],[55.2561068,25.203307],[55.2560566,25.2033343],[55.2561045,25.2034063],[55.2561306,25.2033921],[55.2561547,25.203379]]]}},{"type":"Feature","id":"osm-way-1125324085","properties":{"building":"yes","building:levels":"1","height":"4","osm_type":"way","osm_id":1125324085,"height_m":4,"height_source":"osm-height","height_is_estimated":false},"geometry":{"type":"Polygon","coordinates":[[[55.2562068,25.2035068],[55.2563583,25.2034244],[55.2562821,25.2033097],[55.2561547,25.203379],[55.2561306,25.2033921],[55.2562068,25.2035068]]]}},{"type":"Feature","id":"osm-way-1125324086","properties":{"building":"yes","building:levels":"1","height":"4","osm_type":"way","osm_id":1125324086,"height_m":4,"height_source":"osm-height","height_is_estimated":false},"geometry":{"type":"Polygon","coordinates":[[[55.2562539,25.2035743],[55.2563486,25.2037013],[55.2564921,25.2036137],[55.2565186,25.2036493],[55.2565768,25.2036137],[55.2564556,25.2034512],[55.2562539,25.2035743]]]}},{"type":"Feature","id":"osm-way-1125324087","properties":{"building":"yes","building:levels":"1","height":"4","osm_type":"way","osm_id":1125324087,"height_m":4,"height_source":"osm-height","height_is_estimated":false},"geometry":{"type":"Polygon","coordinates":[[[55.2561985,25.2035508],[55.2562279,25.2035902],[55.2562539,25.2035743],[55.2564556,25.2034512],[55.2564846,25.2034335],[55.2564617,25.2034027],[55.2564553,25.2033941],[55.2564016,25.2034268],[55.2561985,25.2035508]]]}},{"type":"Feature","id":"osm-way-1125324088","properties":{"building":"yes","building:levels":"1","height":"4","osm_type":"way","osm_id":1125324088,"height_m":4,"height_source":"osm-height","height_is_estimated":false},"geometry":{"type":"Polygon","coordinates":[[[55.2565727,25.2033349],[55.2565066,25.2033752],[55.2565351,25.2034134],[55.2565411,25.2034214],[55.2566071,25.2033811],[55.2565727,25.2033349]]]}},{"type":"Feature","id":"osm-way-1125325233","properties":{"building":"yes","building:levels":"1","height":"3","osm_type":"way","osm_id":1125325233,"height_m":3,"height_source":"osm-height","height_is_estimated":false},"geometry":{"type":"Polygon","coordinates":[[[55.2560531,25.2015405],[55.2561376,25.2014889],[55.2561038,25.2014435],[55.2560193,25.2014951],[55.2560531,25.2015405]]]}},{"type":"Feature","id":"osm-way-1125325234","properties":{"building":"yes","building:levels":"1","height":"3","osm_type":"way","osm_id":1125325234,"height_m":3,"height_source":"osm-height","height_is_estimated":false},"geometry":{"type":"Polygon","coordinates":[[[55.2558496,25.2016731],[55.2558892,25.201724],[55.2559623,25.2016776],[55.2559228,25.2016266],[55.2558496,25.2016731]]]}},{"type":"Feature","id":"osm-way-1125325235","properties":{"building":"yes","building:levels":"1","height":"3","osm_type":"way","osm_id":1125325235,"height_m":3,"height_source":"osm-height","height_is_estimated":false},"geometry":{"type":"Polygon","coordinates":[[[55.2561148,25.2017413],[55.2561584,25.2018008],[55.256203,25.201774],[55.2561594,25.2017146],[55.2561148,25.2017413]]]}},{"type":"Feature","id":"osm-way-1125325236","properties":{"building":"yes","building:levels":"1","height":"3","osm_type":"way","osm_id":1125325236,"height_m":3,"height_source":"osm-height","height_is_estimated":false},"geometry":{"type":"Polygon","coordinates":[[[55.256192,25.2019186],[55.2562261,25.2018989],[55.2561951,25.2018549],[55.256161,25.2018745],[55.256192,25.2019186]]]}},{"type":"Feature","id":"osm-way-1125325237","properties":{"building":"yes","building:levels":"1","height":"3","osm_type":"way","osm_id":1125325237,"height_m":3,"height_source":"osm-height","height_is_estimated":false},"geometry":{"type":"Polygon","coordinates":[[[55.2561218,25.202019],[55.2561468,25.2020046],[55.2562352,25.2019536],[55.2563075,25.2019119],[55.2562236,25.2017929],[55.2562013,25.2018058],[55.2562551,25.2018822],[55.2562261,25.2018989],[55.256192,25.2019186],[55.2560918,25.2019764],[55.2561218,25.202019]]]}},{"type":"Feature","id":"osm-way-1125325238","properties":{"building":"yes","building:levels":"1","height":"3","osm_type":"way","osm_id":1125325238,"height_m":3,"height_source":"osm-height","height_is_estimated":false},"geometry":{"type":"Polygon","coordinates":[[[55.2565993,25.2020814],[55.2566452,25.202055],[55.2564759,25.2018147],[55.2563075,25.2019119],[55.2562352,25.2019536],[55.2562657,25.2019969],[55.2564216,25.201907],[55.2564442,25.2019391],[55.2565055,25.2020261],[55.2565445,25.2020036],[55.2565993,25.2020814]]]}},{"type":"Feature","id":"osm-way-1125325239","properties":{"building":"yes","building:levels":"1","height":"3","osm_type":"way","osm_id":1125325239,"height_m":3,"height_source":"osm-height","height_is_estimated":false},"geometry":{"type":"Polygon","coordinates":[[[55.2561773,25.2020479],[55.2562657,25.2019969],[55.2562352,25.2019536],[55.2561468,25.2020046],[55.2561773,25.2020479]]]}},{"type":"Feature","id":"osm-way-1125325240","properties":{"building":"yes","building:levels":"1","height":"4","osm_type":"way","osm_id":1125325240,"height_m":4,"height_source":"osm-height","height_is_estimated":false},"geometry":{"type":"Polygon","coordinates":[[[55.2559646,25.2017911],[55.2560793,25.2019525],[55.2561749,25.2018968],[55.2560603,25.2017354],[55.2559646,25.2017911]]]}},{"type":"Feature","id":"osm-way-1125325241","properties":{"building":"yes","building:levels":"1","height":"4","osm_type":"way","osm_id":1125325241,"height_m":4,"height_source":"osm-height","height_is_estimated":false},"geometry":{"type":"Polygon","coordinates":[[[55.2562002,25.2017155],[55.2562933,25.2018412],[55.2564383,25.2017533],[55.2563452,25.2016275],[55.2562002,25.2017155]]]}},{"type":"Feature","id":"osm-way-1125325242","properties":{"building":"yes","building:levels":"1","height":"3","osm_type":"way","osm_id":1125325242,"height_m":3,"height_source":"osm-height","height_is_estimated":false},"geometry":{"type":"Polygon","coordinates":[[[55.2562221,25.2015108],[55.2562637,25.2014877],[55.2562406,25.2014536],[55.256199,25.2014767],[55.2562221,25.2015108]]]}},{"type":"Feature","id":"osm-way-1125325243","properties":{"building":"yes","building:levels":"1","height":"3","osm_type":"way","osm_id":1125325243,"height_m":3,"height_source":"osm-height","height_is_estimated":false},"geometry":{"type":"Polygon","coordinates":[[[55.256265,25.2014289],[55.2563354,25.2015247],[55.2563653,25.2015068],[55.2562949,25.2014109],[55.256265,25.2014289]]]}},{"type":"Feature","id":"osm-way-1125325244","properties":{"building":"yes","building:levels":"1","height":"3","osm_type":"way","osm_id":1125325244,"height_m":3,"height_source":"osm-height","height_is_estimated":false},"geometry":{"type":"Polygon","coordinates":[[[55.2562978,25.2013993],[55.2563643,25.2014897],[55.2563812,25.2014795],[55.2563641,25.2014563],[55.2563956,25.2014373],[55.2563461,25.2013702],[55.2562978,25.2013993]]]}},{"type":"Feature","id":"osm-way-1125325245","properties":{"building":"yes","building:levels":"1","height":"3","osm_type":"way","osm_id":1125325245,"height_m":3,"height_source":"osm-height","height_is_estimated":false},"geometry":{"type":"Polygon","coordinates":[[[55.2563593,25.2015854],[55.2564149,25.201662],[55.2564211,25.2016583],[55.256456,25.2016375],[55.2564004,25.201561],[55.2563593,25.2015854]]]}},{"type":"Feature","id":"osm-way-1125325246","properties":{"building":"yes","building:levels":"1","height":"3","osm_type":"way","osm_id":1125325246,"height_m":3,"height_source":"osm-height","height_is_estimated":false},"geometry":{"type":"Polygon","coordinates":[[[55.2564807,25.2017404],[55.2565157,25.2017196],[55.256456,25.2016375],[55.2564211,25.2016583],[55.2564807,25.2017404]]]}},{"type":"Feature","id":"osm-way-1125325247","properties":{"building":"yes","building:levels":"1","height":"3","osm_type":"way","osm_id":1125325247,"height_m":3,"height_source":"osm-height","height_is_estimated":false},"geometry":{"type":"Polygon","coordinates":[[[55.2565198,25.2017172],[55.2565157,25.2017196],[55.2564807,25.2017404],[55.256508,25.201778],[55.2565471,25.2017548],[55.2565198,25.2017172]]]}},{"type":"Feature","id":"osm-way-1125325248","properties":{"building":"yes","building:levels":"1","height":"3","osm_type":"way","osm_id":1125325248,"height_m":3,"height_source":"osm-height","height_is_estimated":false},"geometry":{"type":"Polygon","coordinates":[[[55.2565471,25.2017548],[55.2567912,25.2016095],[55.2567493,25.2015519],[55.2566928,25.2015855],[55.2567074,25.2016056],[55.2565198,25.2017172],[55.2565471,25.2017548]]]}},{"type":"Feature","id":"osm-way-1125325249","properties":{"building":"yes","building:levels":"2","height":"8","osm_type":"way","osm_id":1125325249,"height_m":8,"height_source":"osm-height","height_is_estimated":false},"geometry":{"type":"Polygon","coordinates":[[[55.2565248,25.2016851],[55.2567036,25.2015735],[55.2566718,25.2015318],[55.2566339,25.2015554],[55.2565824,25.2014879],[55.2565144,25.2015303],[55.2564867,25.2014939],[55.2564432,25.201521],[55.2565079,25.2016059],[55.2564784,25.2016242],[55.2565248,25.2016851]]]}},{"type":"Feature","id":"osm-way-1125325250","properties":{"building":"yes","building:levels":"2","height":"8","osm_type":"way","osm_id":1125325250,"height_m":8,"height_source":"osm-height","height_is_estimated":false},"geometry":{"type":"Polygon","coordinates":[[[55.2565302,25.2018163],[55.2566166,25.2019471],[55.2566789,25.2019134],[55.256667,25.2018953],[55.2567541,25.2018482],[55.2566797,25.2017355],[55.2565302,25.2018163]]]}},{"type":"Feature","id":"osm-way-1125325251","properties":{"building":"yes","building:levels":"1","height":"3","osm_type":"way","osm_id":1125325251,"height_m":3,"height_source":"osm-height","height_is_estimated":false},"geometry":{"type":"Polygon","coordinates":[[[55.2566982,25.2016776],[55.2567294,25.2017218],[55.2568227,25.2016678],[55.2567914,25.2016236],[55.2566982,25.2016776]]]}},{"type":"Feature","id":"osm-way-1125325252","properties":{"building":"yes","building:levels":"1","height":"3","osm_type":"way","osm_id":1125325252,"height_m":3,"height_source":"osm-height","height_is_estimated":false},"geometry":{"type":"Polygon","coordinates":[[[55.2569347,25.2019457],[55.2569637,25.2019826],[55.2570224,25.2019448],[55.2569934,25.2019079],[55.2569454,25.2019388],[55.2569347,25.2019457]]]}},{"type":"Feature","id":"osm-way-1125325253","properties":{"building":"yes","building:levels":"1","height":"3","osm_type":"way","osm_id":1125325253,"height_m":3,"height_source":"osm-height","height_is_estimated":false},"geometry":{"type":"Polygon","coordinates":[[[55.2569054,25.2018881],[55.2569454,25.2019388],[55.2569934,25.2019079],[55.2570038,25.2019012],[55.2569639,25.2018504],[55.2569054,25.2018881]]]}},{"type":"Feature","id":"osm-way-1125325254","properties":{"building":"yes","building:levels":"1","height":"3","osm_type":"way","osm_id":1125325254,"height_m":3,"height_source":"osm-height","height_is_estimated":false},"geometry":{"type":"Polygon","coordinates":[[[55.2567934,25.2019602],[55.2568333,25.202011],[55.2569347,25.2019457],[55.2569454,25.2019388],[55.2569054,25.2018881],[55.2567934,25.2019602]]]}},{"type":"Feature","id":"osm-way-1125325255","properties":{"building":"yes","building:levels":"2","height":"6","osm_type":"way","osm_id":1125325255,"height_m":6,"height_source":"osm-height","height_is_estimated":false},"geometry":{"type":"Polygon","coordinates":[[[55.2567002,25.2020932],[55.2567847,25.2022194],[55.2569319,25.2021387],[55.2568474,25.2020125],[55.2567002,25.2020932]]]}},{"type":"Feature","id":"osm-way-1125325256","properties":{"building":"yes","building:levels":"1","height":"3","osm_type":"way","osm_id":1125325256,"height_m":3,"height_source":"osm-height","height_is_estimated":false},"geometry":{"type":"Polygon","coordinates":[[[55.2570362,25.2022225],[55.2571595,25.2021497],[55.2571263,25.2021035],[55.2570029,25.2021763],[55.2570362,25.2022225]]]}},{"type":"Feature","id":"osm-way-1125325257","properties":{"building":"yes","building:levels":"2","height":"6","osm_type":"way","osm_id":1125325257,"height_m":6,"height_source":"osm-height","height_is_estimated":false},"geometry":{"type":"Polygon","coordinates":[[[55.2568551,25.2023045],[55.2569425,25.2024372],[55.2570912,25.2023571],[55.2570038,25.2022243],[55.2568551,25.2023045]]]}},{"type":"Feature","id":"osm-way-1125325258","properties":{"building":"yes","building:levels":"1","height":"3","osm_type":"way","osm_id":1125325258,"height_m":3,"height_source":"osm-height","height_is_estimated":false},"geometry":{"type":"Polygon","coordinates":[[[55.2568262,25.2025102],[55.2568528,25.2025481],[55.2569074,25.2025167],[55.2569262,25.2025435],[55.2569903,25.2025067],[55.2569449,25.202442],[55.2568262,25.2025102]]]}},{"type":"Feature","id":"osm-way-1125325259","properties":{"building":"yes","building:levels":"2","height":"6","osm_type":"way","osm_id":1125325259,"height_m":6,"height_source":"osm-height","height_is_estimated":false},"geometry":{"type":"Polygon","coordinates":[[[55.2566063,25.2025034],[55.2566422,25.202512],[55.2566761,25.2025677],[55.2566741,25.202598],[55.2567599,25.2026144],[55.2567673,25.2025628],[55.2567974,25.202564],[55.2568021,25.2024639],[55.2567568,25.2024222],[55.2566332,25.2023929],[55.2566063,25.2025034]]]}},{"type":"Feature","id":"osm-way-1125325260","properties":{"building":"yes","building:levels":"1","height":"3","osm_type":"way","osm_id":1125325260,"height_m":3,"height_source":"osm-height","height_is_estimated":false},"geometry":{"type":"Polygon","coordinates":[[[55.2566768,25.2023518],[55.2567045,25.2023905],[55.2567459,25.2023662],[55.2567919,25.2024305],[55.2568302,25.202408],[55.2568711,25.2024653],[55.2569093,25.2024429],[55.2567947,25.2022827],[55.2567517,25.202308],[55.2566768,25.2023518]]]}},{"type":"Feature","id":"osm-way-1125325261","properties":{"building":"yes","building:levels":"1","height":"3","osm_type":"way","osm_id":1125325261,"height_m":3,"height_source":"osm-height","height_is_estimated":false},"geometry":{"type":"Polygon","coordinates":[[[55.2566174,25.2021203],[55.2567517,25.202308],[55.2567947,25.2022827],[55.2566604,25.2020951],[55.2566174,25.2021203]]]}},{"type":"Feature","id":"osm-way-1125325262","properties":{"building":"yes","building:levels":"1","height":"4","osm_type":"way","osm_id":1125325262,"height_m":4,"height_source":"osm-height","height_is_estimated":false},"geometry":{"type":"Polygon","coordinates":[[[55.2563825,25.2021679],[55.256541,25.2020765],[55.2565055,25.2020261],[55.2564442,25.2019391],[55.2562857,25.2020305],[55.2563825,25.2021679]]]}},{"type":"Feature","id":"osm-way-1125325263","properties":{"building":"yes","building:levels":"1","height":"3","osm_type":"way","osm_id":1125325263,"height_m":3,"height_source":"osm-height","height_is_estimated":false},"geometry":{"type":"Polygon","coordinates":[[[55.2562536,25.2023116],[55.256597,25.2021236],[55.2565687,25.2020813],[55.2562254,25.2022694],[55.2562536,25.2023116]]]}},{"type":"Feature","id":"osm-way-1125325264","properties":{"building":"yes","building:levels":"1","height":"3","osm_type":"way","osm_id":1125325264,"height_m":3,"height_source":"osm-height","height_is_estimated":false},"geometry":{"type":"Polygon","coordinates":[[[55.2564468,25.2023855],[55.256407,25.202408],[55.2563729,25.2023588],[55.2562988,25.2024007],[55.2563802,25.2025184],[55.2564941,25.202454],[55.256477,25.2024292],[55.2564468,25.2023855]]]}},{"type":"Feature","id":"osm-way-1125325265","properties":{"building":"yes","building:levels":"2","height":"8","osm_type":"way","osm_id":1125325265,"height_m":8,"height_source":"osm-height","height_is_estimated":false},"geometry":{"type":"Polygon","coordinates":[[[55.2563675,25.2022708],[55.2564468,25.2023855],[55.256477,25.2024292],[55.2566746,25.2023174],[55.2565652,25.202159],[55.2563675,25.2022708]]]}},{"type":"Feature","id":"osm-way-1125325266","properties":{"building":"yes","building:levels":"1","height":"3","osm_type":"way","osm_id":1125325266,"height_m":3,"height_source":"osm-height","height_is_estimated":false},"geometry":{"type":"Polygon","coordinates":[[[55.2565098,25.2026836],[55.256561,25.2027467],[55.2566642,25.2026781],[55.256613,25.202615],[55.2565098,25.2026836]]]}},{"type":"Feature","id":"osm-way-1125330031","properties":{"building":"yes","osm_type":"way","osm_id":1125330031,"height_m":12,"height_source":"type-estimate","height_is_estimated":true},"geometry":{"type":"Polygon","coordinates":[[[55.2552035,25.203097],[55.2552334,25.2031389],[55.2552739,25.2031153],[55.2552441,25.2030734],[55.2552035,25.203097]]]}},{"type":"Feature","id":"osm-way-1125330035","properties":{"building":"yes","osm_type":"way","osm_id":1125330035,"height_m":12,"height_source":"type-estimate","height_is_estimated":true},"geometry":{"type":"Polygon","coordinates":[[[55.2551605,25.2030459],[55.2552045,25.2030215],[55.2552176,25.2030142],[55.255196,25.2029822],[55.2551389,25.2030139],[55.2551605,25.2030459]]]}},{"type":"Feature","id":"osm-way-1125330037","properties":{"building":"yes","osm_type":"way","osm_id":1125330037,"height_m":12,"height_source":"type-estimate","height_is_estimated":true},"geometry":{"type":"Polygon","coordinates":[[[55.2550616,25.2031005],[55.2550862,25.203137],[55.2552292,25.203058],[55.2552045,25.2030215],[55.2551605,25.2030459],[55.2550616,25.2031005]]]}},{"type":"Feature","id":"osm-way-1125330038","properties":{"building":"yes","osm_type":"way","osm_id":1125330038,"height_m":12,"height_source":"type-estimate","height_is_estimated":true},"geometry":{"type":"Polygon","coordinates":[[[55.2549574,25.2031581],[55.254982,25.2031946],[55.2550862,25.203137],[55.2550616,25.2031005],[55.254988,25.2031412],[55.2549574,25.2031581]]]}},{"type":"Feature","id":"osm-way-1125330040","properties":{"building":"yes","osm_type":"way","osm_id":1125330040,"height_m":12,"height_source":"type-estimate","height_is_estimated":true},"geometry":{"type":"Polygon","coordinates":[[[55.2549694,25.2028646],[55.2549969,25.2029021],[55.2550554,25.202867],[55.2551072,25.2029376],[55.2551578,25.2029072],[55.2550784,25.2027992],[55.2550694,25.2028045],[55.2549694,25.2028646]]]}},{"type":"Feature","id":"osm-way-1125330047","properties":{"building":"yes","osm_type":"way","osm_id":1125330047,"height_m":12,"height_source":"type-estimate","height_is_estimated":true},"geometry":{"type":"Polygon","coordinates":[[[55.2552247,25.2035295],[55.2552936,25.203625],[55.2553461,25.203594],[55.2553204,25.2035585],[55.2552932,25.2035746],[55.2552499,25.2035146],[55.2552247,25.2035295]]]}},{"type":"Feature","id":"osm-way-1125330048","properties":{"building":"yes","osm_type":"way","osm_id":1125330048,"height_m":12,"height_source":"type-estimate","height_is_estimated":true},"geometry":{"type":"Polygon","coordinates":[[[55.2550127,25.2035368],[55.2551226,25.2034718],[55.2551638,25.2034475],[55.2551151,25.2033802],[55.2550958,25.2033534],[55.2550527,25.2033788],[55.2550825,25.20342],[55.2550351,25.203448],[55.2550031,25.2034037],[55.2549696,25.2034235],[55.2550175,25.2034898],[55.2549903,25.2035058],[55.2550127,25.2035368]]]}},{"type":"Feature","id":"osm-way-1125330050","properties":{"building":"yes","osm_type":"way","osm_id":1125330050,"height_m":12,"height_source":"type-estimate","height_is_estimated":true},"geometry":{"type":"Polygon","coordinates":[[[55.2548633,25.2029214],[55.2549839,25.2030856],[55.2550813,25.2030271],[55.2549882,25.2029003],[55.2549607,25.2028628],[55.2549313,25.2028805],[55.2548633,25.2029214]]]}},{"type":"Feature","id":"osm-way-1125330051","properties":{"building":"yes","osm_type":"way","osm_id":1125330051,"height_m":12,"height_source":"type-estimate","height_is_estimated":true},"geometry":{"type":"Polygon","coordinates":[[[55.2551071,25.2033228],[55.2552433,25.2032442],[55.2551941,25.2031744],[55.2551669,25.2031902],[55.2551507,25.2031673],[55.2550818,25.2032071],[55.2550734,25.2031953],[55.2550508,25.2032083],[55.2550901,25.203264],[55.2550727,25.203274],[55.2551071,25.2033228]]]}},{"type":"Feature","id":"osm-way-1125330052","properties":{"building":"yes","osm_type":"way","osm_id":1125330052,"height_m":12,"height_source":"type-estimate","height_is_estimated":true},"geometry":{"type":"Polygon","coordinates":[[[55.2547945,25.2032945],[55.2548964,25.2034171],[55.2550401,25.2033193],[55.2549381,25.2031967],[55.2547945,25.2032945]]]}},{"type":"Feature","id":"osm-way-1125330054","properties":{"building":"yes","osm_type":"way","osm_id":1125330054,"height_m":12,"height_source":"type-estimate","height_is_estimated":true},"geometry":{"type":"Polygon","coordinates":[[[55.2549994,25.2035447],[55.2550967,25.2036795],[55.2552199,25.2036067],[55.2551226,25.2034718],[55.2550127,25.2035368],[55.2549994,25.2035447]]]}},{"type":"Feature","id":"osm-way-1125330055","properties":{"building":"yes","osm_type":"way","osm_id":1125330055,"height_m":12,"height_source":"type-estimate","height_is_estimated":true},"geometry":{"type":"Polygon","coordinates":[[[55.2551749,25.203463],[55.2552211,25.2034356],[55.2553099,25.2033832],[55.2552851,25.2033487],[55.2553016,25.203339],[55.2552667,25.2032906],[55.2551151,25.2033802],[55.2551638,25.2034475],[55.2551749,25.203463]]]}},{"type":"Feature","id":"osm-way-1125330056","properties":{"building":"yes","osm_type":"way","osm_id":1125330056,"height_m":12,"height_source":"type-estimate","height_is_estimated":true},"geometry":{"type":"Polygon","coordinates":[[[55.2553099,25.2033832],[55.255334,25.2033689],[55.2553467,25.2033864],[55.2554379,25.2033325],[55.2554004,25.2032806],[55.2553016,25.203339],[55.2552851,25.2033487],[55.2553099,25.2033832]]]}},{"type":"Feature","id":"osm-way-1125330057","properties":{"building":"yes","osm_type":"way","osm_id":1125330057,"height_m":12,"height_source":"type-estimate","height_is_estimated":true},"geometry":{"type":"Polygon","coordinates":[[[55.2553058,25.2035427],[55.2554135,25.203479],[55.2553467,25.2033864],[55.255334,25.2033689],[55.2553099,25.2033832],[55.2552211,25.2034356],[55.2552382,25.2034592],[55.2552192,25.2034705],[55.255237,25.2034951],[55.2552611,25.2034809],[55.2553058,25.2035427]]]}},{"type":"Feature","id":"osm-way-1125330058","properties":{"building":"yes","osm_type":"way","osm_id":1125330058,"height_m":12,"height_source":"type-estimate","height_is_estimated":true},"geometry":{"type":"Polygon","coordinates":[[[55.2553917,25.2035583],[55.2555362,25.2034746],[55.2554942,25.2034152],[55.2554337,25.2034502],[55.2554524,25.2034766],[55.2553683,25.2035253],[55.2553917,25.2035583]]]}},{"type":"Feature","id":"osm-way-1125332655","properties":{"building":"yes","building:levels":"1","height":"4","osm_type":"way","osm_id":1125332655,"height_m":4,"height_source":"osm-height","height_is_estimated":false},"geometry":{"type":"Polygon","coordinates":[[[55.2558164,25.2040202],[55.2558768,25.2041069],[55.2559093,25.2040884],[55.2558489,25.2040017],[55.2558164,25.2040202]]]}},{"type":"Feature","id":"osm-way-1125332656","properties":{"building":"yes","building:levels":"1","height":"4","osm_type":"way","osm_id":1125332656,"height_m":4,"height_source":"osm-height","height_is_estimated":false},"geometry":{"type":"Polygon","coordinates":[[[55.2557749,25.2039595],[55.2558057,25.2040008],[55.2558513,25.2039728],[55.2558205,25.2039316],[55.2557749,25.2039595]]]}},{"type":"Feature","id":"osm-way-1125332657","properties":{"building":"yes","building:levels":"1","height":"4","osm_type":"way","osm_id":1125332657,"height_m":4,"height_source":"osm-height","height_is_estimated":false},"geometry":{"type":"Polygon","coordinates":[[[55.255687,25.2038369],[55.2557588,25.2039413],[55.2558041,25.2039158],[55.2557323,25.2038114],[55.255687,25.2038369]]]}},{"type":"Feature","id":"osm-way-1125332658","properties":{"building":"yes","building:levels":"1","height":"4","osm_type":"way","osm_id":1125332658,"height_m":4,"height_source":"osm-height","height_is_estimated":false},"geometry":{"type":"Polygon","coordinates":[[[55.2564338,25.2037055],[55.2564754,25.2036817],[55.2564589,25.2036581],[55.2564173,25.2036819],[55.2564338,25.2037055]]]}},{"type":"Feature","id":"osm-way-1125332659","properties":{"building":"yes","building:levels":"1","height":"4","osm_type":"way","osm_id":1125332659,"height_m":4,"height_source":"osm-height","height_is_estimated":false},"geometry":{"type":"Polygon","coordinates":[[[55.2565661,25.2034417],[55.2565909,25.2034759],[55.2566152,25.2034615],[55.2565904,25.2034273],[55.2565661,25.2034417]]]}},{"type":"Feature","id":"osm-way-1125332660","properties":{"building":"yes","building:levels":"1","height":"4","osm_type":"way","osm_id":1125332660,"height_m":4,"height_source":"osm-height","height_is_estimated":false},"geometry":{"type":"Polygon","coordinates":[[[55.2565926,25.2036075],[55.2565541,25.2036305],[55.2565904,25.2036802],[55.2566288,25.2036572],[55.2565926,25.2036075]]]}},{"type":"Feature","id":"osm-way-1125332661","properties":{"building":"yes","building:levels":"1","height":"4","osm_type":"way","osm_id":1125332661,"height_m":4,"height_source":"osm-height","height_is_estimated":false},"geometry":{"type":"Polygon","coordinates":[[[55.2565874,25.2032775],[55.2566122,25.2033107],[55.2567319,25.2032376],[55.256759,25.2032211],[55.2567342,25.2031879],[55.2565874,25.2032775]]]}},{"type":"Feature","id":"osm-way-1125332662","properties":{"building":"yes","building:levels":"1","height":"4","osm_type":"way","osm_id":1125332662,"height_m":4,"height_source":"osm-height","height_is_estimated":false},"geometry":{"type":"Polygon","coordinates":[[[55.2565066,25.2033752],[55.2565727,25.2033349],[55.2566122,25.2033107],[55.2565874,25.2032775],[55.2564818,25.2033419],[55.2565066,25.2033752]]]}},{"type":"Feature","id":"osm-way-1125332663","properties":{"building":"yes","building:levels":"1","height":"4","osm_type":"way","osm_id":1125332663,"height_m":4,"height_source":"osm-height","height_is_estimated":false},"geometry":{"type":"Polygon","coordinates":[[[55.2555492,25.2035367],[55.255498,25.2035673],[55.2555956,25.2037011],[55.255623,25.2036848],[55.2555891,25.2036383],[55.2556129,25.203624],[55.2555492,25.2035367]]]}},{"type":"Feature","id":"osm-way-1125355334","properties":{"building":"yes","building:levels":"1","height":"4","osm_type":"way","osm_id":1125355334,"height_m":4,"height_source":"osm-height","height_is_estimated":false},"geometry":{"type":"Polygon","coordinates":[[[55.2554232,25.2043117],[55.2554832,25.2043229],[55.2554899,25.2042936],[55.2554299,25.2042824],[55.2554232,25.2043117]]]}},{"type":"Feature","id":"osm-way-1125355335","properties":{"building":"yes","osm_type":"way","osm_id":1125355335,"height_m":12,"height_source":"type-estimate","height_is_estimated":true},"geometry":{"type":"Polygon","coordinates":[[[55.2550364,25.2027672],[55.2549657,25.2028096],[55.2549132,25.2028412],[55.2549069,25.202845],[55.2549313,25.2028781],[55.2550607,25.2028003],[55.2550364,25.2027672]]]}},{"type":"Feature","id":"osm-way-1125355338","properties":{"building":"yes","building:levels":"1","height":"3","osm_type":"way","osm_id":1125355338,"height_m":3,"height_source":"osm-height","height_is_estimated":false},"geometry":{"type":"Polygon","coordinates":[[[55.2553305,25.2023209],[55.2553652,25.2023678],[55.2553914,25.202352],[55.2553568,25.202305],[55.2553305,25.2023209]]]}},{"type":"Feature","id":"osm-way-1125355339","properties":{"building":"yes","building:levels":"1","height":"3","osm_type":"way","osm_id":1125355339,"height_m":3,"height_source":"osm-height","height_is_estimated":false},"geometry":{"type":"Polygon","coordinates":[[[55.2552833,25.2023195],[55.2552984,25.202338],[55.2553267,25.2023191],[55.2553117,25.2023006],[55.2552833,25.2023195]]]}},{"type":"Feature","id":"osm-way-1125355340","properties":{"building":"yes","building:levels":"1","height":"3","osm_type":"way","osm_id":1125355340,"height_m":3,"height_source":"osm-height","height_is_estimated":false},"geometry":{"type":"Polygon","coordinates":[[[55.2558503,25.2023289],[55.2558764,25.2023653],[55.255903,25.2023497],[55.2558769,25.2023133],[55.2558503,25.2023289]]]}},{"type":"Feature","id":"osm-way-1125355341","properties":{"building":"yes","building:levels":"1","height":"3","osm_type":"way","osm_id":1125355341,"height_m":3,"height_source":"osm-height","height_is_estimated":false},"geometry":{"type":"Polygon","coordinates":[[[55.2555982,25.2023629],[55.2556183,25.2023899],[55.2556476,25.202372],[55.2556275,25.202345],[55.2555982,25.2023629]]]}},{"type":"Feature","id":"osm-way-1125552592","properties":{"building":"yes","osm_type":"way","osm_id":1125552592,"height_m":12,"height_source":"type-estimate","height_is_estimated":true},"geometry":{"type":"Polygon","coordinates":[[[55.2622228,25.1983823],[55.2622541,25.1984126],[55.2622715,25.1983979],[55.2622402,25.1983676],[55.2622228,25.1983823]]]}},{"type":"Feature","id":"osm-way-1125552593","properties":{"building":"yes","osm_type":"way","osm_id":1125552593,"height_m":12,"height_source":"type-estimate","height_is_estimated":true},"geometry":{"type":"Polygon","coordinates":[[[55.2620242,25.1982368],[55.2620475,25.1982189],[55.2620331,25.1982035],[55.2620098,25.1982214],[55.2620242,25.1982368]]]}},{"type":"Feature","id":"osm-way-1125552594","properties":{"building":"yes","osm_type":"way","osm_id":1125552594,"height_m":12,"height_source":"type-estimate","height_is_estimated":true},"geometry":{"type":"Polygon","coordinates":[[[55.2620809,25.1982069],[55.2620568,25.1982272],[55.2620822,25.1982519],[55.2621063,25.1982317],[55.2620872,25.1982131],[55.2620809,25.1982069]]]}},{"type":"Feature","id":"osm-way-1125552595","properties":{"building":"yes","osm_type":"way","osm_id":1125552595,"height_m":12,"height_source":"type-estimate","height_is_estimated":true},"geometry":{"type":"Polygon","coordinates":[[[55.2620385,25.1981972],[55.2620592,25.1982186],[55.2620907,25.1981937],[55.2620601,25.1981621],[55.2620372,25.1981802],[55.2620471,25.1981905],[55.2620385,25.1981972]]]}},{"type":"Feature","id":"osm-way-1125552596","properties":{"building":"yes","osm_type":"way","osm_id":1125552596,"height_m":12,"height_source":"type-estimate","height_is_estimated":true},"geometry":{"type":"Polygon","coordinates":[[[55.2618206,25.198044],[55.2618633,25.1980882],[55.2619618,25.1981901],[55.2619989,25.1982286],[55.2620385,25.1981972],[55.2620471,25.1981905],[55.2620372,25.1981802],[55.2618688,25.1980059],[55.2618206,25.198044]]]}},{"type":"Feature","id":"osm-way-1125552597","properties":{"building":"yes","osm_type":"way","osm_id":1125552597,"height_m":12,"height_source":"type-estimate","height_is_estimated":true},"geometry":{"type":"Polygon","coordinates":[[[55.2621845,25.1978192],[55.2622239,25.1977867],[55.2621394,25.1977028],[55.2621,25.1977353],[55.2621845,25.1978192]]]}},{"type":"Feature","id":"osm-way-1125552598","properties":{"building":"yes","osm_type":"way","osm_id":1125552598,"height_m":12,"height_source":"type-estimate","height_is_estimated":true},"geometry":{"type":"Polygon","coordinates":[[[55.2625735,25.1978192],[55.2626462,25.1978989],[55.2626937,25.1978636],[55.2627832,25.1979619],[55.2629261,25.1978555],[55.2629121,25.1978407],[55.262898,25.197824],[55.2627632,25.1976765],[55.2627212,25.1977063],[55.2625735,25.1978192]]]}},{"type":"Feature","id":"osm-way-1125552599","properties":{"building":"yes","osm_type":"way","osm_id":1125552599,"height_m":12,"height_source":"type-estimate","height_is_estimated":true},"geometry":{"type":"Polygon","coordinates":[[[55.2623157,25.197687],[55.2622941,25.1977044],[55.2622626,25.1977299],[55.2623102,25.1977781],[55.2623632,25.1977353],[55.2623157,25.197687]]]}},{"type":"Feature","id":"osm-way-1125552600","properties":{"building":"yes","osm_type":"way","osm_id":1125552600,"height_m":12,"height_source":"type-estimate","height_is_estimated":true},"geometry":{"type":"Polygon","coordinates":[[[55.2623223,25.197907],[55.2624706,25.1977874],[55.2625053,25.1978226],[55.2625298,25.1978028],[55.2622814,25.1975507],[55.2622041,25.1976131],[55.2622941,25.1977044],[55.2623157,25.197687],[55.262334,25.1976722],[55.2623926,25.1977316],[55.2622571,25.1978409],[55.2623223,25.197907]]]}},{"type":"Feature","id":"osm-way-1125552601","properties":{"building":"yes","osm_type":"way","osm_id":1125552601,"height_m":12,"height_source":"type-estimate","height_is_estimated":true},"geometry":{"type":"Polygon","coordinates":[[[55.2625013,25.1975003],[55.2625675,25.1975735],[55.262618,25.1975362],[55.2625518,25.1974629],[55.2625013,25.1975003]]]}},{"type":"Feature","id":"osm-way-1125552602","properties":{"building":"yes","osm_type":"way","osm_id":1125552602,"height_m":12,"height_source":"type-estimate","height_is_estimated":true},"geometry":{"type":"Polygon","coordinates":[[[55.2624229,25.1975582],[55.2625064,25.1976506],[55.2625848,25.1975926],[55.2625675,25.1975735],[55.2625013,25.1975003],[55.2624229,25.1975582]]]}},{"type":"Feature","id":"osm-way-1125552603","properties":{"building":"yes","osm_type":"way","osm_id":1125552603,"height_m":12,"height_source":"type-estimate","height_is_estimated":true},"geometry":{"type":"Polygon","coordinates":[[[55.2626197,25.1975468],[55.2626437,25.1975727],[55.2626913,25.1975367],[55.2626674,25.1975107],[55.2626197,25.1975468]]]}},{"type":"Feature","id":"osm-way-1125552604","properties":{"building":"yes","osm_type":"way","osm_id":1125552604,"height_m":12,"height_source":"type-estimate","height_is_estimated":true},"geometry":{"type":"Polygon","coordinates":[[[55.2624727,25.1977036],[55.2625023,25.1977353],[55.2625602,25.1976908],[55.2625305,25.1976592],[55.2624727,25.1977036]]]}},{"type":"Feature","id":"osm-way-1125552605","properties":{"building":"yes","osm_type":"way","osm_id":1125552605,"height_m":12,"height_source":"type-estimate","height_is_estimated":true},"geometry":{"type":"Polygon","coordinates":[[[55.2625453,25.1976623],[55.2625739,25.1976932],[55.2627279,25.1975765],[55.2626992,25.1975456],[55.2625453,25.1976623]]]}},{"type":"Feature","id":"osm-way-1125552606","properties":{"building":"yes","osm_type":"way","osm_id":1125552606,"height_m":12,"height_source":"type-estimate","height_is_estimated":true},"geometry":{"type":"Polygon","coordinates":[[[55.2626368,25.1979618],[55.26267,25.1979957],[55.2627322,25.1980593],[55.2627546,25.1980413],[55.2626592,25.1979439],[55.2626368,25.1979618]]]}},{"type":"Feature","id":"osm-way-1125552607","properties":{"building":"yes","osm_type":"way","osm_id":1125552607,"height_m":12,"height_source":"type-estimate","height_is_estimated":true},"geometry":{"type":"Polygon","coordinates":[[[55.262543,25.197939],[55.2625862,25.1979066],[55.2626094,25.1978892],[55.2625318,25.1978045],[55.2624698,25.197851],[55.2624804,25.1978626],[55.262459,25.1978787],[55.2624993,25.1979228],[55.2625164,25.1979099],[55.262543,25.197939]]]}},{"type":"Feature","id":"osm-way-1125552608","properties":{"building":"yes","osm_type":"way","osm_id":1125552608,"height_m":12,"height_source":"type-estimate","height_is_estimated":true},"geometry":{"type":"Polygon","coordinates":[[[55.2624095,25.1980346],[55.2625072,25.1981413],[55.2626096,25.1980646],[55.2625968,25.1980506],[55.26267,25.1979957],[55.2626368,25.1979618],[55.2625862,25.1979066],[55.262543,25.197939],[55.2624883,25.19798],[55.2624751,25.1979655],[55.262444,25.1979888],[55.2624548,25.1980006],[55.262433,25.198017],[55.2624095,25.1980346]]]}},{"type":"Feature","id":"osm-way-1125552609","properties":{"building":"yes","osm_type":"way","osm_id":1125552609,"height_m":12,"height_source":"type-estimate","height_is_estimated":true},"geometry":{"type":"Polygon","coordinates":[[[55.2623723,25.1979345],[55.2624069,25.1979723],[55.2624778,25.1979192],[55.2624371,25.1978747],[55.2623777,25.1979193],[55.2623837,25.1979259],[55.2623723,25.1979345]]]}},{"type":"Feature","id":"osm-way-1125552610","properties":{"building":"yes","osm_type":"way","osm_id":1125552610,"height_m":12,"height_source":"type-estimate","height_is_estimated":true},"geometry":{"type":"Polygon","coordinates":[[[55.2623068,25.1979723],[55.2623824,25.1980549],[55.2624095,25.1980346],[55.262433,25.198017],[55.2623635,25.1979411],[55.2623723,25.1979345],[55.2623837,25.1979259],[55.2623777,25.1979193],[55.2623637,25.197904],[55.2623054,25.1979477],[55.2623193,25.1979629],[55.2623068,25.1979723]]]}},{"type":"Feature","id":"osm-way-1125552611","properties":{"building":"yes","osm_type":"way","osm_id":1125552611,"height_m":12,"height_source":"type-estimate","height_is_estimated":true},"geometry":{"type":"Polygon","coordinates":[[[55.2622119,25.1974269],[55.2622752,25.1974941],[55.2623288,25.1974528],[55.2622773,25.1973981],[55.2622655,25.1973856],[55.2622119,25.1974269]]]}},{"type":"Feature","id":"osm-way-1125552612","properties":{"building":"yes","osm_type":"way","osm_id":1125552612,"height_m":12,"height_source":"type-estimate","height_is_estimated":true},"geometry":{"type":"Polygon","coordinates":[[[55.2622773,25.1973981],[55.2623288,25.1974528],[55.2623548,25.1974804],[55.2624373,25.1974167],[55.2623599,25.1973345],[55.2622773,25.1973981]]]}},{"type":"Feature","id":"osm-way-1125552613","properties":{"building":"yes","osm_type":"way","osm_id":1125552613,"height_m":12,"height_source":"type-estimate","height_is_estimated":true},"geometry":{"type":"Polygon","coordinates":[[[55.2624162,25.1973269],[55.2624479,25.1973617],[55.2624964,25.1973255],[55.2624647,25.1972907],[55.2624162,25.1973269]]]}},{"type":"Feature","id":"osm-way-1125552614","properties":{"building":"yes","osm_type":"way","osm_id":1125552614,"height_m":12,"height_source":"type-estimate","height_is_estimated":true},"geometry":{"type":"Polygon","coordinates":[[[55.2623603,25.1972663],[55.262379,25.1972842],[55.2623838,25.1972888],[55.2624311,25.1972484],[55.2624075,25.1972259],[55.2623603,25.1972663]]]}},{"type":"Feature","id":"osm-way-1125552615","properties":{"building":"yes","osm_type":"way","osm_id":1125552615,"height_m":12,"height_source":"type-estimate","height_is_estimated":true},"geometry":{"type":"Polygon","coordinates":[[[55.2623082,25.1972922],[55.2623365,25.1973199],[55.262379,25.1972842],[55.2623603,25.1972663],[55.2623505,25.1972567],[55.2623082,25.1972922]]]}},{"type":"Feature","id":"osm-way-1125552616","properties":{"building":"yes","osm_type":"way","osm_id":1125552616,"height_m":12,"height_source":"type-estimate","height_is_estimated":true},"geometry":{"type":"Polygon","coordinates":[[[55.2618521,25.1971192],[55.2618905,25.1971533],[55.2619269,25.1971197],[55.2618885,25.1970856],[55.2618521,25.1971192]]]}},{"type":"Feature","id":"osm-way-1125552617","properties":{"building":"yes","osm_type":"way","osm_id":1125552617,"height_m":12,"height_source":"type-estimate","height_is_estimated":true},"geometry":{"type":"Polygon","coordinates":[[[55.2617805,25.1973832],[55.2618193,25.1974197],[55.261854,25.1973894],[55.2618153,25.197353],[55.2617805,25.1973832]]]}},{"type":"Feature","id":"osm-way-1125552618","properties":{"building":"yes","osm_type":"way","osm_id":1125552618,"height_m":12,"height_source":"type-estimate","height_is_estimated":true},"geometry":{"type":"Polygon","coordinates":[[[55.2618354,25.1974471],[55.2618619,25.1974749],[55.2620247,25.1973476],[55.2619982,25.1973199],[55.2618354,25.1974471]]]}},{"type":"Feature","id":"osm-way-1125552619","properties":{"building":"yes","osm_type":"way","osm_id":1125552619,"height_m":12,"height_source":"type-estimate","height_is_estimated":true},"geometry":{"type":"Polygon","coordinates":[[[55.2616941,25.1984113],[55.2617343,25.198451],[55.2618041,25.1983933],[55.2617638,25.1983535],[55.2616941,25.1984113]]]}},{"type":"Feature","id":"osm-way-1125552620","properties":{"building":"yes","osm_type":"way","osm_id":1125552620,"height_m":12,"height_source":"type-estimate","height_is_estimated":true},"geometry":{"type":"Polygon","coordinates":[[[55.2617175,25.1982035],[55.2618125,25.1983018],[55.2618352,25.1982839],[55.2618646,25.1983143],[55.261958,25.1982405],[55.261932,25.1982136],[55.2619618,25.1981901],[55.2618633,25.1980882],[55.2617175,25.1982035]]]}},{"type":"Feature","id":"osm-way-1125552621","properties":{"building":"yes","osm_type":"way","osm_id":1125552621,"height_m":12,"height_source":"type-estimate","height_is_estimated":true},"geometry":{"type":"Polygon","coordinates":[[[55.262022,25.1980788],[55.2620905,25.1981537],[55.2621848,25.198083],[55.2621162,25.1980081],[55.262022,25.1980788]]]}},{"type":"Feature","id":"osm-way-1125552622","properties":{"building":"yes","osm_type":"way","osm_id":1125552622,"height_m":12,"height_source":"type-estimate","height_is_estimated":true},"geometry":{"type":"Polygon","coordinates":[[[55.2620872,25.1982131],[55.2621063,25.1982317],[55.2622336,25.1983606],[55.2623047,25.198303],[55.2621587,25.1981552],[55.2620872,25.1982131]]]}},{"type":"Feature","id":"osm-way-1125552623","properties":{"building":"yes","osm_type":"way","osm_id":1125552623,"height_m":12,"height_source":"type-estimate","height_is_estimated":true},"geometry":{"type":"Polygon","coordinates":[[[55.2621705,25.1981317],[55.2621982,25.1981566],[55.2622361,25.1981221],[55.2622084,25.1980972],[55.2621705,25.1981317]]]}},{"type":"Feature","id":"osm-way-1125552624","properties":{"building":"yes","osm_type":"way","osm_id":1125552624,"height_m":12,"height_source":"type-estimate","height_is_estimated":true},"geometry":{"type":"Polygon","coordinates":[[[55.262231,25.1980896],[55.2622757,25.1981365],[55.2623383,25.1980876],[55.2622936,25.1980407],[55.262231,25.1980896]]]}},{"type":"Feature","id":"osm-way-1125552625","properties":{"building":"yes","osm_type":"way","osm_id":1125552625,"height_m":12,"height_source":"type-estimate","height_is_estimated":true},"geometry":{"type":"Polygon","coordinates":[[[55.2622813,25.1981469],[55.2623342,25.1981982],[55.2623951,25.1981467],[55.2623422,25.1980955],[55.2622813,25.1981469]]]}},{"type":"Feature","id":"osm-way-1125552626","properties":{"building":"yes","osm_type":"way","osm_id":1125552626,"height_m":12,"height_source":"type-estimate","height_is_estimated":true},"geometry":{"type":"Polygon","coordinates":[[[55.2621999,25.1981781],[55.2622361,25.1982144],[55.2622494,25.1982035],[55.2623586,25.1983128],[55.2624584,25.1982311],[55.2624,25.1981726],[55.2623366,25.1982244],[55.2622497,25.1981375],[55.2621999,25.1981781]]]}},{"type":"Feature","id":"osm-way-1125555116","properties":{"building":"yes","osm_type":"way","osm_id":1125555116,"height_m":12,"height_source":"type-estimate","height_is_estimated":true},"geometry":{"type":"Polygon","coordinates":[[[55.2613619,25.1973415],[55.2613827,25.1973627],[55.2615162,25.1974986],[55.261585,25.1974432],[55.2614308,25.1972861],[55.2613619,25.1973415]]]}},{"type":"Feature","id":"osm-way-1125555117","properties":{"building":"yes","osm_type":"way","osm_id":1125555117,"height_m":12,"height_source":"type-estimate","height_is_estimated":true},"geometry":{"type":"Polygon","coordinates":[[[55.2611839,25.1974594],[55.2612058,25.1974817],[55.2612305,25.1974619],[55.2612086,25.1974395],[55.2611839,25.1974594]]]}},{"type":"Feature","id":"osm-way-1125555118","properties":{"building":"yes","osm_type":"way","osm_id":1125555118,"height_m":12,"height_source":"type-estimate","height_is_estimated":true},"geometry":{"type":"Polygon","coordinates":[[[55.261319,25.1976871],[55.2613491,25.1977182],[55.2613569,25.1977263],[55.2613759,25.1977112],[55.2614237,25.1977606],[55.2614451,25.1977437],[55.2613593,25.1976551],[55.261319,25.1976871]]]}},{"type":"Feature","id":"osm-way-1125555119","properties":{"building":"yes","osm_type":"way","osm_id":1125555119,"height_m":12,"height_source":"type-estimate","height_is_estimated":true},"geometry":{"type":"Polygon","coordinates":[[[55.2612992,25.1977578],[55.2613491,25.1977182],[55.261319,25.1976871],[55.2612691,25.1977267],[55.2612992,25.1977578]]]}},{"type":"Feature","id":"osm-way-1125555120","properties":{"building":"yes","osm_type":"way","osm_id":1125555120,"height_m":12,"height_source":"type-estimate","height_is_estimated":true},"geometry":{"type":"Polygon","coordinates":[[[55.261259,25.1971884],[55.2612918,25.1972217],[55.2613486,25.1972795],[55.2613939,25.1972431],[55.2613043,25.1971519],[55.261259,25.1971884]]]}},{"type":"Feature","id":"osm-way-1125555121","properties":{"building":"yes","osm_type":"way","osm_id":1125555121,"height_m":12,"height_source":"type-estimate","height_is_estimated":true},"geometry":{"type":"Polygon","coordinates":[[[55.2611737,25.1973166],[55.2612652,25.197243],[55.2612918,25.1972217],[55.261259,25.1971884],[55.261141,25.1972833],[55.2611737,25.1973166]]]}},{"type":"Feature","id":"osm-way-1125555122","properties":{"building":"yes","osm_type":"way","osm_id":1125555122,"height_m":12,"height_source":"type-estimate","height_is_estimated":true},"geometry":{"type":"Polygon","coordinates":[[[55.261077,25.1973347],[55.2611354,25.1973942],[55.2611519,25.197381],[55.2611803,25.1973582],[55.2611546,25.197332],[55.2611737,25.1973166],[55.261141,25.1972833],[55.261077,25.1973347]]]}},{"type":"Feature","id":"osm-way-1125555123","properties":{"building":"yes","osm_type":"way","osm_id":1125555123,"height_m":12,"height_source":"type-estimate","height_is_estimated":true},"geometry":{"type":"Polygon","coordinates":[[[55.2612137,25.1974898],[55.2612797,25.197557],[55.2612945,25.197572],[55.2613422,25.1975336],[55.2613009,25.1974915],[55.2612796,25.1975087],[55.2612402,25.1974685],[55.2612137,25.1974898]]]}},{"type":"Feature","id":"osm-way-1125555124","properties":{"building":"yes","osm_type":"way","osm_id":1125555124,"height_m":12,"height_source":"type-estimate","height_is_estimated":true},"geometry":{"type":"Polygon","coordinates":[[[55.261189,25.1975489],[55.2611608,25.1975715],[55.2612424,25.1976545],[55.261259,25.1976714],[55.2613334,25.1976116],[55.2612945,25.197572],[55.2612797,25.197557],[55.2612457,25.1975844],[55.2612012,25.1975391],[55.261189,25.1975489]]]}},{"type":"Feature","id":"osm-way-1125555125","properties":{"building":"yes","osm_type":"way","osm_id":1125555125,"height_m":12,"height_source":"type-estimate","height_is_estimated":true},"geometry":{"type":"Polygon","coordinates":[[[55.2610343,25.1973691],[55.2610748,25.1974103],[55.2612012,25.1975391],[55.2612457,25.1975844],[55.2612797,25.197557],[55.2612137,25.1974898],[55.2612058,25.1974817],[55.2611839,25.1974594],[55.2611581,25.1974331],[55.2611832,25.1974129],[55.2611519,25.197381],[55.2611354,25.1973942],[55.261077,25.1973347],[55.2610343,25.1973691]]]}},{"type":"Feature","id":"osm-way-1125555126","properties":{"building":"yes","osm_type":"way","osm_id":1125555126,"height_m":12,"height_source":"type-estimate","height_is_estimated":true},"geometry":{"type":"Polygon","coordinates":[[[55.2612424,25.1976545],[55.2611475,25.1977308],[55.2610957,25.1977725],[55.2611361,25.1978136],[55.2611427,25.1978204],[55.2613638,25.1976426],[55.2613334,25.1976116],[55.261259,25.1976714],[55.2612424,25.1976545]]]}},{"type":"Feature","id":"osm-way-1125555127","properties":{"building":"yes","osm_type":"way","osm_id":1125555127,"height_m":12,"height_source":"type-estimate","height_is_estimated":true},"geometry":{"type":"Polygon","coordinates":[[[55.2610518,25.1974092],[55.2609575,25.197485],[55.2610456,25.1975746],[55.2611399,25.1974988],[55.2610626,25.1974201],[55.2610518,25.1974092]]]}},{"type":"Feature","id":"osm-way-1125555128","properties":{"building":"yes","osm_type":"way","osm_id":1125555128,"height_m":12,"height_source":"type-estimate","height_is_estimated":true},"geometry":{"type":"Polygon","coordinates":[[[55.2610221,25.1973789],[55.2610518,25.1974092],[55.2610626,25.1974201],[55.2610748,25.1974103],[55.2610343,25.1973691],[55.2610221,25.1973789]]]}},{"type":"Feature","id":"osm-way-1125555129","properties":{"building":"yes","osm_type":"way","osm_id":1125555129,"height_m":12,"height_source":"type-estimate","height_is_estimated":true},"geometry":{"type":"Polygon","coordinates":[[[55.2608394,25.1975102],[55.2608777,25.1975492],[55.2609575,25.197485],[55.2610518,25.1974092],[55.2610221,25.1973789],[55.2608791,25.1974938],[55.2608706,25.1974851],[55.2608394,25.1975102]]]}},{"type":"Feature","id":"osm-way-1125565149","properties":{"building":"yes","osm_type":"way","osm_id":1125565149,"height_m":12,"height_source":"type-estimate","height_is_estimated":true},"geometry":{"type":"Polygon","coordinates":[[[55.2624714,25.1989553],[55.2625068,25.1989295],[55.2624951,25.1989163],[55.2624597,25.1989421],[55.2624714,25.1989553]]]}},{"type":"Feature","id":"osm-way-1125565150","properties":{"building":"yes","osm_type":"way","osm_id":1125565150,"height_m":12,"height_source":"type-estimate","height_is_estimated":true},"geometry":{"type":"Polygon","coordinates":[[[55.2624781,25.1990074],[55.2624965,25.1989931],[55.2624827,25.1989786],[55.2624643,25.1989929],[55.2624781,25.1990074]]]}},{"type":"Feature","id":"osm-way-1125565151","properties":{"building":"yes","osm_type":"way","osm_id":1125565151,"height_m":12,"height_source":"type-estimate","height_is_estimated":true},"geometry":{"type":"Polygon","coordinates":[[[55.2624708,25.1991029],[55.2625712,25.1992046],[55.2625997,25.1991815],[55.2624993,25.1990799],[55.2624708,25.1991029]]]}},{"type":"Feature","id":"osm-way-1125565152","properties":{"building":"yes","osm_type":"way","osm_id":1125565152,"height_m":12,"height_source":"type-estimate","height_is_estimated":true},"geometry":{"type":"Polygon","coordinates":[[[55.2628406,25.1988877],[55.2628805,25.1989227],[55.2629109,25.1988944],[55.2628711,25.1988593],[55.2628406,25.1988877]]]}},{"type":"Feature","id":"osm-way-1125565153","properties":{"building":"yes","osm_type":"way","osm_id":1125565153,"height_m":12,"height_source":"type-estimate","height_is_estimated":true},"geometry":{"type":"Polygon","coordinates":[[[55.2627728,25.1990289],[55.2628056,25.1990623],[55.2629298,25.1989624],[55.262897,25.198929],[55.2627728,25.1990289]]]}},{"type":"Feature","id":"osm-way-1125565154","properties":{"building":"yes","osm_type":"way","osm_id":1125565154,"height_m":12,"height_source":"type-estimate","height_is_estimated":true},"geometry":{"type":"Polygon","coordinates":[[[55.2623991,25.1989578],[55.2624326,25.1989898],[55.2624606,25.1989658],[55.262427,25.1989338],[55.2623991,25.1989578]]]}},{"type":"Feature","id":"osm-way-1125565155","properties":{"building":"yes","osm_type":"way","osm_id":1125565155,"height_m":12,"height_source":"type-estimate","height_is_estimated":true},"geometry":{"type":"Polygon","coordinates":[[[55.2622165,25.1988256],[55.2622623,25.1988715],[55.262298,25.1988423],[55.2622522,25.1987964],[55.2622165,25.1988256]]]}},{"type":"Feature","id":"osm-way-1125565156","properties":{"building":"yes","osm_type":"way","osm_id":1125565156,"height_m":12,"height_source":"type-estimate","height_is_estimated":true},"geometry":{"type":"Polygon","coordinates":[[[55.2623119,25.1988583],[55.262348,25.1988995],[55.2623773,25.1988784],[55.2623411,25.1988373],[55.2623119,25.1988583]]]}},{"type":"Feature","id":"osm-way-1125565157","properties":{"building":"yes","osm_type":"way","osm_id":1125565157,"height_m":12,"height_source":"type-estimate","height_is_estimated":true},"geometry":{"type":"Polygon","coordinates":[[[55.258496,25.1980803],[55.2584276,25.1981338],[55.2584188,25.1982056],[55.2584448,25.1982447],[55.2584806,25.1982245],[55.2584683,25.198183],[55.258472,25.1981499],[55.2585223,25.1981091],[55.258496,25.1980803]]]}},{"type":"Feature","id":"osm-way-1125565158","properties":{"building":"yes","osm_type":"way","osm_id":1125565158,"height_m":12,"height_source":"type-estimate","height_is_estimated":true},"geometry":{"type":"Polygon","coordinates":[[[55.258496,25.1980803],[55.2585223,25.1981091],[55.2585552,25.1980845],[55.2585289,25.1980557],[55.258496,25.1980803]]]}},{"type":"Feature","id":"osm-way-1125565159","properties":{"building":"yes","osm_type":"way","osm_id":1125565159,"height_m":12,"height_source":"type-estimate","height_is_estimated":true},"geometry":{"type":"Polygon","coordinates":[[[55.2588007,25.198473],[55.258832,25.1985138],[55.2588917,25.1984762],[55.2588604,25.1984354],[55.2588007,25.198473]]]}},{"type":"Feature","id":"osm-way-1125565160","properties":{"building":"yes","osm_type":"way","osm_id":1125565160,"height_m":12,"height_source":"type-estimate","height_is_estimated":true},"geometry":{"type":"Polygon","coordinates":[[[55.2588957,25.1983472],[55.2589874,25.1983614],[55.2589995,25.1982972],[55.2589078,25.198283],[55.2588957,25.1983472]]]}},{"type":"Feature","id":"osm-way-1125565161","properties":{"building":"yes","osm_type":"way","osm_id":1125565161,"height_m":12,"height_source":"type-estimate","height_is_estimated":true},"geometry":{"type":"Polygon","coordinates":[[[55.2587157,25.1979177],[55.2586429,25.1979698],[55.2586801,25.1980123],[55.2587529,25.1979602],[55.2587157,25.1979177]]]}},{"type":"Feature","id":"osm-way-1125565162","properties":{"building":"yes","osm_type":"way","osm_id":1125565162,"height_m":12,"height_source":"type-estimate","height_is_estimated":true},"geometry":{"type":"Polygon","coordinates":[[[55.2587157,25.1979177],[55.2587529,25.1979602],[55.2587896,25.1980022],[55.2588791,25.197938],[55.2588052,25.1978535],[55.2587157,25.1979177]]]}},{"type":"Feature","id":"osm-way-1125565163","properties":{"building":"yes","osm_type":"way","osm_id":1125565163,"height_m":12,"height_source":"type-estimate","height_is_estimated":true},"geometry":{"type":"Polygon","coordinates":[[[55.2594682,25.1977074],[55.2593761,25.1977784],[55.2594042,25.1978084],[55.2594961,25.1977367],[55.2594682,25.1977074]]]}},{"type":"Feature","id":"osm-way-1125565164","properties":{"building":"yes","osm_type":"way","osm_id":1125565164,"height_m":12,"height_source":"type-estimate","height_is_estimated":true},"geometry":{"type":"Polygon","coordinates":[[[55.2596165,25.1977838],[55.2595732,25.1978177],[55.2595657,25.1978234],[55.2596025,25.1978621],[55.2596136,25.1978535],[55.2596533,25.1978226],[55.2596165,25.1977838]]]}},{"type":"Feature","id":"osm-way-1125565165","properties":{"building":"yes","osm_type":"way","osm_id":1125565165,"height_m":12,"height_source":"type-estimate","height_is_estimated":true},"geometry":{"type":"Polygon","coordinates":[[[55.2594961,25.1977367],[55.2594042,25.1978084],[55.2594813,25.1978893],[55.2595657,25.1978234],[55.2595732,25.1978177],[55.2594961,25.1977367]]]}},{"type":"Feature","id":"osm-way-1125565166","properties":{"building":"yes","osm_type":"way","osm_id":1125565166,"height_m":12,"height_source":"type-estimate","height_is_estimated":true},"geometry":{"type":"Polygon","coordinates":[[[55.2594682,25.1977074],[55.2594961,25.1977367],[55.2595732,25.1978177],[55.2596165,25.1977838],[55.2595224,25.1976851],[55.2595119,25.197673],[55.2594682,25.1977074]]]}},{"type":"Feature","id":"osm-way-1125565167","properties":{"building":"yes","osm_type":"way","osm_id":1125565167,"height_m":12,"height_source":"type-estimate","height_is_estimated":true},"geometry":{"type":"Polygon","coordinates":[[[55.2592422,25.1978954],[55.2592795,25.1979318],[55.2593676,25.197858],[55.2593304,25.1978216],[55.2592422,25.1978954]]]}},{"type":"Feature","id":"osm-way-1125565168","properties":{"building":"yes","osm_type":"way","osm_id":1125565168,"height_m":12,"height_source":"type-estimate","height_is_estimated":true},"geometry":{"type":"Polygon","coordinates":[[[55.2596136,25.1978535],[55.2596025,25.1978621],[55.2595667,25.1978917],[55.2596068,25.1979321],[55.2596537,25.1978939],[55.2596136,25.1978535]]]}},{"type":"Feature","id":"osm-way-1125565169","properties":{"building":"yes","osm_type":"way","osm_id":1125565169,"height_m":12,"height_source":"type-estimate","height_is_estimated":true},"geometry":{"type":"Polygon","coordinates":[[[55.2596533,25.1978226],[55.2596136,25.1978535],[55.2596537,25.1978939],[55.2596646,25.1979051],[55.2597035,25.1978738],[55.2596533,25.1978226]]]}},{"type":"Feature","id":"osm-way-1125565170","properties":{"building":"yes","osm_type":"way","osm_id":1125565170,"height_m":12,"height_source":"type-estimate","height_is_estimated":true},"geometry":{"type":"Polygon","coordinates":[[[55.2595224,25.1976851],[55.2596165,25.1977838],[55.2596533,25.1978226],[55.2597035,25.1978738],[55.2597127,25.1978842],[55.2597527,25.1978529],[55.2595624,25.1976538],[55.2595224,25.1976851]]]}},{"type":"Feature","id":"osm-way-1125565171","properties":{"building":"yes","osm_type":"way","osm_id":1125565171,"height_m":12,"height_source":"type-estimate","height_is_estimated":true},"geometry":{"type":"Polygon","coordinates":[[[55.2600277,25.1970242],[55.2600642,25.1970582],[55.2600962,25.1970301],[55.2600597,25.1969961],[55.2600277,25.1970242]]]}},{"type":"Feature","id":"osm-way-1125565172","properties":{"building":"yes","osm_type":"way","osm_id":1125565172,"height_m":12,"height_source":"type-estimate","height_is_estimated":true},"geometry":{"type":"Polygon","coordinates":[[[55.259964,25.1975053],[55.2600034,25.1975474],[55.2600445,25.1975159],[55.2600051,25.1974738],[55.259964,25.1975053]]]}},{"type":"Feature","id":"osm-way-1125565173","properties":{"building":"yes","osm_type":"way","osm_id":1125565173,"height_m":12,"height_source":"type-estimate","height_is_estimated":true},"geometry":{"type":"Polygon","coordinates":[[[55.2598904,25.197118],[55.2598539,25.1970819],[55.2597693,25.1971518],[55.2597904,25.1971726],[55.2597995,25.1971651],[55.259815,25.1971804],[55.2598904,25.197118]]]}},{"type":"Feature","id":"osm-way-1125565174","properties":{"building":"yes","osm_type":"way","osm_id":1125565174,"height_m":12,"height_source":"type-estimate","height_is_estimated":true},"geometry":{"type":"Polygon","coordinates":[[[55.2597179,25.1973057],[55.2596172,25.1973775],[55.2596518,25.1974172],[55.2596398,25.1974258],[55.2596583,25.1974469],[55.2596709,25.197438],[55.2597094,25.1974822],[55.2598095,25.1974108],[55.2597179,25.1973057]]]}},{"type":"Feature","id":"osm-way-1125565175","properties":{"building":"yes","osm_type":"way","osm_id":1125565175,"height_m":12,"height_source":"type-estimate","height_is_estimated":true},"geometry":{"type":"Polygon","coordinates":[[[55.259583,25.1976377],[55.2597036,25.1977613],[55.259828,25.1976619],[55.2597869,25.1976197],[55.2598059,25.1976046],[55.2597655,25.1975631],[55.2597416,25.1975822],[55.2597026,25.1975422],[55.259583,25.1976377]]]}},{"type":"Feature","id":"osm-way-1125565176","properties":{"building":"yes","osm_type":"way","osm_id":1125565176,"height_m":12,"height_source":"type-estimate","height_is_estimated":true},"geometry":{"type":"Polygon","coordinates":[[[55.2616723,25.1978163],[55.261728,25.1978732],[55.2618317,25.19779],[55.2617761,25.1977332],[55.2616723,25.1978163]]]}},{"type":"Feature","id":"osm-way-1125565177","properties":{"building":"yes","osm_type":"way","osm_id":1125565177,"height_m":12,"height_source":"type-estimate","height_is_estimated":true},"geometry":{"type":"Polygon","coordinates":[[[55.2615488,25.197713],[55.2615801,25.1977474],[55.2616562,25.1976906],[55.2616249,25.1976563],[55.2615488,25.197713]]]}},{"type":"Feature","id":"osm-way-1125565178","properties":{"building":"yes","osm_type":"way","osm_id":1125565178,"height_m":12,"height_source":"type-estimate","height_is_estimated":true},"geometry":{"type":"Polygon","coordinates":[[[55.2616015,25.1977975],[55.2616476,25.1978468],[55.2616671,25.1978319],[55.261621,25.1977826],[55.2616015,25.1977975]]]}},{"type":"Feature","id":"osm-way-1125565179","properties":{"building":"yes","osm_type":"way","osm_id":1125565179,"height_m":12,"height_source":"type-estimate","height_is_estimated":true},"geometry":{"type":"Polygon","coordinates":[[[55.2616115,25.1979008],[55.2616619,25.1978621],[55.2616476,25.1978468],[55.2616015,25.1977975],[55.2615307,25.197722],[55.2615002,25.1977454],[55.2614623,25.1977049],[55.2614423,25.1977202],[55.261508,25.1977903],[55.2616115,25.1979008]]]}},{"type":"Feature","id":"osm-way-1125565180","properties":{"building":"yes","osm_type":"way","osm_id":1125565180,"height_m":12,"height_source":"type-estimate","height_is_estimated":true},"geometry":{"type":"Polygon","coordinates":[[[55.2616115,25.1979008],[55.2616452,25.1979368],[55.2616956,25.1978981],[55.2616619,25.1978621],[55.2616115,25.1979008]]]}},{"type":"Feature","id":"osm-way-1125565181","properties":{"building":"yes","osm_type":"way","osm_id":1125565181,"height_m":12,"height_source":"type-estimate","height_is_estimated":true},"geometry":{"type":"Polygon","coordinates":[[[55.261508,25.1977903],[55.2614555,25.1978305],[55.2615927,25.197977],[55.2616452,25.1979368],[55.2616115,25.1979008],[55.261508,25.1977903]]]}},{"type":"Feature","id":"osm-way-1125569059","properties":{"building":"yes","osm_type":"way","osm_id":1125569059,"height_m":12,"height_source":"type-estimate","height_is_estimated":true},"geometry":{"type":"Polygon","coordinates":[[[55.2616082,25.2003313],[55.2615738,25.2003526],[55.2616612,25.200468],[55.2616956,25.2004467],[55.2616082,25.2003313]]]}},{"type":"Feature","id":"osm-way-1125569060","properties":{"building":"yes","osm_type":"way","osm_id":1125569060,"height_m":12,"height_source":"type-estimate","height_is_estimated":true},"geometry":{"type":"Polygon","coordinates":[[[55.2615138,25.2002734],[55.2615738,25.2003526],[55.2616082,25.2003313],[55.2616378,25.2003129],[55.2616714,25.2002921],[55.2616114,25.2002128],[55.2615138,25.2002734]]]}},{"type":"Feature","id":"osm-way-1125569061","properties":{"building":"yes","osm_type":"way","osm_id":1125569061,"height_m":12,"height_source":"type-estimate","height_is_estimated":true},"geometry":{"type":"Polygon","coordinates":[[[55.2617782,25.2001182],[55.2618337,25.2001914],[55.2620313,25.2000689],[55.2619892,25.2000133],[55.2619615,25.2000305],[55.2619202,25.2000561],[55.2618294,25.2001124],[55.2618161,25.2000947],[55.2617782,25.2001182]]]}},{"type":"Feature","id":"osm-way-1125569062","properties":{"building":"yes","osm_type":"way","osm_id":1125569062,"height_m":12,"height_source":"type-estimate","height_is_estimated":true},"geometry":{"type":"Polygon","coordinates":[[[55.261443,25.1999777],[55.2613489,25.200036],[55.2613787,25.2000754],[55.2614728,25.200017],[55.261443,25.1999777]]]}},{"type":"Feature","id":"osm-way-1125569063","properties":{"building":"yes","osm_type":"way","osm_id":1125569063,"height_m":12,"height_source":"type-estimate","height_is_estimated":true},"geometry":{"type":"Polygon","coordinates":[[[55.2616949,25.2001699],[55.2617503,25.2002431],[55.2618068,25.2002081],[55.2618337,25.2001914],[55.2617782,25.2001182],[55.2616949,25.2001699]]]}},{"type":"Feature","id":"osm-way-1125569064","properties":{"building":"yes","osm_type":"way","osm_id":1125569064,"height_m":12,"height_source":"type-estimate","height_is_estimated":true},"geometry":{"type":"Polygon","coordinates":[[[55.2615431,25.1999001],[55.261551,25.1999106],[55.2616662,25.2000627],[55.261687,25.2000902],[55.2616174,25.2001333],[55.261661,25.2001909],[55.2616949,25.2001699],[55.2617782,25.2001182],[55.2615907,25.1998706],[55.2615431,25.1999001]]]}},{"type":"Feature","id":"osm-way-1125569065","properties":{"building":"yes","osm_type":"way","osm_id":1125569065,"height_m":12,"height_source":"type-estimate","height_is_estimated":true},"geometry":{"type":"Polygon","coordinates":[[[55.2619202,25.2000561],[55.2619615,25.2000305],[55.2619422,25.200005],[55.2619315,25.1999908],[55.2618902,25.2000165],[55.2619202,25.2000561]]]}},{"type":"Feature","id":"osm-way-1125569066","properties":{"building":"yes","osm_type":"way","osm_id":1125569066,"height_m":12,"height_source":"type-estimate","height_is_estimated":true},"geometry":{"type":"Polygon","coordinates":[[[55.2614532,25.1996719],[55.2615451,25.1997886],[55.2617469,25.1996585],[55.2616866,25.199582],[55.2615945,25.1996413],[55.2615629,25.1996011],[55.2614532,25.1996719]]]}},{"type":"Feature","id":"osm-way-1125569067","properties":{"building":"yes","osm_type":"way","osm_id":1125569067,"height_m":12,"height_source":"type-estimate","height_is_estimated":true},"geometry":{"type":"Polygon","coordinates":[[[55.2607666,25.1991018],[55.2607879,25.1991294],[55.2608239,25.1991067],[55.2608027,25.1990791],[55.2607666,25.1991018]]]}},{"type":"Feature","id":"osm-way-1125569068","properties":{"building":"yes","osm_type":"way","osm_id":1125569068,"height_m":12,"height_source":"type-estimate","height_is_estimated":true},"geometry":{"type":"Polygon","coordinates":[[[55.2611501,25.199033],[55.2612298,25.1991456],[55.261273,25.1991206],[55.2611932,25.199008],[55.2611501,25.199033]]]}},{"type":"Feature","id":"osm-way-1125569069","properties":{"building":"yes","osm_type":"way","osm_id":1125569069,"height_m":12,"height_source":"type-estimate","height_is_estimated":true},"geometry":{"type":"Polygon","coordinates":[[[55.2613493,25.1989065],[55.2614357,25.1990018],[55.2614651,25.1989799],[55.2614852,25.1990021],[55.2616981,25.1988441],[55.261481,25.1986046],[55.2613784,25.1986808],[55.2612182,25.1985041],[55.2610008,25.1986655],[55.2610927,25.1987669],[55.2610339,25.1988105],[55.2612127,25.1990078],[55.2613493,25.1989065]]]}},{"type":"Feature","id":"osm-way-1125569070","properties":{"building":"yes","osm_type":"way","osm_id":1125569070,"height_m":12,"height_source":"type-estimate","height_is_estimated":true},"geometry":{"type":"Polygon","coordinates":[[[55.2613491,25.1998472],[55.2612593,25.1999011],[55.2612898,25.1999426],[55.2613796,25.1998887],[55.2613491,25.1998472]]]}},{"type":"Feature","id":"osm-way-1125569071","properties":{"building":"yes","osm_type":"way","osm_id":1125569071,"height_m":12,"height_source":"type-estimate","height_is_estimated":true},"geometry":{"type":"Polygon","coordinates":[[[55.2613806,25.1998283],[55.2614522,25.1997853],[55.2614437,25.1997736],[55.2614121,25.1997304],[55.2613404,25.1997735],[55.2613806,25.1998283]]]}},{"type":"Feature","id":"osm-way-1125569072","properties":{"building":"yes","osm_type":"way","osm_id":1125569072,"height_m":12,"height_source":"type-estimate","height_is_estimated":true},"geometry":{"type":"Polygon","coordinates":[[[55.2613796,25.1998887],[55.2615227,25.1998027],[55.2614922,25.1997612],[55.2614522,25.1997853],[55.2613806,25.1998283],[55.2613491,25.1998472],[55.2613796,25.1998887]]]}},{"type":"Feature","id":"osm-way-1125569073","properties":{"building":"yes","osm_type":"way","osm_id":1125569073,"height_m":12,"height_source":"type-estimate","height_is_estimated":true},"geometry":{"type":"Polygon","coordinates":[[[55.2614034,25.1997185],[55.2614121,25.1997304],[55.2614437,25.1997736],[55.261491,25.1997451],[55.2614504,25.1996901],[55.2614314,25.1997016],[55.2614034,25.1997185]]]}},{"type":"Feature","id":"osm-way-1125569074","properties":{"building":"yes","osm_type":"way","osm_id":1125569074,"height_m":12,"height_source":"type-estimate","height_is_estimated":true},"geometry":{"type":"Polygon","coordinates":[[[55.2613525,25.1995493],[55.2613671,25.199569],[55.2614151,25.1996336],[55.2614601,25.1996063],[55.2613975,25.199522],[55.2613525,25.1995493]]]}},{"type":"Feature","id":"osm-way-1125569075","properties":{"building":"yes","osm_type":"way","osm_id":1125569075,"height_m":12,"height_source":"type-estimate","height_is_estimated":true},"geometry":{"type":"Polygon","coordinates":[[[55.2613062,25.199487],[55.2613401,25.1995326],[55.2613892,25.1995027],[55.2613553,25.1994571],[55.2613062,25.199487]]]}},{"type":"Feature","id":"osm-way-1125569076","properties":{"building":"yes","osm_type":"way","osm_id":1125569076,"height_m":12,"height_source":"type-estimate","height_is_estimated":true},"geometry":{"type":"Polygon","coordinates":[[[55.2613436,25.1995833],[55.2613671,25.199569],[55.2613525,25.1995493],[55.2613401,25.1995326],[55.2613062,25.199487],[55.2612918,25.1994676],[55.2612682,25.1994819],[55.2612857,25.1995055],[55.2613436,25.1995833]]]}},{"type":"Feature","id":"osm-way-1125569077","properties":{"building":"yes","osm_type":"way","osm_id":1125569077,"height_m":12,"height_source":"type-estimate","height_is_estimated":true},"geometry":{"type":"Polygon","coordinates":[[[55.2611398,25.1995942],[55.2612855,25.1997903],[55.2614034,25.1997185],[55.2614314,25.1997016],[55.2613436,25.1995833],[55.2612857,25.1995055],[55.2611398,25.1995942]]]}},{"type":"Feature","id":"osm-way-1125569078","properties":{"building":"yes","osm_type":"way","osm_id":1125569078,"height_m":12,"height_source":"type-estimate","height_is_estimated":true},"geometry":{"type":"Polygon","coordinates":[[[55.2620462,25.1989518],[55.2620947,25.1990049],[55.2621289,25.1989792],[55.2620804,25.1989261],[55.2620462,25.1989518]]]}},{"type":"Feature","id":"osm-way-1125569079","properties":{"building":"yes","osm_type":"way","osm_id":1125569079,"height_m":12,"height_source":"type-estimate","height_is_estimated":true},"geometry":{"type":"Polygon","coordinates":[[[55.2621256,25.1989136],[55.2621844,25.1989746],[55.2622137,25.1989516],[55.2621548,25.1988905],[55.2621256,25.1989136]]]}},{"type":"Feature","id":"osm-way-1125569080","properties":{"building":"yes","osm_type":"way","osm_id":1125569080,"height_m":12,"height_source":"type-estimate","height_is_estimated":true},"geometry":{"type":"Polygon","coordinates":[[[55.2625559,25.2001208],[55.2625735,25.2001441],[55.2625964,25.2001299],[55.2625789,25.2001067],[55.2625559,25.2001208]]]}},{"type":"Feature","id":"osm-way-1125569081","properties":{"building":"yes","osm_type":"way","osm_id":1125569081,"height_m":12,"height_source":"type-estimate","height_is_estimated":true},"geometry":{"type":"Polygon","coordinates":[[[55.2625312,25.2000871],[55.2625492,25.2001104],[55.2625747,25.2000942],[55.2625566,25.2000709],[55.2625312,25.2000871]]]}},{"type":"Feature","id":"osm-way-1125569082","properties":{"building":"yes","osm_type":"way","osm_id":1125569082,"height_m":12,"height_source":"type-estimate","height_is_estimated":true},"geometry":{"type":"Polygon","coordinates":[[[55.2624401,25.1999532],[55.2624535,25.1999711],[55.2624747,25.1999581],[55.2624613,25.1999402],[55.2624401,25.1999532]]]}},{"type":"Feature","id":"osm-way-1125569083","properties":{"building":"yes","osm_type":"way","osm_id":1125569083,"height_m":12,"height_source":"type-estimate","height_is_estimated":true},"geometry":{"type":"Polygon","coordinates":[[[55.2624583,25.1999227],[55.2624896,25.1999605],[55.2625352,25.1999295],[55.2625039,25.1998918],[55.2624583,25.1999227]]]}},{"type":"Feature","id":"osm-way-1125569084","properties":{"building":"yes","osm_type":"way","osm_id":1125569084,"height_m":12,"height_source":"type-estimate","height_is_estimated":true},"geometry":{"type":"Polygon","coordinates":[[[55.2623227,25.1990332],[55.2623423,25.1990548],[55.2623794,25.1990272],[55.2623597,25.1990057],[55.2623227,25.1990332]]]}},{"type":"Feature","id":"osm-way-1125569085","properties":{"building":"yes","osm_type":"way","osm_id":1125569085,"height_m":12,"height_source":"type-estimate","height_is_estimated":true},"geometry":{"type":"Polygon","coordinates":[[[55.2622076,25.1991311],[55.2622325,25.199156],[55.2622751,25.1991211],[55.2622502,25.1990962],[55.2622076,25.1991311]]]}},{"type":"Feature","id":"osm-way-1125569086","properties":{"building":"yes","osm_type":"way","osm_id":1125569086,"height_m":12,"height_source":"type-estimate","height_is_estimated":true},"geometry":{"type":"Polygon","coordinates":[[[55.2619821,25.1993501],[55.2619478,25.1993765],[55.2619732,25.1994035],[55.2620075,25.1993771],[55.2619821,25.1993501]]]}},{"type":"Feature","id":"osm-way-1125571332","properties":{"building":"yes","osm_type":"way","osm_id":1125571332,"height_m":12,"height_source":"type-estimate","height_is_estimated":true},"geometry":{"type":"Polygon","coordinates":[[[55.260258,25.1991348],[55.26029,25.1991739],[55.2603251,25.1991463],[55.2603305,25.199118],[55.260298,25.199108],[55.260258,25.1991348]]]}},{"type":"Feature","id":"osm-way-1125571333","properties":{"building":"yes","osm_type":"way","osm_id":1125571333,"height_m":12,"height_source":"type-estimate","height_is_estimated":true},"geometry":{"type":"Polygon","coordinates":[[[55.2604583,25.1989937],[55.2604889,25.1990395],[55.2605464,25.1990522],[55.260597,25.1990245],[55.2606111,25.1989725],[55.2605804,25.1989267],[55.260523,25.198914],[55.2604724,25.1989417],[55.2604583,25.1989937]]]}},{"type":"Feature","id":"osm-way-1125571334","properties":{"building":"yes","osm_type":"way","osm_id":1125571334,"height_m":12,"height_source":"type-estimate","height_is_estimated":true},"geometry":{"type":"Polygon","coordinates":[[[55.2604175,25.1991008],[55.2604512,25.1991061],[55.2604931,25.1990823],[55.2604475,25.1990185],[55.2603847,25.1990606],[55.2604175,25.1991008]]]}},{"type":"Feature","id":"osm-way-1125571335","properties":{"building":"yes","osm_type":"way","osm_id":1125571335,"height_m":12,"height_source":"type-estimate","height_is_estimated":true},"geometry":{"type":"Polygon","coordinates":[[[55.2620928,25.2000847],[55.2621852,25.2002107],[55.2622059,25.2001984],[55.2621134,25.2000723],[55.2620928,25.2000847]]]}},{"type":"Feature","id":"osm-way-1125571336","properties":{"building":"yes","osm_type":"way","osm_id":1125571336,"height_m":12,"height_source":"type-estimate","height_is_estimated":true},"geometry":{"type":"Polygon","coordinates":[[[55.2618456,25.2001958],[55.2619668,25.2003579],[55.2620091,25.200332],[55.2619525,25.2002563],[55.2619695,25.2002458],[55.2619036,25.2001592],[55.2618456,25.2001958]]]}},{"type":"Feature","id":"osm-way-1125571337","properties":{"building":"yes","osm_type":"way","osm_id":1125571337,"height_m":12,"height_source":"type-estimate","height_is_estimated":true},"geometry":{"type":"Polygon","coordinates":[[[55.2618953,25.2003803],[55.2619996,25.2005246],[55.2620499,25.2004948],[55.2619455,25.2003505],[55.2618953,25.2003803]]]}},{"type":"Feature","id":"osm-way-1125573299","properties":{"building":"yes","osm_type":"way","osm_id":1125573299,"height_m":12,"height_source":"type-estimate","height_is_estimated":true},"geometry":{"type":"Polygon","coordinates":[[[55.2572949,25.1998765],[55.257335,25.1998531],[55.257304,25.1998097],[55.2572639,25.1998332],[55.2572949,25.1998765]]]}},{"type":"Feature","id":"osm-way-1125573300","properties":{"building":"yes","osm_type":"way","osm_id":1125573300,"height_m":12,"height_source":"type-estimate","height_is_estimated":true},"geometry":{"type":"Polygon","coordinates":[[[55.2572949,25.1998765],[55.2573672,25.1999777],[55.2574073,25.1999542],[55.257335,25.1998531],[55.2572949,25.1998765]]]}},{"type":"Feature","id":"osm-way-1125573301","properties":{"building":"yes","osm_type":"way","osm_id":1125573301,"height_m":12,"height_source":"type-estimate","height_is_estimated":true},"geometry":{"type":"Polygon","coordinates":[[[55.2573273,25.1998012],[55.2574225,25.19994],[55.2574534,25.1999226],[55.2574088,25.1998576],[55.2574513,25.1998337],[55.2574962,25.1998991],[55.2575842,25.1998497],[55.2574887,25.1997105],[55.2573273,25.1998012]]]}},{"type":"Feature","id":"osm-way-1125573302","properties":{"building":"yes","osm_type":"way","osm_id":1125573302,"height_m":12,"height_source":"type-estimate","height_is_estimated":true},"geometry":{"type":"Polygon","coordinates":[[[55.2577576,25.1999717],[55.2578176,25.2000537],[55.2578714,25.2000215],[55.2578113,25.1999395],[55.2577958,25.1999488],[55.2577576,25.1999717]]]}},{"type":"Feature","id":"osm-way-1125573303","properties":{"building":"yes","osm_type":"way","osm_id":1125573303,"height_m":12,"height_source":"type-estimate","height_is_estimated":true},"geometry":{"type":"Polygon","coordinates":[[[55.2576824,25.199869],[55.2577576,25.1999717],[55.2577958,25.1999488],[55.2577206,25.1998461],[55.2576824,25.199869]]]}},{"type":"Feature","id":"osm-way-1125573304","properties":{"building":"yes","osm_type":"way","osm_id":1125573304,"height_m":12,"height_source":"type-estimate","height_is_estimated":true},"geometry":{"type":"Polygon","coordinates":[[[55.2575578,25.1996909],[55.2576554,25.199825],[55.2576962,25.1998007],[55.2575986,25.1996666],[55.2575578,25.1996909]]]}},{"type":"Feature","id":"osm-way-1125573305","properties":{"building":"yes","osm_type":"way","osm_id":1125573305,"height_m":12,"height_source":"type-estimate","height_is_estimated":true},"geometry":{"type":"Polygon","coordinates":[[[55.2576992,25.1997501],[55.2577265,25.1997908],[55.2578666,25.1997139],[55.2578393,25.1996732],[55.2576992,25.1997501]]]}},{"type":"Feature","id":"osm-way-1125573306","properties":{"building":"yes","osm_type":"way","osm_id":1125573306,"height_m":12,"height_source":"type-estimate","height_is_estimated":true},"geometry":{"type":"Polygon","coordinates":[[[55.2576241,25.1996607],[55.257566,25.1995791],[55.2577108,25.1994946],[55.2577424,25.1995389],[55.2578143,25.1994969],[55.2579037,25.1996223],[55.2576854,25.1997497],[55.257641,25.1996876],[55.2576879,25.1996602],[55.2576694,25.1996342],[55.2576241,25.1996607]]]}},{"type":"Feature","id":"osm-way-1125573307","properties":{"building":"yes","osm_type":"way","osm_id":1125573307,"height_m":12,"height_source":"type-estimate","height_is_estimated":true},"geometry":{"type":"Polygon","coordinates":[[[55.2567624,25.1989096],[55.2568012,25.1988819],[55.2567622,25.1988373],[55.2567234,25.198865],[55.2567624,25.1989096]]]}},{"type":"Feature","id":"osm-way-1125573308","properties":{"building":"yes","osm_type":"way","osm_id":1125573308,"height_m":12,"height_source":"type-estimate","height_is_estimated":true},"geometry":{"type":"Polygon","coordinates":[[[55.2567688,25.1989163],[55.2568008,25.1989558],[55.2568889,25.1988972],[55.2568568,25.1988578],[55.2567688,25.1989163]]]}},{"type":"Feature","id":"osm-way-1125573309","properties":{"building":"yes","osm_type":"way","osm_id":1125573309,"height_m":12,"height_source":"type-estimate","height_is_estimated":true},"geometry":{"type":"Polygon","coordinates":[[[55.2568864,25.1988748],[55.256949,25.1988323],[55.2569452,25.1988276],[55.2569634,25.1988153],[55.2569457,25.1987938],[55.2568647,25.1988486],[55.2568864,25.1988748]]]}},{"type":"Feature","id":"osm-way-1125573310","properties":{"building":"yes","osm_type":"way","osm_id":1125573310,"height_m":12,"height_source":"type-estimate","height_is_estimated":true},"geometry":{"type":"Polygon","coordinates":[[[55.2570154,25.1989334],[55.2570722,25.1988949],[55.2570781,25.1988616],[55.2570124,25.1987821],[55.2569634,25.1988153],[55.2569452,25.1988276],[55.256949,25.1988323],[55.2570154,25.1989334]]]}},{"type":"Feature","id":"osm-way-1125573311","properties":{"building":"yes","osm_type":"way","osm_id":1125573311,"height_m":12,"height_source":"type-estimate","height_is_estimated":true},"geometry":{"type":"Polygon","coordinates":[[[55.2570227,25.1987245],[55.2570778,25.1988016],[55.2571847,25.1987391],[55.2571295,25.198662],[55.2570227,25.1987245]]]}},{"type":"Feature","id":"osm-way-1125573312","properties":{"building":"yes","osm_type":"way","osm_id":1125573312,"height_m":12,"height_source":"type-estimate","height_is_estimated":true},"geometry":{"type":"Polygon","coordinates":[[[55.2570959,25.1988263],[55.2571897,25.198958],[55.2572322,25.1989333],[55.2572404,25.1989449],[55.2572938,25.1989138],[55.2571917,25.1987705],[55.2570959,25.1988263]]]}},{"type":"Feature","id":"osm-way-1125573313","properties":{"building":"yes","osm_type":"way","osm_id":1125573313,"height_m":12,"height_source":"type-estimate","height_is_estimated":true},"geometry":{"type":"Polygon","coordinates":[[[55.2573892,25.1989822],[55.2574265,25.1990328],[55.257494,25.198992],[55.2574568,25.1989414],[55.2573892,25.1989822]]]}},{"type":"Feature","id":"osm-way-1125573314","properties":{"building":"yes","osm_type":"way","osm_id":1125573314,"height_m":12,"height_source":"type-estimate","height_is_estimated":true},"geometry":{"type":"Polygon","coordinates":[[[55.2573142,25.1989582],[55.2573496,25.1990061],[55.2573892,25.1989822],[55.2574568,25.1989414],[55.2574712,25.1989327],[55.2574359,25.1988847],[55.2573142,25.1989582]]]}},{"type":"Feature","id":"osm-way-1125573315","properties":{"building":"yes","osm_type":"way","osm_id":1125573315,"height_m":12,"height_source":"type-estimate","height_is_estimated":true},"geometry":{"type":"Polygon","coordinates":[[[55.2572239,25.199082],[55.2572737,25.1990519],[55.2573496,25.1990061],[55.2573142,25.1989582],[55.2571885,25.199034],[55.2572239,25.199082]]]}},{"type":"Feature","id":"osm-way-1125573316","properties":{"building":"yes","osm_type":"way","osm_id":1125573316,"height_m":12,"height_source":"type-estimate","height_is_estimated":true},"geometry":{"type":"Polygon","coordinates":[[[55.2573213,25.1991166],[55.2573919,25.1992122],[55.257454,25.1991747],[55.2574186,25.1991266],[55.2574987,25.1990783],[55.2574779,25.1990501],[55.2574395,25.1990732],[55.2574252,25.1990538],[55.2573213,25.1991166]]]}},{"type":"Feature","id":"osm-way-1125573317","properties":{"building":"yes","osm_type":"way","osm_id":1125573317,"height_m":12,"height_source":"type-estimate","height_is_estimated":true},"geometry":{"type":"Polygon","coordinates":[[[55.2572239,25.199082],[55.2572511,25.1991189],[55.2573039,25.1991906],[55.2573688,25.1992786],[55.2574186,25.1992486],[55.2573919,25.1992122],[55.2573213,25.1991166],[55.2572737,25.1990519],[55.2572239,25.199082]]]}},{"type":"Feature","id":"osm-way-1125573318","properties":{"building":"yes","osm_type":"way","osm_id":1125573318,"height_m":12,"height_source":"type-estimate","height_is_estimated":true},"geometry":{"type":"Polygon","coordinates":[[[55.2572556,25.1992197],[55.257316,25.1993016],[55.2573398,25.1992872],[55.2573501,25.199301],[55.2573745,25.1992863],[55.2573688,25.1992786],[55.2573039,25.1991906],[55.2572556,25.1992197]]]}},{"type":"Feature","id":"osm-way-1125573319","properties":{"building":"yes","osm_type":"way","osm_id":1125573319,"height_m":12,"height_source":"type-estimate","height_is_estimated":true},"geometry":{"type":"Polygon","coordinates":[[[55.2571805,25.1991615],[55.2572333,25.1992332],[55.2572556,25.1992197],[55.2573039,25.1991906],[55.2572511,25.1991189],[55.2571805,25.1991615]]]}},{"type":"Feature","id":"osm-way-1125573320","properties":{"building":"yes","osm_type":"way","osm_id":1125573320,"height_m":12,"height_source":"type-estimate","height_is_estimated":true},"geometry":{"type":"Polygon","coordinates":[[[55.2574944,25.1990619],[55.2575704,25.1991677],[55.2576343,25.1991302],[55.2575583,25.1990243],[55.2574944,25.1990619]]]}},{"type":"Feature","id":"osm-way-1125573321","properties":{"building":"yes","osm_type":"way","osm_id":1125573321,"height_m":12,"height_source":"type-estimate","height_is_estimated":true},"geometry":{"type":"Polygon","coordinates":[[[55.257469,25.1993207],[55.2574329,25.199276],[55.2573834,25.1993087],[55.2574195,25.1993535],[55.2574443,25.199337],[55.257469,25.1993207]]]}},{"type":"Feature","id":"osm-way-1125573322","properties":{"building":"yes","osm_type":"way","osm_id":1125573322,"height_m":12,"height_source":"type-estimate","height_is_estimated":true},"geometry":{"type":"Polygon","coordinates":[[[55.2574443,25.199337],[55.2575178,25.199428],[55.2575507,25.1994063],[55.2575725,25.1994333],[55.2576658,25.1993716],[55.257611,25.1993036],[55.2576283,25.1992922],[55.2575879,25.1992421],[55.257469,25.1993207],[55.2574443,25.199337]]]}},{"type":"Feature","id":"osm-way-1125573323","properties":{"building":"yes","osm_type":"way","osm_id":1125573323,"height_m":12,"height_source":"type-estimate","height_is_estimated":true},"geometry":{"type":"Polygon","coordinates":[[[55.2576704,25.1993641],[55.2576802,25.1993779],[55.2576987,25.1994041],[55.2577516,25.1993734],[55.2577233,25.1993334],[55.2576704,25.1993641]]]}},{"type":"Feature","id":"osm-way-1125573324","properties":{"building":"yes","osm_type":"way","osm_id":1125573324,"height_m":12,"height_source":"type-estimate","height_is_estimated":true},"geometry":{"type":"Polygon","coordinates":[[[55.2575027,25.1994586],[55.2575324,25.1995005],[55.2576987,25.1994041],[55.2576802,25.1993779],[55.2575405,25.1994589],[55.2575293,25.1994431],[55.2575027,25.1994586]]]}},{"type":"Feature","id":"osm-way-1125573325","properties":{"building":"yes","osm_type":"way","osm_id":1125573325,"height_m":12,"height_source":"type-estimate","height_is_estimated":true},"geometry":{"type":"Polygon","coordinates":[[[55.2572501,25.1996131],[55.2573007,25.1995816],[55.2572353,25.1994956],[55.2571847,25.1995271],[55.2572501,25.1996131]]]}},{"type":"Feature","id":"osm-way-1125573326","properties":{"building":"yes","osm_type":"way","osm_id":1125573326,"height_m":12,"height_source":"type-estimate","height_is_estimated":true},"geometry":{"type":"Polygon","coordinates":[[[55.2573307,25.199563],[55.2573007,25.1995816],[55.2572501,25.1996131],[55.2572829,25.1996563],[55.2573635,25.1996061],[55.2573307,25.199563]]]}},{"type":"Feature","id":"osm-way-1125573327","properties":{"building":"yes","osm_type":"way","osm_id":1125573327,"height_m":12,"height_source":"type-estimate","height_is_estimated":true},"geometry":{"type":"Polygon","coordinates":[[[55.2573307,25.199563],[55.2573635,25.1996061],[55.2575134,25.1995129],[55.2574806,25.1994697],[55.2573307,25.199563]]]}},{"type":"Feature","id":"osm-way-1125580895","properties":{"building":"yes","osm_type":"way","osm_id":1125580895,"height_m":12,"height_source":"type-estimate","height_is_estimated":true},"geometry":{"type":"Polygon","coordinates":[[[55.2579179,25.1999685],[55.2580574,25.1998866],[55.2580748,25.1998259],[55.2579742,25.1997061],[55.2578898,25.1997519],[55.2579287,25.1998107],[55.25792,25.1998483],[55.2578568,25.1998894],[55.2579179,25.1999685]]]}},{"type":"Feature","id":"osm-way-1125580896","properties":{"building":"yes","osm_type":"way","osm_id":1125580896,"height_m":12,"height_source":"type-estimate","height_is_estimated":true},"geometry":{"type":"Polygon","coordinates":[[[55.2571413,25.2001719],[55.2568389,25.2003543],[55.2569847,25.2005522],[55.2570332,25.2005229],[55.2569962,25.2004727],[55.2569219,25.2003718],[55.2571757,25.2002187],[55.2571413,25.2001719]]]}},{"type":"Feature","id":"osm-way-1125580897","properties":{"building":"yes","osm_type":"way","osm_id":1125580897,"height_m":12,"height_source":"type-estimate","height_is_estimated":true},"geometry":{"type":"Polygon","coordinates":[[[55.2572012,25.2001437],[55.2572131,25.2001356],[55.2572454,25.2001135],[55.2572136,25.2000755],[55.2571694,25.2001057],[55.2572012,25.2001437]]]}},{"type":"Feature","id":"osm-way-1125580898","properties":{"building":"yes","osm_type":"way","osm_id":1125580898,"height_m":12,"height_source":"type-estimate","height_is_estimated":true},"geometry":{"type":"Polygon","coordinates":[[[55.2572542,25.2001034],[55.2572749,25.2001315],[55.2572892,25.2001303],[55.2573398,25.2000939],[55.2573667,25.2000983],[55.2574066,25.2001583],[55.2574371,25.2001387],[55.2573578,25.2000372],[55.2572542,25.2001034]]]}},{"type":"Feature","id":"osm-way-1125580899","properties":{"building":"yes","osm_type":"way","osm_id":1125580899,"height_m":12,"height_source":"type-estimate","height_is_estimated":true},"geometry":{"type":"Polygon","coordinates":[[[55.2571413,25.2001719],[55.2571757,25.2002187],[55.2571958,25.2002591],[55.2572349,25.2002669],[55.2572266,25.2003131],[55.2573225,25.2003295],[55.2573292,25.2002828],[55.2573768,25.2002943],[55.2574546,25.2002318],[55.2573735,25.2001547],[55.2572892,25.2001303],[55.2572749,25.2001315],[55.2572131,25.2001356],[55.2572012,25.2001437],[55.2571413,25.2001719]]]}},{"type":"Feature","id":"osm-way-1125580900","properties":{"building":"yes","osm_type":"way","osm_id":1125580900,"height_m":12,"height_source":"type-estimate","height_is_estimated":true},"geometry":{"type":"Polygon","coordinates":[[[55.2570332,25.2005229],[55.2570573,25.2005555],[55.257162,25.2004923],[55.257138,25.2004597],[55.2570332,25.2005229]]]}},{"type":"Feature","id":"osm-way-1125580901","properties":{"building":"yes","osm_type":"way","osm_id":1125580901,"height_m":12,"height_source":"type-estimate","height_is_estimated":true},"geometry":{"type":"Polygon","coordinates":[[[55.2570332,25.2005229],[55.257138,25.2004597],[55.257101,25.2004095],[55.2569962,25.2004727],[55.2570332,25.2005229]]]}},{"type":"Feature","id":"osm-way-1125580902","properties":{"building":"yes","osm_type":"way","osm_id":1125580902,"height_m":12,"height_source":"type-estimate","height_is_estimated":true},"geometry":{"type":"Polygon","coordinates":[[[55.2571198,25.1998313],[55.257153,25.1998756],[55.2571782,25.1998601],[55.2572279,25.1999262],[55.2572649,25.1999035],[55.257182,25.1997931],[55.2571198,25.1998313]]]}},{"type":"Feature","id":"osm-way-1125580903","properties":{"building":"yes","osm_type":"way","osm_id":1125580903,"height_m":12,"height_source":"type-estimate","height_is_estimated":true},"geometry":{"type":"Polygon","coordinates":[[[55.2569206,25.1999685],[55.2570576,25.200151],[55.2571373,25.200102],[55.2571141,25.2000711],[55.2571985,25.2000193],[55.25716,25.199968],[55.2572279,25.1999262],[55.2571782,25.1998601],[55.257153,25.1998756],[55.2570924,25.1999129],[55.2570597,25.1998693],[55.2569997,25.1999061],[55.2570371,25.199956],[55.2570209,25.1999659],[55.2569905,25.1999255],[55.2569206,25.1999685]]]}},{"type":"Feature","id":"osm-way-1125580904","properties":{"building":"yes","osm_type":"way","osm_id":1125580904,"height_m":12,"height_source":"type-estimate","height_is_estimated":true},"geometry":{"type":"Polygon","coordinates":[[[55.2568724,25.1996803],[55.2569126,25.1997331],[55.2570191,25.1996616],[55.2570229,25.1995906],[55.2568724,25.1996803]]]}},{"type":"Feature","id":"osm-way-1125580905","properties":{"building":"yes","osm_type":"way","osm_id":1125580905,"height_m":12,"height_source":"type-estimate","height_is_estimated":true},"geometry":{"type":"Polygon","coordinates":[[[55.2568546,25.1994461],[55.256942,25.1995623],[55.2569797,25.1995391],[55.2569088,25.1994449],[55.2568889,25.1994571],[55.2568724,25.1994351],[55.2568546,25.1994461]]]}},{"type":"Feature","id":"osm-way-1125580906","properties":{"building":"yes","osm_type":"way","osm_id":1125580906,"height_m":12,"height_source":"type-estimate","height_is_estimated":true},"geometry":{"type":"Polygon","coordinates":[[[55.2566093,25.199683],[55.2566987,25.1998024],[55.2567521,25.1997697],[55.2566626,25.1996503],[55.2566093,25.199683]]]}},{"type":"Feature","id":"osm-way-1125580907","properties":{"building":"yes","osm_type":"way","osm_id":1125580907,"height_m":12,"height_source":"type-estimate","height_is_estimated":true},"geometry":{"type":"Polygon","coordinates":[[[55.2565653,25.1996088],[55.2566026,25.1996628],[55.2567243,25.199594],[55.256687,25.19954],[55.2565653,25.1996088]]]}},{"type":"Feature","id":"osm-way-1125580908","properties":{"building":"yes","osm_type":"way","osm_id":1125580908,"height_m":12,"height_source":"type-estimate","height_is_estimated":true},"geometry":{"type":"Polygon","coordinates":[[[55.2559294,25.1990468],[55.2559438,25.1990666],[55.2559898,25.1990392],[55.2559732,25.1990164],[55.2559996,25.1990007],[55.2559841,25.1989794],[55.2560067,25.1989659],[55.2559936,25.1989479],[55.2559475,25.1989754],[55.2559602,25.1989929],[55.2559355,25.1990076],[55.2559536,25.1990324],[55.2559294,25.1990468]]]}},{"type":"Feature","id":"osm-way-1125580909","properties":{"building":"yes","osm_type":"way","osm_id":1125580909,"height_m":12,"height_source":"type-estimate","height_is_estimated":true},"geometry":{"type":"Polygon","coordinates":[[[55.2560683,25.1990154],[55.2560988,25.1990546],[55.2561499,25.1990219],[55.2561194,25.1989827],[55.2560683,25.1990154]]]}},{"type":"Feature","id":"osm-way-1125580910","properties":{"building":"yes","osm_type":"way","osm_id":1125580910,"height_m":12,"height_source":"type-estimate","height_is_estimated":true},"geometry":{"type":"Polygon","coordinates":[[[55.2563754,25.1987799],[55.2565026,25.1989653],[55.2565599,25.1989331],[55.2564328,25.1987477],[55.2563754,25.1987799]]]}},{"type":"Feature","id":"osm-way-1125580911","properties":{"building":"yes","osm_type":"way","osm_id":1125580911,"height_m":12,"height_source":"type-estimate","height_is_estimated":true},"geometry":{"type":"Polygon","coordinates":[[[55.2562101,25.1994584],[55.2562476,25.19951],[55.25631,25.1994729],[55.2562936,25.1994503],[55.2562559,25.1994727],[55.2562348,25.1994437],[55.2562101,25.1994584]]]}},{"type":"Feature","id":"osm-way-1125580912","properties":{"building":"yes","osm_type":"way","osm_id":1125580912,"height_m":12,"height_source":"type-estimate","height_is_estimated":true},"geometry":{"type":"Polygon","coordinates":[[[55.2563246,25.199621],[55.2563567,25.1996655],[55.2564567,25.1996065],[55.2564246,25.199562],[55.2563246,25.199621]]]}},{"type":"Feature","id":"osm-way-1125580913","properties":{"building":"yes","osm_type":"way","osm_id":1125580913,"height_m":12,"height_source":"type-estimate","height_is_estimated":true},"geometry":{"type":"Polygon","coordinates":[[[55.2561152,25.199325],[55.2562985,25.1992231],[55.2563444,25.1992329],[55.2564498,25.1993796],[55.2565013,25.1993587],[55.2563485,25.1991523],[55.2562932,25.1991475],[55.2560793,25.1992702],[55.2561152,25.199325]]]}},{"type":"Feature","id":"osm-way-1125583551","properties":{"building":"yes","building:levels":"2","height":"8","osm_type":"way","osm_id":1125583551,"height_m":8,"height_source":"osm-height","height_is_estimated":false},"geometry":{"type":"Polygon","coordinates":[[[55.2573853,25.2019038],[55.257265,25.2019767],[55.2572875,25.2020071],[55.2574078,25.2019341],[55.2573853,25.2019038]]]}},{"type":"Feature","id":"osm-way-1125583552","properties":{"building":"yes","building:levels":"1","height":"4","osm_type":"way","osm_id":1125583552,"height_m":4,"height_source":"osm-height","height_is_estimated":false},"geometry":{"type":"Polygon","coordinates":[[[55.2575483,25.2017952],[55.2575753,25.2018334],[55.2576513,25.2017894],[55.2576391,25.2017722],[55.2576103,25.2017888],[55.2575955,25.2017679],[55.2575678,25.2017839],[55.2575483,25.2017952]]]}},{"type":"Feature","id":"osm-way-1125583553","properties":{"building":"yes","building:levels":"1","height":"4","osm_type":"way","osm_id":1125583553,"height_m":4,"height_source":"osm-height","height_is_estimated":false},"geometry":{"type":"Polygon","coordinates":[[[55.2575523,25.2017619],[55.2575328,25.2017732],[55.2575483,25.2017952],[55.2575678,25.2017839],[55.2575523,25.2017619]]]}},{"type":"Feature","id":"osm-way-1125583554","properties":{"building":"yes","building:levels":"1","height":"4","osm_type":"way","osm_id":1125583554,"height_m":4,"height_source":"osm-height","height_is_estimated":false},"geometry":{"type":"Polygon","coordinates":[[[55.2576628,25.2015198],[55.2576345,25.2015361],[55.2576411,25.2015454],[55.2576494,25.2015572],[55.2576777,25.2015409],[55.2576628,25.2015198]]]}},{"type":"Feature","id":"osm-way-1125583555","properties":{"building":"yes","building:levels":"1","height":"4","osm_type":"way","osm_id":1125583555,"height_m":4,"height_source":"osm-height","height_is_estimated":false},"geometry":{"type":"Polygon","coordinates":[[[55.2575969,25.2015006],[55.2575513,25.2015269],[55.257628,25.2016356],[55.2576465,25.2016248],[55.2576781,25.2016695],[55.2577052,25.2016539],[55.2576725,25.2016077],[55.2576411,25.2015454],[55.2575969,25.2015006]]]}},{"type":"Feature","id":"osm-way-1125583556","properties":{"building":"yes","building:levels":"2","height":"8","osm_type":"way","osm_id":1125583556,"height_m":8,"height_source":"osm-height","height_is_estimated":false},"geometry":{"type":"Polygon","coordinates":[[[55.2575693,25.2019808],[55.2576665,25.2021189],[55.2577089,25.2020945],[55.2576117,25.2019564],[55.2575693,25.2019808]]]}},{"type":"Feature","id":"osm-way-1125583557","properties":{"building":"yes","building:levels":"1","height":"4","osm_type":"way","osm_id":1125583557,"height_m":4,"height_source":"osm-height","height_is_estimated":false},"geometry":{"type":"Polygon","coordinates":[[[55.2575364,25.2018561],[55.2575632,25.2018399],[55.2575344,25.201801],[55.2575077,25.2018172],[55.2575139,25.2018257],[55.2575364,25.2018561]]]}},{"type":"Feature","id":"osm-way-1125583558","properties":{"building":"yes","building:levels":"2","height":"8","osm_type":"way","osm_id":1125583558,"height_m":8,"height_source":"osm-height","height_is_estimated":false},"geometry":{"type":"Polygon","coordinates":[[[55.2574078,25.2019341],[55.2574314,25.2019198],[55.2574723,25.201895],[55.2575056,25.2018748],[55.2575364,25.2018561],[55.2575139,25.2018257],[55.2573853,25.2019038],[55.2574078,25.2019341]]]}},{"type":"Feature","id":"osm-way-1125583559","properties":{"building":"yes","building:levels":"2","height":"8","osm_type":"way","osm_id":1125583559,"height_m":8,"height_source":"osm-height","height_is_estimated":false},"geometry":{"type":"Polygon","coordinates":[[[55.2575056,25.2018748],[55.2575471,25.2019307],[55.2575779,25.201912],[55.2575364,25.2018561],[55.2575056,25.2018748]]]}},{"type":"Feature","id":"osm-way-1125583560","properties":{"building":"yes","building:levels":"1","height":"4","osm_type":"way","osm_id":1125583560,"height_m":4,"height_source":"osm-height","height_is_estimated":false},"geometry":{"type":"Polygon","coordinates":[[[55.2574522,25.2019479],[55.2574931,25.2019231],[55.2574723,25.201895],[55.2574314,25.2019198],[55.2574522,25.2019479]]]}},{"type":"Feature","id":"osm-way-1125583561","properties":{"building":"yes","osm_type":"way","osm_id":1125583561,"height_m":12,"height_source":"type-estimate","height_is_estimated":true},"geometry":{"type":"Polygon","coordinates":[[[55.2573697,25.2016277],[55.2573814,25.2016436],[55.2574327,25.2017128],[55.2574555,25.2017436],[55.2574973,25.2018001],[55.2575322,25.201779],[55.2574835,25.2017132],[55.257503,25.2017014],[55.2574241,25.2015947],[55.2573697,25.2016277]]]}},{"type":"Feature","id":"osm-way-1125583562","properties":{"building":"yes","building:levels":"1","height":"4","osm_type":"way","osm_id":1125583562,"height_m":4,"height_source":"osm-height","height_is_estimated":false},"geometry":{"type":"Polygon","coordinates":[[[55.257428,25.2017603],[55.2574699,25.2018168],[55.2574973,25.2018001],[55.2574555,25.2017436],[55.257428,25.2017603]]]}},{"type":"Feature","id":"osm-way-1125583563","properties":{"building":"yes","building:levels":"1","height":"4","osm_type":"way","osm_id":1125583563,"height_m":4,"height_source":"osm-height","height_is_estimated":false},"geometry":{"type":"Polygon","coordinates":[[[55.2573539,25.2016602],[55.2574052,25.2017294],[55.2574327,25.2017128],[55.2573814,25.2016436],[55.2573539,25.2016602]]]}},{"type":"Feature","id":"osm-way-1125583564","properties":{"building":"yes","building:levels":"2","height":"8","osm_type":"way","osm_id":1125583564,"height_m":8,"height_source":"osm-height","height_is_estimated":false},"geometry":{"type":"Polygon","coordinates":[[[55.2573438,25.2016466],[55.2571942,25.2017373],[55.2572872,25.2018629],[55.2573397,25.2018311],[55.2573845,25.2018916],[55.2574816,25.2018327],[55.2574699,25.2018168],[55.257428,25.2017603],[55.2574052,25.2017294],[55.2573539,25.2016602],[55.2573438,25.2016466]]]}},{"type":"Feature","id":"osm-way-1125583565","properties":{"building":"yes","building:levels":"1","height":"4","osm_type":"way","osm_id":1125583565,"height_m":4,"height_source":"osm-height","height_is_estimated":false},"geometry":{"type":"Polygon","coordinates":[[[55.2575109,25.2017033],[55.2575523,25.2017619],[55.2575678,25.2017839],[55.2575955,25.2017679],[55.2577035,25.2017055],[55.2576781,25.2016695],[55.2576465,25.2016248],[55.257628,25.2016356],[55.2575109,25.2017033]]]}},{"type":"Feature","id":"osm-way-1125583566","properties":{"building":"yes","building:levels":"1","height":"4","osm_type":"way","osm_id":1125583566,"height_m":4,"height_source":"osm-height","height_is_estimated":false},"geometry":{"type":"Polygon","coordinates":[[[55.2577097,25.2015862],[55.2576725,25.2016077],[55.2577052,25.2016539],[55.2577583,25.2017291],[55.2577955,25.2017076],[55.2577097,25.2015862]]]}},{"type":"Feature","id":"osm-way-1125583567","properties":{"building":"yes","building:levels":"1","height":"4","osm_type":"way","osm_id":1125583567,"height_m":4,"height_source":"osm-height","height_is_estimated":false},"geometry":{"type":"Polygon","coordinates":[[[55.257651,25.2015031],[55.2576628,25.2015198],[55.2576777,25.2015409],[55.2577097,25.2015862],[55.2577955,25.2017076],[55.2578655,25.2016671],[55.2577969,25.2015699],[55.2577636,25.2015891],[55.2576877,25.2014818],[55.257651,25.2015031]]]}},{"type":"Feature","id":"osm-way-1125583568","properties":{"building":"yes","building:levels":"1","height":"4","osm_type":"way","osm_id":1125583568,"height_m":4,"height_source":"osm-height","height_is_estimated":false},"geometry":{"type":"Polygon","coordinates":[[[55.2577791,25.2017899],[55.2578355,25.2018615],[55.2578746,25.2018362],[55.2578183,25.2017646],[55.2577791,25.2017899]]]}},{"type":"Feature","id":"osm-way-1125583569","properties":{"building":"yes","osm_type":"way","osm_id":1125583569,"height_m":12,"height_source":"type-estimate","height_is_estimated":true},"geometry":{"type":"Polygon","coordinates":[[[55.2578486,25.20174],[55.2579346,25.2018651],[55.2580729,25.2017872],[55.2579869,25.2016621],[55.2578486,25.20174]]]}},{"type":"Feature","id":"osm-way-1125583570","properties":{"building":"yes","building:levels":"1","height":"4","osm_type":"way","osm_id":1125583570,"height_m":4,"height_source":"osm-height","height_is_estimated":false},"geometry":{"type":"Polygon","coordinates":[[[55.2578353,25.2014476],[55.257757,25.2014942],[55.2577672,25.2015083],[55.2577473,25.2015202],[55.2577706,25.2015521],[55.2577934,25.2015386],[55.2578581,25.2016275],[55.2579335,25.2015827],[55.2578353,25.2014476]]]}},{"type":"Feature","id":"osm-way-1125583571","properties":{"building":"yes","building:levels":"1","height":"3","osm_type":"way","osm_id":1125583571,"height_m":3,"height_source":"osm-height","height_is_estimated":false},"geometry":{"type":"Polygon","coordinates":[[[55.2569173,25.201383],[55.256941,25.2014114],[55.2569484,25.2014202],[55.2569967,25.2013871],[55.2569657,25.2013499],[55.2569173,25.201383]]]}},{"type":"Feature","id":"osm-way-1125583572","properties":{"building":"yes","building:levels":"1","height":"3","osm_type":"way","osm_id":1125583572,"height_m":3,"height_source":"osm-height","height_is_estimated":false},"geometry":{"type":"Polygon","coordinates":[[[55.256841,25.2013739],[55.2568974,25.2014413],[55.256941,25.2014114],[55.2569173,25.201383],[55.2569106,25.201375],[55.2569253,25.2013649],[55.2568994,25.2013339],[55.256841,25.2013739]]]}},{"type":"Feature","id":"osm-way-1125583573","properties":{"building":"yes","building:levels":"1","height":"3","osm_type":"way","osm_id":1125583573,"height_m":3,"height_source":"osm-height","height_is_estimated":false},"geometry":{"type":"Polygon","coordinates":[[[55.257016,25.201292],[55.2570598,25.2013478],[55.2571001,25.201322],[55.2571224,25.2013504],[55.257172,25.2013185],[55.257106,25.2012343],[55.257016,25.201292]]]}},{"type":"Feature","id":"osm-way-1125583574","properties":{"building":"yes","building:levels":"1","height":"4","osm_type":"way","osm_id":1125583574,"height_m":4,"height_source":"osm-height","height_is_estimated":false},"geometry":{"type":"Polygon","coordinates":[[[55.2573364,25.2009014],[55.2573854,25.2009675],[55.2573685,25.2009778],[55.2574112,25.2010353],[55.2574634,25.2010036],[55.257452,25.2009882],[55.257545,25.2009317],[55.2575214,25.2008999],[55.2575711,25.2008697],[55.2575143,25.2007932],[55.2573364,25.2009014]]]}},{"type":"Feature","id":"osm-way-1125583575","properties":{"building":"yes","building:levels":"1","height":"3","osm_type":"way","osm_id":1125583575,"height_m":3,"height_source":"osm-height","height_is_estimated":false},"geometry":{"type":"Polygon","coordinates":[[[55.2572246,25.2008956],[55.2572588,25.2009459],[55.25731,25.2009174],[55.2572758,25.2008671],[55.2572246,25.2008956]]]}},{"type":"Feature","id":"osm-way-1125583576","properties":{"building":"yes","building:levels":"1","height":"3","osm_type":"way","osm_id":1125583576,"height_m":3,"height_source":"osm-height","height_is_estimated":false},"geometry":{"type":"Polygon","coordinates":[[[55.2571616,25.2007967],[55.2572152,25.2008701],[55.2572612,25.2008425],[55.2572076,25.2007691],[55.2571616,25.2007967]]]}},{"type":"Feature","id":"osm-way-1125583577","properties":{"building":"yes","building:levels":"1","height":"3","osm_type":"way","osm_id":1125583577,"height_m":3,"height_source":"osm-height","height_is_estimated":false},"geometry":{"type":"Polygon","coordinates":[[[55.2574543,25.201034],[55.25747,25.2010563],[55.2575657,25.2010011],[55.25755,25.2009788],[55.2574543,25.201034]]]}},{"type":"Feature","id":"osm-way-1125583578","properties":{"building":"yes","building:levels":"1","height":"3","osm_type":"way","osm_id":1125583578,"height_m":3,"height_source":"osm-height","height_is_estimated":false},"geometry":{"type":"Polygon","coordinates":[[[55.2573309,25.2010439],[55.2573774,25.2011097],[55.25747,25.2010563],[55.2574543,25.201034],[55.2573899,25.2010712],[55.2573592,25.2010276],[55.2573309,25.2010439]]]}},{"type":"Feature","id":"osm-way-1125583579","properties":{"building":"yes","building:levels":"1","height":"3","osm_type":"way","osm_id":1125583579,"height_m":3,"height_source":"osm-height","height_is_estimated":false},"geometry":{"type":"Polygon","coordinates":[[[55.2574202,25.201319],[55.2574434,25.2013515],[55.2575004,25.2013183],[55.2574772,25.2012858],[55.2574202,25.201319]]]}},{"type":"Feature","id":"osm-way-1125583580","properties":{"building":"yes","building:levels":"1","height":"4","osm_type":"way","osm_id":1125583580,"height_m":4,"height_source":"osm-height","height_is_estimated":false},"geometry":{"type":"Polygon","coordinates":[[[55.2571938,25.20126],[55.2573753,25.2011605],[55.2574383,25.2012546],[55.2573318,25.201313],[55.2573491,25.2013389],[55.2572742,25.20138],[55.2571938,25.20126]]]}},{"type":"Feature","id":"osm-way-1125583581","properties":{"building":"yes","building:levels":"1","height":"3","osm_type":"way","osm_id":1125583581,"height_m":3,"height_source":"osm-height","height_is_estimated":false},"geometry":{"type":"Polygon","coordinates":[[[55.2572319,25.2014146],[55.2572876,25.2014833],[55.2573392,25.201449],[55.2572835,25.2013803],[55.2572319,25.2014146]]]}},{"type":"Feature","id":"osm-way-1125583582","properties":{"building":"yes","building:levels":"2","height":"8","osm_type":"way","osm_id":1125583582,"height_m":8,"height_source":"osm-height","height_is_estimated":false},"geometry":{"type":"Polygon","coordinates":[[[55.2569777,25.2014685],[55.2570636,25.2015734],[55.2571096,25.2015426],[55.2571237,25.2015598],[55.2571638,25.2015329],[55.2571547,25.2015217],[55.2571767,25.201507],[55.2571636,25.201491],[55.2571953,25.2014697],[55.2571853,25.2014576],[55.2572077,25.2014426],[55.2571562,25.2013797],[55.2570904,25.2014238],[55.257059,25.2013855],[55.2570155,25.2014147],[55.2570306,25.2014331],[55.2569777,25.2014685]]]}},{"type":"Feature","id":"osm-way-1125583583","properties":{"building":"yes","building:levels":"2","height":"8","osm_type":"way","osm_id":1125583583,"height_m":8,"height_source":"osm-height","height_is_estimated":false},"geometry":{"type":"Polygon","coordinates":[[[55.2567951,25.2011831],[55.2568845,25.2013053],[55.2569415,25.2012711],[55.2569536,25.2012877],[55.2569958,25.2012624],[55.256977,25.2012367],[55.257039,25.2011995],[55.2569578,25.2010886],[55.2568974,25.2011248],[55.2568855,25.2011084],[55.2568472,25.2011314],[55.2568576,25.2011457],[55.2567951,25.2011831]]]}},{"type":"Feature","id":"osm-way-1125588098","properties":{"building":"yes","osm_type":"way","osm_id":1125588098,"height_m":12,"height_source":"type-estimate","height_is_estimated":true},"geometry":{"type":"Polygon","coordinates":[[[55.2581286,25.1984749],[55.258209,25.1985869],[55.2582958,25.1985359],[55.2582154,25.1984239],[55.2581286,25.1984749]]]}},{"type":"Feature","id":"osm-way-1125588099","properties":{"building":"yes","osm_type":"way","osm_id":1125588099,"height_m":12,"height_source":"type-estimate","height_is_estimated":true},"geometry":{"type":"Polygon","coordinates":[[[55.2583404,25.1985642],[55.258417,25.1985201],[55.2583894,25.198481],[55.2583129,25.1985251],[55.2583404,25.1985642]]]}},{"type":"Feature","id":"osm-way-1125588100","properties":{"building":"yes","osm_type":"way","osm_id":1125588100,"height_m":12,"height_source":"type-estimate","height_is_estimated":true},"geometry":{"type":"Polygon","coordinates":[[[55.2583,25.1985875],[55.2583258,25.1986242],[55.2584428,25.1985568],[55.258417,25.1985201],[55.2583404,25.1985642],[55.2583,25.1985875]]]}},{"type":"Feature","id":"osm-way-1125588101","properties":{"building":"yes","osm_type":"way","osm_id":1125588101,"height_m":12,"height_source":"type-estimate","height_is_estimated":true},"geometry":{"type":"Polygon","coordinates":[[[55.2581975,25.1986981],[55.2582222,25.1986838],[55.2583053,25.198636],[55.2583258,25.1986242],[55.2583,25.1985875],[55.2582746,25.1986021],[55.2582542,25.198573],[55.2581707,25.1986211],[55.2581914,25.1986507],[55.258172,25.1986619],[55.2581975,25.1986981]]]}},{"type":"Feature","id":"osm-way-1125588102","properties":{"building":"yes","osm_type":"way","osm_id":1125588102,"height_m":12,"height_source":"type-estimate","height_is_estimated":true},"geometry":{"type":"Polygon","coordinates":[[[55.2584474,25.1987592],[55.2584875,25.1988162],[55.2585069,25.1988438],[55.2585999,25.1987902],[55.2585404,25.1987057],[55.2584474,25.1987592]]]}},{"type":"Feature","id":"osm-way-1125588103","properties":{"building":"yes","osm_type":"way","osm_id":1125588103,"height_m":12,"height_source":"type-estimate","height_is_estimated":true},"geometry":{"type":"Polygon","coordinates":[[[55.2584471,25.1988395],[55.2584875,25.1988162],[55.2584474,25.1987592],[55.258407,25.1987825],[55.2584471,25.1988395]]]}},{"type":"Feature","id":"osm-way-1125588104","properties":{"building":"yes","osm_type":"way","osm_id":1125588104,"height_m":12,"height_source":"type-estimate","height_is_estimated":true},"geometry":{"type":"Polygon","coordinates":[[[55.2584065,25.1988629],[55.2584259,25.1988905],[55.2585069,25.1988438],[55.2584875,25.1988162],[55.2584471,25.1988395],[55.258431,25.1988488],[55.2584065,25.1988629]]]}},{"type":"Feature","id":"osm-way-1125588105","properties":{"building":"yes","osm_type":"way","osm_id":1125588105,"height_m":12,"height_source":"type-estimate","height_is_estimated":true},"geometry":{"type":"Polygon","coordinates":[[[55.2583651,25.1988868],[55.2584065,25.1988629],[55.258431,25.1988488],[55.258407,25.1988147],[55.2583706,25.1988357],[55.2583507,25.1988075],[55.2583213,25.1988245],[55.2583651,25.1988868]]]}},{"type":"Feature","id":"osm-way-1125588106","properties":{"building":"yes","osm_type":"way","osm_id":1125588106,"height_m":12,"height_source":"type-estimate","height_is_estimated":true},"geometry":{"type":"Polygon","coordinates":[[[55.2582724,25.1988262],[55.2583488,25.1989349],[55.2584259,25.1988905],[55.2584065,25.1988629],[55.2583651,25.1988868],[55.2583213,25.1988245],[55.258308,25.1988057],[55.2582945,25.1988135],[55.2582724,25.1988262]]]}},{"type":"Feature","id":"osm-way-1125588107","properties":{"building":"yes","osm_type":"way","osm_id":1125588107,"height_m":12,"height_source":"type-estimate","height_is_estimated":true},"geometry":{"type":"Polygon","coordinates":[[[55.2581866,25.1987044],[55.2581578,25.198721],[55.2582035,25.198786],[55.2582324,25.1987693],[55.2581866,25.1987044]]]}},{"type":"Feature","id":"osm-way-1125588108","properties":{"building":"yes","osm_type":"way","osm_id":1125588108,"height_m":12,"height_source":"type-estimate","height_is_estimated":true},"geometry":{"type":"Polygon","coordinates":[[[55.2580547,25.1989437],[55.2580708,25.198964],[55.2580987,25.198946],[55.2580826,25.1989256],[55.2580547,25.1989437]]]}},{"type":"Feature","id":"osm-way-1125588109","properties":{"building":"yes","osm_type":"way","osm_id":1125588109,"height_m":12,"height_source":"type-estimate","height_is_estimated":true},"geometry":{"type":"Polygon","coordinates":[[[55.2580367,25.1988446],[55.2581216,25.1987938],[55.2581075,25.1987745],[55.2580226,25.1988254],[55.2580367,25.1988446]]]}},{"type":"Feature","id":"osm-way-1125588110","properties":{"building":"yes","osm_type":"way","osm_id":1125588110,"height_m":12,"height_source":"type-estimate","height_is_estimated":true},"geometry":{"type":"Polygon","coordinates":[[[55.2580367,25.1988446],[55.2581689,25.1990255],[55.2582652,25.1989678],[55.258133,25.198787],[55.2581216,25.1987938],[55.2580367,25.1988446]]]}},{"type":"Feature","id":"osm-way-1125588111","properties":{"building":"yes","osm_type":"way","osm_id":1125588111,"height_m":12,"height_source":"type-estimate","height_is_estimated":true},"geometry":{"type":"Polygon","coordinates":[[[55.2581866,25.1987044],[55.2582324,25.1987693],[55.2582724,25.1988262],[55.2582945,25.1988135],[55.2582897,25.1988067],[55.2582215,25.1987098],[55.258235,25.198702],[55.2582222,25.1986838],[55.2581975,25.1986981],[55.2581866,25.1987044]]]}},{"type":"Feature","id":"osm-way-1125588112","properties":{"building":"yes","osm_type":"way","osm_id":1125588112,"height_m":12,"height_source":"type-estimate","height_is_estimated":true},"geometry":{"type":"Polygon","coordinates":[[[55.2583588,25.198712],[55.2584963,25.1986328],[55.2584428,25.1985568],[55.2583258,25.1986242],[55.2583053,25.198636],[55.2583181,25.1986541],[55.2583588,25.198712]]]}},{"type":"Feature","id":"osm-way-1125588113","properties":{"building":"yes","osm_type":"way","osm_id":1125588113,"height_m":12,"height_source":"type-estimate","height_is_estimated":true},"geometry":{"type":"Polygon","coordinates":[[[55.2582215,25.1987098],[55.2582897,25.1988067],[55.2583863,25.198751],[55.2583588,25.198712],[55.2583181,25.1986541],[55.258235,25.198702],[55.2582215,25.1987098]]]}},{"type":"Feature","id":"osm-way-1125588114","properties":{"building":"yes","osm_type":"way","osm_id":1125588114,"height_m":12,"height_source":"type-estimate","height_is_estimated":true},"geometry":{"type":"Polygon","coordinates":[[[55.2568976,25.1983127],[55.2569072,25.1983252],[55.2569178,25.1983389],[55.2569855,25.1982961],[55.2570346,25.1983598],[55.2570745,25.1983346],[55.2569899,25.1982249],[55.2569417,25.1982553],[55.256957,25.1982752],[55.2568976,25.1983127]]]}},{"type":"Feature","id":"osm-way-1125588115","properties":{"building":"yes","osm_type":"way","osm_id":1125588115,"height_m":12,"height_source":"type-estimate","height_is_estimated":true},"geometry":{"type":"Polygon","coordinates":[[[55.2568106,25.1983801],[55.2568715,25.1984695],[55.2569262,25.1984729],[55.2569633,25.1984103],[55.2569178,25.1983389],[55.2569072,25.1983252],[55.256887,25.1983373],[55.2568106,25.1983801]]]}},{"type":"Feature","id":"osm-way-1125588116","properties":{"building":"yes","osm_type":"way","osm_id":1125588116,"height_m":12,"height_source":"type-estimate","height_is_estimated":true},"geometry":{"type":"Polygon","coordinates":[[[55.2566338,25.198479],[55.2566745,25.1984562],[55.2568106,25.1983801],[55.256887,25.1983373],[55.2568605,25.1982985],[55.2566072,25.1984402],[55.2566338,25.198479]]]}},{"type":"Feature","id":"osm-way-1125588117","properties":{"building":"yes","osm_type":"way","osm_id":1125588117,"height_m":12,"height_source":"type-estimate","height_is_estimated":true},"geometry":{"type":"Polygon","coordinates":[[[55.2572989,25.1974369],[55.2573213,25.1974664],[55.2573554,25.1974458],[55.2573334,25.1974166],[55.2572989,25.1974369]]]}},{"type":"Feature","id":"osm-way-1125588118","properties":{"building":"yes","osm_type":"way","osm_id":1125588118,"height_m":12,"height_source":"type-estimate","height_is_estimated":true},"geometry":{"type":"Polygon","coordinates":[[[55.2572353,25.1973485],[55.2572989,25.1974369],[55.2573334,25.1974166],[55.2572698,25.1973282],[55.2572353,25.1973485]]]}},{"type":"Feature","id":"osm-way-1125588119","properties":{"building":"yes","osm_type":"way","osm_id":1125588119,"height_m":12,"height_source":"type-estimate","height_is_estimated":true},"geometry":{"type":"Polygon","coordinates":[[[55.2570597,25.1975318],[55.2571742,25.1976987],[55.2573126,25.197621],[55.257243,25.1975194],[55.2572824,25.1974973],[55.2572375,25.1974319],[55.2570597,25.1975318]]]}},{"type":"Feature","id":"osm-way-1125588120","properties":{"building":"yes","osm_type":"way","osm_id":1125588120,"height_m":12,"height_source":"type-estimate","height_is_estimated":true},"geometry":{"type":"Polygon","coordinates":[[[55.2575783,25.1980511],[55.2575425,25.1980744],[55.2574768,25.198117],[55.2575013,25.1981478],[55.2576027,25.1980819],[55.2575783,25.1980511]]]}},{"type":"Feature","id":"osm-way-1125588121","properties":{"building":"yes","osm_type":"way","osm_id":1125588121,"height_m":12,"height_source":"type-estimate","height_is_estimated":true},"geometry":{"type":"Polygon","coordinates":[[[55.2574878,25.1980055],[55.2575425,25.1980744],[55.2575783,25.1980511],[55.2575236,25.1979822],[55.2574878,25.1980055]]]}},{"type":"Feature","id":"osm-way-1125588122","properties":{"building":"yes","osm_type":"way","osm_id":1125588122,"height_m":12,"height_source":"type-estimate","height_is_estimated":true},"geometry":{"type":"Polygon","coordinates":[[[55.257529,25.1982229],[55.2575599,25.1982605],[55.2576329,25.1982114],[55.2576021,25.1981738],[55.257529,25.1982229]]]}},{"type":"Feature","id":"osm-way-1125588123","properties":{"building":"yes","osm_type":"way","osm_id":1125588123,"height_m":12,"height_source":"type-estimate","height_is_estimated":true},"geometry":{"type":"Polygon","coordinates":[[[55.2577322,25.198195],[55.2577651,25.198232],[55.2578121,25.1981978],[55.2577793,25.1981608],[55.2577322,25.198195]]]}},{"type":"Feature","id":"osm-way-1125588124","properties":{"building":"yes","osm_type":"way","osm_id":1125588124,"height_m":12,"height_source":"type-estimate","height_is_estimated":true},"geometry":{"type":"Polygon","coordinates":[[[55.257692,25.1982611],[55.2577295,25.1983024],[55.2577772,25.1982669],[55.2577396,25.1982256],[55.257692,25.1982611]]]}},{"type":"Feature","id":"osm-way-1125588125","properties":{"building":"yes","osm_type":"way","osm_id":1125588125,"height_m":12,"height_source":"type-estimate","height_is_estimated":true},"geometry":{"type":"Polygon","coordinates":[[[55.2582928,25.2006143],[55.2583112,25.2006356],[55.258336,25.200618],[55.2583175,25.2005967],[55.2582928,25.2006143]]]}},{"type":"Feature","id":"osm-way-1125588126","properties":{"building":"yes","osm_type":"way","osm_id":1125588126,"height_m":12,"height_source":"type-estimate","height_is_estimated":true},"geometry":{"type":"Polygon","coordinates":[[[55.2581027,25.2006423],[55.2582729,25.2006629],[55.2582872,25.2005663],[55.2582255,25.2005588],[55.2582342,25.2005],[55.2581257,25.2004868],[55.2581027,25.2006423]]]}},{"type":"Feature","id":"osm-way-1125588127","properties":{"building":"yes","osm_type":"way","osm_id":1125588127,"height_m":12,"height_source":"type-estimate","height_is_estimated":true},"geometry":{"type":"Polygon","coordinates":[[[55.2584837,25.200494],[55.2585175,25.2005391],[55.2585653,25.2005097],[55.2585315,25.2004646],[55.2584837,25.200494]]]}},{"type":"Feature","id":"osm-way-1125588128","properties":{"building":"yes","osm_type":"way","osm_id":1125588128,"height_m":12,"height_source":"type-estimate","height_is_estimated":true},"geometry":{"type":"Polygon","coordinates":[[[55.2582176,25.200769],[55.2583397,25.2009382],[55.2585824,25.2007948],[55.2584603,25.2006256],[55.2582176,25.200769]]]}},{"type":"Feature","id":"osm-way-1125588129","properties":{"building":"yes","osm_type":"way","osm_id":1125588129,"height_m":12,"height_source":"type-estimate","height_is_estimated":true},"geometry":{"type":"Polygon","coordinates":[[[55.2580953,25.2007997],[55.258161,25.2008913],[55.2581966,25.2008704],[55.2581309,25.2007788],[55.2580953,25.2007997]]]}},{"type":"Feature","id":"osm-way-1125588130","properties":{"building":"yes","osm_type":"way","osm_id":1125588130,"height_m":12,"height_source":"type-estimate","height_is_estimated":true},"geometry":{"type":"Polygon","coordinates":[[[55.2579739,25.2009765],[55.2580203,25.2010379],[55.2581796,25.2009395],[55.2581332,25.200878],[55.2579739,25.2009765]]]}},{"type":"Feature","id":"osm-way-1125588131","properties":{"building":"yes","osm_type":"way","osm_id":1125588131,"height_m":12,"height_source":"type-estimate","height_is_estimated":true},"geometry":{"type":"Polygon","coordinates":[[[55.2580474,25.2007311],[55.2580839,25.2007817],[55.2581345,25.2007518],[55.258098,25.2007012],[55.2580474,25.2007311]]]}},{"type":"Feature","id":"osm-way-1125588132","properties":{"building":"yes","osm_type":"way","osm_id":1125588132,"height_m":12,"height_source":"type-estimate","height_is_estimated":true},"geometry":{"type":"Polygon","coordinates":[[[55.2578931,25.2010264],[55.2579395,25.2010879],[55.2580203,25.2010379],[55.2579739,25.2009765],[55.2578931,25.2010264]]]}},{"type":"Feature","id":"osm-way-1125588133","properties":{"building":"yes","osm_type":"way","osm_id":1125588133,"height_m":12,"height_source":"type-estimate","height_is_estimated":true},"geometry":{"type":"Polygon","coordinates":[[[55.258184,25.2009848],[55.2582269,25.2010445],[55.258269,25.2010198],[55.2582261,25.2009601],[55.258184,25.2009848]]]}},{"type":"Feature","id":"osm-way-1125588134","properties":{"building":"yes","osm_type":"way","osm_id":1125588134,"height_m":12,"height_source":"type-estimate","height_is_estimated":true},"geometry":{"type":"Polygon","coordinates":[[[55.258099,25.2012321],[55.2581252,25.201268],[55.258326,25.2011482],[55.2582998,25.2011123],[55.258099,25.2012321]]]}},{"type":"Feature","id":"osm-way-1125588135","properties":{"building":"yes","osm_type":"way","osm_id":1125588135,"height_m":12,"height_source":"type-estimate","height_is_estimated":true},"geometry":{"type":"Polygon","coordinates":[[[55.2579583,25.2011193],[55.2579951,25.2011655],[55.2580841,25.2011075],[55.2580473,25.2010613],[55.2579583,25.2011193]]]}},{"type":"Feature","id":"osm-way-1125588136","properties":{"building":"yes","osm_type":"way","osm_id":1125588136,"height_m":12,"height_source":"type-estimate","height_is_estimated":true},"geometry":{"type":"Polygon","coordinates":[[[55.258402,25.2015492],[55.2584266,25.2015842],[55.2585678,25.2015025],[55.2585431,25.2014676],[55.258402,25.2015492]]]}},{"type":"Feature","id":"osm-way-1125588137","properties":{"building":"yes","osm_type":"way","osm_id":1125588137,"height_m":12,"height_source":"type-estimate","height_is_estimated":true},"geometry":{"type":"Polygon","coordinates":[[[55.2582918,25.2015974],[55.2583494,25.2016782],[55.2584456,25.201622],[55.2583879,25.2015412],[55.2582918,25.2015974]]]}},{"type":"Feature","id":"osm-way-1125588138","properties":{"building":"yes","building:levels":"1","height":"4","osm_type":"way","osm_id":1125588138,"height_m":4,"height_source":"osm-height","height_is_estimated":false},"geometry":{"type":"Polygon","coordinates":[[[55.257731,25.2018021],[55.2578092,25.2017537],[55.25779,25.2017284],[55.2577119,25.2017768],[55.257731,25.2018021]]]}},{"type":"Feature","id":"osm-way-1125588139","properties":{"building":"yes","building:levels":"1","height":"4","osm_type":"way","osm_id":1125588139,"height_m":4,"height_source":"osm-height","height_is_estimated":false},"geometry":{"type":"Polygon","coordinates":[[[55.2578355,25.201896],[55.2578953,25.2019661],[55.2579456,25.2019309],[55.2578858,25.2018609],[55.2578355,25.201896]]]}},{"type":"Feature","id":"osm-way-1125588140","properties":{"building":"yes","building:levels":"1","height":"4","osm_type":"way","osm_id":1125588140,"height_m":4,"height_source":"osm-height","height_is_estimated":false},"geometry":{"type":"Polygon","coordinates":[[[55.2577312,25.2020462],[55.2577523,25.2020717],[55.2578084,25.2020336],[55.2577873,25.2020081],[55.2577312,25.2020462]]]}},{"type":"Feature","id":"osm-way-1125593632","properties":{"building":"yes","osm_type":"way","osm_id":1125593632,"height_m":12,"height_source":"type-estimate","height_is_estimated":true},"geometry":{"type":"Polygon","coordinates":[[[55.2585106,25.1990125],[55.2584517,25.1990483],[55.2584331,25.1990231],[55.2583567,25.1990694],[55.2584475,25.1991919],[55.2584527,25.1992307],[55.2585037,25.1992388],[55.2585222,25.1992004],[55.2586103,25.199147],[55.2585106,25.1990125]]]}},{"type":"Feature","id":"osm-way-1125593633","properties":{"building":"yes","osm_type":"way","osm_id":1125593633,"height_m":12,"height_source":"type-estimate","height_is_estimated":true},"geometry":{"type":"Polygon","coordinates":[[[55.258577,25.1989723],[55.2585451,25.1989916],[55.2585699,25.1990252],[55.2586018,25.1990058],[55.258577,25.1989723]]]}},{"type":"Feature","id":"osm-way-1125593634","properties":{"building":"yes","osm_type":"way","osm_id":1125593634,"height_m":12,"height_source":"type-estimate","height_is_estimated":true},"geometry":{"type":"Polygon","coordinates":[[[55.2585583,25.1989471],[55.2584331,25.1990231],[55.2584517,25.1990483],[55.2585106,25.1990125],[55.2585451,25.1989916],[55.258577,25.1989723],[55.2585583,25.1989471]]]}},{"type":"Feature","id":"osm-way-1125593635","properties":{"building":"yes","osm_type":"way","osm_id":1125593635,"height_m":12,"height_source":"type-estimate","height_is_estimated":true},"geometry":{"type":"Polygon","coordinates":[[[55.2586272,25.1990401],[55.2587159,25.1989863],[55.258647,25.1988933],[55.2585583,25.1989471],[55.258577,25.1989723],[55.2586018,25.1990058],[55.2586272,25.1990401]]]}},{"type":"Feature","id":"osm-way-1125593636","properties":{"building":"yes","osm_type":"way","osm_id":1125593636,"height_m":12,"height_source":"type-estimate","height_is_estimated":true},"geometry":{"type":"Polygon","coordinates":[[[55.2586876,25.199203],[55.258834,25.1991142],[55.2587944,25.1990608],[55.2587784,25.1990706],[55.2587159,25.1989863],[55.2586272,25.1990401],[55.2586706,25.1990986],[55.258629,25.1991239],[55.2586876,25.199203]]]}},{"type":"Feature","id":"osm-way-1125593637","properties":{"building":"yes","osm_type":"way","osm_id":1125593637,"height_m":12,"height_source":"type-estimate","height_is_estimated":true},"geometry":{"type":"Polygon","coordinates":[[[55.2585009,25.1993098],[55.2584568,25.1992494],[55.258295,25.1993459],[55.2583391,25.1994063],[55.2583943,25.1993734],[55.2585009,25.1993098]]]}},{"type":"Feature","id":"osm-way-1125593638","properties":{"building":"yes","osm_type":"way","osm_id":1125593638,"height_m":12,"height_source":"type-estimate","height_is_estimated":true},"geometry":{"type":"Polygon","coordinates":[[[55.2586391,25.1993317],[55.2587027,25.1994191],[55.2587539,25.1993886],[55.2586902,25.1993012],[55.2586391,25.1993317]]]}},{"type":"Feature","id":"osm-way-1125593639","properties":{"building":"yes","osm_type":"way","osm_id":1125593639,"height_m":12,"height_source":"type-estimate","height_is_estimated":true},"geometry":{"type":"Polygon","coordinates":[[[55.2585817,25.1993336],[55.2586514,25.1994292],[55.2586786,25.1994665],[55.2587195,25.1994421],[55.2587027,25.1994191],[55.2586391,25.1993317],[55.258582,25.1992534],[55.2585506,25.1992722],[55.2585912,25.1993279],[55.2585817,25.1993336]]]}},{"type":"Feature","id":"osm-way-1125593640","properties":{"building":"yes","osm_type":"way","osm_id":1125593640,"height_m":12,"height_source":"type-estimate","height_is_estimated":true},"geometry":{"type":"Polygon","coordinates":[[[55.2583943,25.1993734],[55.2585005,25.1995191],[55.2586514,25.1994292],[55.2585817,25.1993336],[55.2585452,25.1992834],[55.2585009,25.1993098],[55.2583943,25.1993734]]]}},{"type":"Feature","id":"osm-way-1125593641","properties":{"building":"yes","osm_type":"way","osm_id":1125593641,"height_m":12,"height_source":"type-estimate","height_is_estimated":true},"geometry":{"type":"Polygon","coordinates":[[[55.2588126,25.1993621],[55.2588647,25.1994319],[55.2588888,25.1994172],[55.258861,25.19938],[55.2588367,25.1993474],[55.2588126,25.1993621]]]}},{"type":"Feature","id":"osm-way-1125593642","properties":{"building":"yes","osm_type":"way","osm_id":1125593642,"height_m":12,"height_source":"type-estimate","height_is_estimated":true},"geometry":{"type":"Polygon","coordinates":[[[55.258726,25.1994151],[55.2588044,25.1995201],[55.258891,25.1994671],[55.2588647,25.1994319],[55.2588126,25.1993621],[55.258726,25.1994151]]]}},{"type":"Feature","id":"osm-way-1125593643","properties":{"building":"yes","osm_type":"way","osm_id":1125593643,"height_m":12,"height_source":"type-estimate","height_is_estimated":true},"geometry":{"type":"Polygon","coordinates":[[[55.2589026,25.1994358],[55.2589407,25.1994125],[55.2589778,25.1993898],[55.2590131,25.1993683],[55.2589714,25.1993126],[55.258861,25.19938],[55.2588888,25.1994172],[55.2589026,25.1994358]]]}},{"type":"Feature","id":"osm-way-1125593644","properties":{"building":"yes","osm_type":"way","osm_id":1125593644,"height_m":12,"height_source":"type-estimate","height_is_estimated":true},"geometry":{"type":"Polygon","coordinates":[[[55.2589947,25.1995199],[55.2590422,25.1994908],[55.2590304,25.199475],[55.2590493,25.1994635],[55.2590157,25.1994185],[55.2590044,25.1994255],[55.2589778,25.1993898],[55.2589407,25.1994125],[55.2589663,25.1994468],[55.2589483,25.1994578],[55.2589541,25.1994656],[55.2589787,25.1994986],[55.2589947,25.1995199]]]}},{"type":"Feature","id":"osm-way-1125593645","properties":{"building":"yes","osm_type":"way","osm_id":1125593645,"height_m":12,"height_source":"type-estimate","height_is_estimated":true},"geometry":{"type":"Polygon","coordinates":[[[55.2589064,25.1994947],[55.258931,25.1995277],[55.2589787,25.1994986],[55.2589541,25.1994656],[55.2589064,25.1994947]]]}},{"type":"Feature","id":"osm-way-1125593646","properties":{"building":"yes","osm_type":"way","osm_id":1125593646,"height_m":12,"height_source":"type-estimate","height_is_estimated":true},"geometry":{"type":"Polygon","coordinates":[[[55.2590304,25.199475],[55.2590422,25.1994908],[55.2590742,25.1995337],[55.2591115,25.199511],[55.2590677,25.1994523],[55.2590493,25.1994635],[55.2590304,25.199475]]]}},{"type":"Feature","id":"osm-way-1125593647","properties":{"building":"yes","osm_type":"way","osm_id":1125593647,"height_m":12,"height_source":"type-estimate","height_is_estimated":true},"geometry":{"type":"Polygon","coordinates":[[[55.2589115,25.1995707],[55.2589678,25.199646],[55.2589493,25.1996573],[55.2589761,25.1996933],[55.2591253,25.1996021],[55.2590742,25.1995337],[55.2590422,25.1994908],[55.2589947,25.1995199],[55.2589115,25.1995707]]]}},{"type":"Feature","id":"osm-way-1125593648","properties":{"building":"yes","osm_type":"way","osm_id":1125593648,"height_m":12,"height_source":"type-estimate","height_is_estimated":true},"geometry":{"type":"Polygon","coordinates":[[[55.2588338,25.1995486],[55.2589257,25.1996717],[55.2589493,25.1996573],[55.2589678,25.199646],[55.2589115,25.1995707],[55.2588978,25.1995523],[55.2589176,25.1995402],[55.2588956,25.1995108],[55.2588338,25.1995486]]]}},{"type":"Feature","id":"osm-way-1125593649","properties":{"building":"yes","osm_type":"way","osm_id":1125593649,"height_m":12,"height_source":"type-estimate","height_is_estimated":true},"geometry":{"type":"Polygon","coordinates":[[[55.2587881,25.1995549],[55.2588173,25.199594],[55.2589201,25.1997318],[55.2589392,25.1997573],[55.2589738,25.1997361],[55.2589257,25.1996717],[55.2588338,25.1995486],[55.2588227,25.1995338],[55.2587881,25.1995549]]]}},{"type":"Feature","id":"osm-way-1125593650","properties":{"building":"yes","osm_type":"way","osm_id":1125593650,"height_m":12,"height_source":"type-estimate","height_is_estimated":true},"geometry":{"type":"Polygon","coordinates":[[[55.2596659,25.1995108],[55.259857,25.1993995],[55.2599714,25.1995603],[55.2600436,25.1995304],[55.2599209,25.1993617],[55.2598374,25.1993472],[55.2596375,25.1994613],[55.2596659,25.1995108]]]}},{"type":"Feature","id":"osm-way-1125593651","properties":{"building":"yes","osm_type":"way","osm_id":1125593651,"height_m":12,"height_source":"type-estimate","height_is_estimated":true},"geometry":{"type":"Polygon","coordinates":[[[55.2600476,25.1996317],[55.2601207,25.1997264],[55.2601684,25.1996962],[55.2600953,25.1996016],[55.2600476,25.1996317]]]}},{"type":"Feature","id":"osm-way-1125593652","properties":{"building":"yes","osm_type":"way","osm_id":1125593652,"height_m":12,"height_source":"type-estimate","height_is_estimated":true},"geometry":{"type":"Polygon","coordinates":[[[55.2595092,25.199619],[55.2595322,25.1996495],[55.2595892,25.1996143],[55.2595662,25.1995838],[55.2595092,25.199619]]]}},{"type":"Feature","id":"osm-way-1125593653","properties":{"building":"yes","osm_type":"way","osm_id":1125593653,"height_m":12,"height_source":"type-estimate","height_is_estimated":true},"geometry":{"type":"Polygon","coordinates":[[[55.2593154,25.1996875],[55.2595541,25.1995468],[55.2595131,25.1994898],[55.2592743,25.1996306],[55.2593154,25.1996875]]]}},{"type":"Feature","id":"osm-way-1125593654","properties":{"building":"yes","osm_type":"way","osm_id":1125593654,"height_m":12,"height_source":"type-estimate","height_is_estimated":true},"geometry":{"type":"Polygon","coordinates":[[[55.2596889,25.1999915],[55.2597854,25.1999339],[55.2597541,25.199891],[55.2596576,25.1999486],[55.2596889,25.1999915]]]}},{"type":"Feature","id":"osm-way-1125593655","properties":{"building":"yes","osm_type":"way","osm_id":1125593655,"height_m":12,"height_source":"type-estimate","height_is_estimated":true},"geometry":{"type":"Polygon","coordinates":[[[55.2592607,25.1993963],[55.259282,25.1993965],[55.2592822,25.1993764],[55.2592609,25.1993763],[55.2592607,25.1993963]]]}},{"type":"Feature","id":"osm-way-1125593656","properties":{"building":"yes","osm_type":"way","osm_id":1125593656,"height_m":12,"height_source":"type-estimate","height_is_estimated":true},"geometry":{"type":"Polygon","coordinates":[[[55.2590927,25.199143],[55.2591216,25.199177],[55.2591615,25.1991493],[55.2591326,25.1991153],[55.2590927,25.199143]]]}},{"type":"Feature","id":"osm-way-1125593657","properties":{"building":"yes","osm_type":"way","osm_id":1125593657,"height_m":12,"height_source":"type-estimate","height_is_estimated":true},"geometry":{"type":"Polygon","coordinates":[[[55.2589671,25.1989871],[55.2590546,25.1990968],[55.2591525,25.1990329],[55.2590903,25.1989551],[55.2590592,25.1989755],[55.2590337,25.1989436],[55.2589671,25.1989871]]]}},{"type":"Feature","id":"osm-way-1125593658","properties":{"building":"yes","osm_type":"way","osm_id":1125593658,"height_m":12,"height_source":"type-estimate","height_is_estimated":true},"geometry":{"type":"Polygon","coordinates":[[[55.2588917,25.1986787],[55.2589174,25.1987109],[55.2589877,25.1986652],[55.2589621,25.1986329],[55.2588917,25.1986787]]]}},{"type":"Feature","id":"osm-way-1125593659","properties":{"building":"yes","osm_type":"way","osm_id":1125593659,"height_m":12,"height_source":"type-estimate","height_is_estimated":true},"geometry":{"type":"Polygon","coordinates":[[[55.2587912,25.1987439],[55.2588906,25.1988692],[55.2589378,25.1988386],[55.2588708,25.1987542],[55.2589242,25.1987195],[55.2589174,25.1987109],[55.2588917,25.1986787],[55.2587912,25.1987439]]]}},{"type":"Feature","id":"osm-way-1125593660","properties":{"building":"yes","osm_type":"way","osm_id":1125593660,"height_m":12,"height_source":"type-estimate","height_is_estimated":true},"geometry":{"type":"Polygon","coordinates":[[[55.2592007,25.1985062],[55.2591012,25.1985621],[55.2591305,25.1986049],[55.2592301,25.1985491],[55.2592007,25.1985062]]]}},{"type":"Feature","id":"osm-way-1125593661","properties":{"building":"yes","osm_type":"way","osm_id":1125593661,"height_m":12,"height_source":"type-estimate","height_is_estimated":true},"geometry":{"type":"Polygon","coordinates":[[[55.2592007,25.1985062],[55.2592301,25.1985491],[55.2592577,25.1985893],[55.2593617,25.198531],[55.2593047,25.1984479],[55.2592007,25.1985062]]]}},{"type":"Feature","id":"osm-way-1125593662","properties":{"building":"yes","osm_type":"way","osm_id":1125593662,"height_m":12,"height_source":"type-estimate","height_is_estimated":true},"geometry":{"type":"Polygon","coordinates":[[[55.2585449,25.1981689],[55.2585731,25.1982514],[55.258559,25.1983109],[55.2586193,25.1983206],[55.2586824,25.1983758],[55.2587494,25.1983649],[55.2588165,25.198292],[55.2587776,25.1981804],[55.2587038,25.1981337],[55.2586609,25.19811],[55.2586039,25.1981209],[55.2585449,25.1981689]]]}},{"type":"Feature","id":"osm-way-1125593663","properties":{"building":"yes","osm_type":"way","osm_id":1125593663,"height_m":12,"height_source":"type-estimate","height_is_estimated":true},"geometry":{"type":"Polygon","coordinates":[[[55.2590055,25.1999548],[55.2590313,25.1999925],[55.2591106,25.1999479],[55.2590847,25.1999103],[55.2590425,25.199934],[55.2590055,25.1999548]]]}},{"type":"Feature","id":"osm-way-1125593664","properties":{"building":"yes","osm_type":"way","osm_id":1125593664,"height_m":12,"height_source":"type-estimate","height_is_estimated":true},"geometry":{"type":"Polygon","coordinates":[[[55.259203,25.1998438],[55.2592277,25.1998797],[55.2593319,25.1998211],[55.2593073,25.1997852],[55.259203,25.1998438]]]}},{"type":"Feature","id":"osm-way-1125593665","properties":{"building":"yes","osm_type":"way","osm_id":1125593665,"height_m":12,"height_source":"type-estimate","height_is_estimated":true},"geometry":{"type":"Polygon","coordinates":[[[55.2590425,25.199934],[55.2590847,25.1999103],[55.259203,25.1998438],[55.2593073,25.1997852],[55.259271,25.1997323],[55.2590062,25.199881],[55.259019,25.1998996],[55.2590425,25.199934]]]}},{"type":"Feature","id":"osm-way-1125593666","properties":{"building":"yes","osm_type":"way","osm_id":1125593666,"height_m":12,"height_source":"type-estimate","height_is_estimated":true},"geometry":{"type":"Polygon","coordinates":[[[55.2589532,25.1999841],[55.2590055,25.1999548],[55.2590425,25.199934],[55.259019,25.1998996],[55.2589297,25.1999498],[55.2589532,25.1999841]]]}},{"type":"Feature","id":"osm-way-1125593667","properties":{"building":"yes","osm_type":"way","osm_id":1125593667,"height_m":12,"height_source":"type-estimate","height_is_estimated":true},"geometry":{"type":"Polygon","coordinates":[[[55.2587987,25.2000146],[55.2588266,25.2000553],[55.2588333,25.2000515],[55.2588712,25.2000302],[55.2588433,25.1999895],[55.2587987,25.2000146]]]}},{"type":"Feature","id":"osm-way-1125593668","properties":{"building":"yes","osm_type":"way","osm_id":1125593668,"height_m":12,"height_source":"type-estimate","height_is_estimated":true},"geometry":{"type":"Polygon","coordinates":[[[55.2587179,25.1998623],[55.2588145,25.199997],[55.2589692,25.1999061],[55.2588727,25.1997714],[55.2587179,25.1998623]]]}},{"type":"Feature","id":"osm-way-1125593669","properties":{"building":"yes","osm_type":"way","osm_id":1125593669,"height_m":12,"height_source":"type-estimate","height_is_estimated":true},"geometry":{"type":"Polygon","coordinates":[[[55.2587091,25.1996601],[55.2587434,25.1997061],[55.2587921,25.1996764],[55.2588606,25.1997682],[55.2589201,25.1997318],[55.2588173,25.199594],[55.2587091,25.1996601]]]}},{"type":"Feature","id":"osm-way-1125593670","properties":{"building":"yes","osm_type":"way","osm_id":1125593670,"height_m":12,"height_source":"type-estimate","height_is_estimated":true},"geometry":{"type":"Polygon","coordinates":[[[55.2586359,25.1995895],[55.2586681,25.1996349],[55.25878,25.1995697],[55.2587034,25.1994619],[55.2586491,25.1994935],[55.2586935,25.1995559],[55.2586359,25.1995895]]]}},{"type":"Feature","id":"osm-way-1125593671","properties":{"building":"yes","osm_type":"way","osm_id":1125593671,"height_m":12,"height_source":"type-estimate","height_is_estimated":true},"geometry":{"type":"Polygon","coordinates":[[[55.2585402,25.1996523],[55.2585688,25.199693],[55.2586584,25.1996415],[55.2586298,25.1996008],[55.2585402,25.1996523]]]}},{"type":"Feature","id":"osm-way-1125597570","properties":{"building":"yes","building:levels":"2","height":"8","osm_type":"way","osm_id":1125597570,"height_m":8,"height_source":"osm-height","height_is_estimated":false},"geometry":{"type":"Polygon","coordinates":[[[55.2607539,25.2010509],[55.2607775,25.2010844],[55.260861,25.2012032],[55.2609092,25.2011754],[55.2608022,25.2010232],[55.2607539,25.2010509]]]}},{"type":"Feature","id":"osm-way-1125597571","properties":{"building":"yes","building:levels":"2","height":"8","osm_type":"way","osm_id":1125597571,"height_m":8,"height_source":"osm-height","height_is_estimated":false},"geometry":{"type":"Polygon","coordinates":[[[55.26068,25.2010218],[55.2607306,25.2010417],[55.2607892,25.2010024],[55.2607534,25.20096],[55.2606699,25.2010111],[55.26068,25.2010218]]]}},{"type":"Feature","id":"osm-way-1125597572","properties":{"building":"yes","building:levels":"2","height":"8","osm_type":"way","osm_id":1125597572,"height_m":8,"height_source":"osm-height","height_is_estimated":false},"geometry":{"type":"Polygon","coordinates":[[[55.2604408,25.2011657],[55.2604811,25.2012265],[55.2605029,25.2012596],[55.260578,25.201222],[55.2606437,25.2013081],[55.2606833,25.201282],[55.2606069,25.2011697],[55.2605946,25.2011483],[55.2606045,25.2011035],[55.2606129,25.2010655],[55.2604408,25.2011657]]]}},{"type":"Feature","id":"osm-way-1125597573","properties":{"building":"yes","building:levels":"2","height":"8","osm_type":"way","osm_id":1125597573,"height_m":8,"height_source":"osm-height","height_is_estimated":false},"geometry":{"type":"Polygon","coordinates":[[[55.2601629,25.201092],[55.2602183,25.2011707],[55.260289,25.20113],[55.2602335,25.2010513],[55.2601883,25.2010773],[55.2601629,25.201092]]]}},{"type":"Feature","id":"osm-way-1125597574","properties":{"building":"yes","building:levels":"2","height":"8","osm_type":"way","osm_id":1125597574,"height_m":8,"height_source":"osm-height","height_is_estimated":false},"geometry":{"type":"Polygon","coordinates":[[[55.2603044,25.2013579],[55.2603311,25.2013965],[55.2603673,25.2014491],[55.2603789,25.2014659],[55.2604633,25.2014182],[55.2603889,25.2013102],[55.2603044,25.2013579]]]}},{"type":"Feature","id":"osm-way-1125597575","properties":{"building":"yes","building:levels":"2","height":"8","osm_type":"way","osm_id":1125597575,"height_m":8,"height_source":"osm-height","height_is_estimated":false},"geometry":{"type":"Polygon","coordinates":[[[55.2599903,25.2016491],[55.2600138,25.2016728],[55.2600442,25.2016481],[55.2600207,25.2016244],[55.2599903,25.2016491]]]}},{"type":"Feature","id":"osm-way-1125597576","properties":{"building":"yes","building:levels":"2","height":"8","osm_type":"way","osm_id":1125597576,"height_m":8,"height_source":"osm-height","height_is_estimated":false},"geometry":{"type":"Polygon","coordinates":[[[55.2598827,25.2016218],[55.2599135,25.2016612],[55.2599433,25.2016422],[55.2599125,25.2016027],[55.2598827,25.2016218]]]}},{"type":"Feature","id":"osm-way-1125597577","properties":{"building":"yes","building:levels":"2","height":"8","osm_type":"way","osm_id":1125597577,"height_m":8,"height_source":"osm-height","height_is_estimated":false},"geometry":{"type":"Polygon","coordinates":[[[55.2598448,25.2015666],[55.259877,25.2016106],[55.2599347,25.201576],[55.2599025,25.201532],[55.2598448,25.2015666]]]}},{"type":"Feature","id":"osm-way-1125597578","properties":{"building":"yes","building:levels":"2","height":"8","osm_type":"way","osm_id":1125597578,"height_m":8,"height_source":"osm-height","height_is_estimated":false},"geometry":{"type":"Polygon","coordinates":[[[55.259833,25.2015466],[55.2600109,25.2014468],[55.2599782,25.2013991],[55.2598004,25.2014989],[55.259833,25.2015466]]]}},{"type":"Feature","id":"osm-way-1125597579","properties":{"building":"yes","building:levels":"2","height":"8","osm_type":"way","osm_id":1125597579,"height_m":8,"height_source":"osm-height","height_is_estimated":false},"geometry":{"type":"Polygon","coordinates":[[[55.2597628,25.201451],[55.2597894,25.2014862],[55.2598197,25.2014675],[55.2597932,25.2014323],[55.2597628,25.201451]]]}},{"type":"Feature","id":"osm-way-1125597580","properties":{"building":"yes","building:levels":"2","height":"8","osm_type":"way","osm_id":1125597580,"height_m":8,"height_source":"osm-height","height_is_estimated":false},"geometry":{"type":"Polygon","coordinates":[[[55.259732,25.20141],[55.2597628,25.201451],[55.2597932,25.2014323],[55.2597623,25.2013913],[55.259732,25.20141]]]}},{"type":"Feature","id":"osm-way-1125597581","properties":{"building":"yes","building:levels":"2","height":"8","osm_type":"way","osm_id":1125597581,"height_m":8,"height_source":"osm-height","height_is_estimated":false},"geometry":{"type":"Polygon","coordinates":[[[55.2596772,25.2013372],[55.259732,25.20141],[55.2597623,25.2013913],[55.2597666,25.2013886],[55.2597118,25.2013158],[55.2596772,25.2013372]]]}},{"type":"Feature","id":"osm-way-1125597582","properties":{"building":"yes","building:levels":"2","height":"8","osm_type":"way","osm_id":1125597582,"height_m":8,"height_source":"osm-height","height_is_estimated":false},"geometry":{"type":"Polygon","coordinates":[[[55.259638,25.2012852],[55.2596557,25.2012742],[55.2596281,25.2012375],[55.2596103,25.2012484],[55.259638,25.2012852]]]}},{"type":"Feature","id":"osm-way-1125597583","properties":{"building":"yes","building:levels":"2","height":"8","osm_type":"way","osm_id":1125597583,"height_m":8,"height_source":"osm-height","height_is_estimated":false},"geometry":{"type":"Polygon","coordinates":[[[55.259638,25.2012852],[55.2596772,25.2013372],[55.2597118,25.2013158],[55.2596727,25.2012638],[55.2596557,25.2012742],[55.259638,25.2012852]]]}},{"type":"Feature","id":"osm-way-1125597584","properties":{"building":"yes","building:levels":"2","height":"8","osm_type":"way","osm_id":1125597584,"height_m":8,"height_source":"osm-height","height_is_estimated":false},"geometry":{"type":"Polygon","coordinates":[[[55.2602945,25.2014168],[55.2603303,25.2014696],[55.2603673,25.2014491],[55.2603311,25.2013965],[55.2602945,25.2014168]]]}},{"type":"Feature","id":"osm-way-1125597585","properties":{"building":"yes","building:levels":"2","height":"8","osm_type":"way","osm_id":1125597585,"height_m":8,"height_source":"osm-height","height_is_estimated":false},"geometry":{"type":"Polygon","coordinates":[[[55.2600165,25.2010294],[55.2601775,25.201258],[55.260214,25.201237],[55.260243,25.2012203],[55.2602503,25.2012161],[55.2602183,25.2011707],[55.2601629,25.201092],[55.2600893,25.2009875],[55.2600165,25.2010294]]]}},{"type":"Feature","id":"osm-way-1125597586","properties":{"building":"yes","building:levels":"2","height":"8","osm_type":"way","osm_id":1125597586,"height_m":8,"height_source":"osm-height","height_is_estimated":false},"geometry":{"type":"Polygon","coordinates":[[[55.2598902,25.2010711],[55.2599651,25.2010255],[55.2599385,25.2009896],[55.2598635,25.2010352],[55.2598902,25.2010711]]]}},{"type":"Feature","id":"osm-way-1125597587","properties":{"building":"yes","building:levels":"2","height":"8","osm_type":"way","osm_id":1125597587,"height_m":8,"height_source":"osm-height","height_is_estimated":false},"geometry":{"type":"Polygon","coordinates":[[[55.2597566,25.2012244],[55.260002,25.2010751],[55.2599651,25.2010255],[55.2598902,25.2010711],[55.2597197,25.2011747],[55.2597566,25.2012244]]]}},{"type":"Feature","id":"osm-way-1125597588","properties":{"building":"yes","osm_type":"way","osm_id":1125597588,"height_m":12,"height_source":"type-estimate","height_is_estimated":true},"geometry":{"type":"Polygon","coordinates":[[[55.2600795,25.1990365],[55.2601117,25.1990784],[55.2601529,25.1990524],[55.2601208,25.1990105],[55.2600795,25.1990365]]]}},{"type":"Feature","id":"osm-way-1125597589","properties":{"building":"yes","osm_type":"way","osm_id":1125597589,"height_m":12,"height_source":"type-estimate","height_is_estimated":true},"geometry":{"type":"Polygon","coordinates":[[[55.2577101,25.1986606],[55.257751,25.1986276],[55.2577346,25.198611],[55.2576937,25.198644],[55.2577101,25.1986606]]]}},{"type":"Feature","id":"osm-way-1125597590","properties":{"building":"yes","osm_type":"way","osm_id":1125597590,"height_m":12,"height_source":"type-estimate","height_is_estimated":true},"geometry":{"type":"Polygon","coordinates":[[[55.257702,25.1986834],[55.2577369,25.1987234],[55.2577552,25.1987104],[55.2577204,25.1986703],[55.257702,25.1986834]]]}},{"type":"Feature","id":"osm-way-1125597591","properties":{"building":"yes","osm_type":"way","osm_id":1125597591,"height_m":12,"height_source":"type-estimate","height_is_estimated":true},"geometry":{"type":"Polygon","coordinates":[[[55.2597911,25.1973349],[55.2598558,25.1973977],[55.2598773,25.1973796],[55.2598126,25.1973168],[55.2597911,25.1973349]]]}},{"type":"Feature","id":"osm-way-1125597592","properties":{"building":"yes","osm_type":"way","osm_id":1125597592,"height_m":12,"height_source":"type-estimate","height_is_estimated":true},"geometry":{"type":"Polygon","coordinates":[[[55.2600059,25.1972951],[55.2599798,25.1972695],[55.2598727,25.1973588],[55.2598988,25.1973843],[55.2599537,25.1973385],[55.2600059,25.1972951]]]}},{"type":"Feature","id":"osm-way-1125597593","properties":{"building":"yes","osm_type":"way","osm_id":1125597593,"height_m":12,"height_source":"type-estimate","height_is_estimated":true},"geometry":{"type":"Polygon","coordinates":[[[55.259971,25.1973802],[55.2600724,25.1974795],[55.2601372,25.1974252],[55.260113,25.1974016],[55.2601309,25.1973866],[55.26015,25.1974052],[55.2601908,25.1973711],[55.260173,25.1973537],[55.2602264,25.197309],[55.2601784,25.197262],[55.2601547,25.1972818],[55.2601122,25.1972402],[55.2600248,25.1973134],[55.2600059,25.1972951],[55.2599537,25.1973385],[55.2599847,25.1973688],[55.259971,25.1973802]]]}},{"type":"Feature","id":"osm-way-1125597594","properties":{"building":"yes","osm_type":"way","osm_id":1125597594,"height_m":12,"height_source":"type-estimate","height_is_estimated":true},"geometry":{"type":"Polygon","coordinates":[[[55.2592869,25.2001911],[55.2593352,25.2001963],[55.2593408,25.200153],[55.2592925,25.2001478],[55.2592869,25.2001911]]]}},{"type":"Feature","id":"osm-way-1125597595","properties":{"building":"yes","osm_type":"way","osm_id":1125597595,"height_m":12,"height_source":"type-estimate","height_is_estimated":true},"geometry":{"type":"Polygon","coordinates":[[[55.2591528,25.2000712],[55.2592156,25.2001628],[55.2592682,25.2001333],[55.2592054,25.2000417],[55.2591528,25.2000712]]]}},{"type":"Feature","id":"osm-way-1125597596","properties":{"building":"yes","building:levels":"2","height":"8","osm_type":"way","osm_id":1125597596,"height_m":8,"height_source":"osm-height","height_is_estimated":false},"geometry":{"type":"Polygon","coordinates":[[[55.2598949,25.2007905],[55.2599669,25.2007482],[55.2599332,25.2007014],[55.2598613,25.2007437],[55.2598949,25.2007905]]]}},{"type":"Feature","id":"osm-way-1125597597","properties":{"building":"yes","building:levels":"2","height":"8","osm_type":"way","osm_id":1125597597,"height_m":8,"height_source":"osm-height","height_is_estimated":false},"geometry":{"type":"Polygon","coordinates":[[[55.2598552,25.2008139],[55.2598756,25.2008423],[55.2599087,25.2008228],[55.2599231,25.2008429],[55.2600017,25.2007966],[55.2599669,25.2007482],[55.2598949,25.2007905],[55.2598552,25.2008139]]]}},{"type":"Feature","id":"osm-way-1125597598","properties":{"building":"yes","building:levels":"2","height":"8","osm_type":"way","osm_id":1125597598,"height_m":8,"height_source":"osm-height","height_is_estimated":false},"geometry":{"type":"Polygon","coordinates":[[[55.2596074,25.2010001],[55.2597323,25.2009266],[55.2597621,25.200909],[55.2598756,25.2008423],[55.2598552,25.2008139],[55.2598509,25.200808],[55.2595827,25.2009658],[55.2596074,25.2010001]]]}},{"type":"Feature","id":"osm-way-1125597599","properties":{"building":"yes","osm_type":"way","osm_id":1125597599,"height_m":12,"height_source":"type-estimate","height_is_estimated":true},"geometry":{"type":"Polygon","coordinates":[[[55.2595239,25.2009837],[55.2595477,25.2010167],[55.2595904,25.2009915],[55.2595666,25.2009585],[55.2595239,25.2009837]]]}},{"type":"Feature","id":"osm-way-1125597600","properties":{"building":"yes","building:levels":"2","height":"8","osm_type":"way","osm_id":1125597600,"height_m":8,"height_source":"osm-height","height_is_estimated":false},"geometry":{"type":"Polygon","coordinates":[[[55.2594555,25.2010078],[55.2595185,25.2010952],[55.2595787,25.2010596],[55.2595477,25.2010167],[55.2595239,25.2009837],[55.2595157,25.2009723],[55.2594555,25.2010078]]]}},{"type":"Feature","id":"osm-way-1125597601","properties":{"building":"yes","building:levels":"2","height":"8","osm_type":"way","osm_id":1125597601,"height_m":8,"height_source":"osm-height","height_is_estimated":false},"geometry":{"type":"Polygon","coordinates":[[[55.2594267,25.2005782],[55.2595114,25.2007],[55.2595448,25.2007052],[55.259558,25.2006807],[55.2594733,25.2005517],[55.2594267,25.2005782]]]}},{"type":"Feature","id":"osm-way-1125597602","properties":{"building":"yes","osm_type":"way","osm_id":1125597602,"height_m":12,"height_source":"type-estimate","height_is_estimated":true},"geometry":{"type":"Polygon","coordinates":[[[55.2593992,25.198778],[55.2594481,25.1988436],[55.2595178,25.198801],[55.2594688,25.1987354],[55.2593992,25.198778]]]}},{"type":"Feature","id":"osm-way-1125598908","properties":{"building":"yes","osm_type":"way","osm_id":1125598908,"height_m":12,"height_source":"type-estimate","height_is_estimated":true},"geometry":{"type":"Polygon","coordinates":[[[55.2600329,25.2001936],[55.2600572,25.2002277],[55.2601533,25.2001715],[55.260129,25.2001374],[55.2600329,25.2001936]]]}},{"type":"Feature","id":"osm-way-1125598909","properties":{"building":"yes","osm_type":"way","osm_id":1125598909,"height_m":12,"height_source":"type-estimate","height_is_estimated":true},"geometry":{"type":"Polygon","coordinates":[[[55.2599091,25.2002659],[55.2599483,25.2003208],[55.260072,25.2002484],[55.2600572,25.2002277],[55.2600329,25.2001936],[55.2599091,25.2002659]]]}},{"type":"Feature","id":"osm-way-1125598910","properties":{"building":"yes","osm_type":"way","osm_id":1125598910,"height_m":12,"height_source":"type-estimate","height_is_estimated":true},"geometry":{"type":"Polygon","coordinates":[[[55.2610098,25.2001833],[55.2609848,25.2001991],[55.2610162,25.2002396],[55.2610412,25.2002237],[55.2610166,25.200192],[55.2610098,25.2001833]]]}},{"type":"Feature","id":"osm-way-1125598911","properties":{"building":"yes","osm_type":"way","osm_id":1125598911,"height_m":12,"height_source":"type-estimate","height_is_estimated":true},"geometry":{"type":"Polygon","coordinates":[[[55.2610412,25.2002237],[55.2611415,25.2001599],[55.2611169,25.2001283],[55.2610166,25.200192],[55.2610412,25.2002237]]]}},{"type":"Feature","id":"osm-way-1125598912","properties":{"building":"yes","osm_type":"way","osm_id":1125598912,"height_m":12,"height_source":"type-estimate","height_is_estimated":true},"geometry":{"type":"Polygon","coordinates":[[[55.2603111,25.2001923],[55.2603393,25.2002269],[55.260379,25.2002004],[55.2603509,25.2001659],[55.2603111,25.2001923]]]}},{"type":"Feature","id":"osm-way-1125598913","properties":{"building":"yes","osm_type":"way","osm_id":1125598913,"height_m":12,"height_source":"type-estimate","height_is_estimated":true},"geometry":{"type":"Polygon","coordinates":[[[55.2607933,25.2003194],[55.2607987,25.2003269],[55.2608351,25.2003769],[55.2609665,25.2002986],[55.2609246,25.2002411],[55.2607933,25.2003194]]]}},{"type":"Feature","id":"osm-way-1125598914","properties":{"building":"yes","osm_type":"way","osm_id":1125598914,"height_m":12,"height_source":"type-estimate","height_is_estimated":true},"geometry":{"type":"Polygon","coordinates":[[[55.2606644,25.2004069],[55.2607009,25.200457],[55.2608351,25.2003769],[55.2607987,25.2003269],[55.2607034,25.2003837],[55.2606644,25.2004069]]]}},{"type":"Feature","id":"osm-way-1125598915","properties":{"building":"yes","osm_type":"way","osm_id":1125598915,"height_m":12,"height_source":"type-estimate","height_is_estimated":true},"geometry":{"type":"Polygon","coordinates":[[[55.2605928,25.2003086],[55.2606136,25.2003372],[55.2606644,25.2004069],[55.2607034,25.2003837],[55.2606317,25.2002854],[55.2605928,25.2003086]]]}},{"type":"Feature","id":"osm-way-1125598916","properties":{"building":"yes","osm_type":"way","osm_id":1125598916,"height_m":12,"height_source":"type-estimate","height_is_estimated":true},"geometry":{"type":"Polygon","coordinates":[[[55.2605779,25.2003721],[55.2606178,25.2004268],[55.2606485,25.2004085],[55.2606086,25.2003538],[55.2605779,25.2003721]]]}},{"type":"Feature","id":"osm-way-1125598917","properties":{"building":"yes","osm_type":"way","osm_id":1125598917,"height_m":12,"height_source":"type-estimate","height_is_estimated":true},"geometry":{"type":"Polygon","coordinates":[[[55.260544,25.2000978],[55.2605695,25.2001293],[55.2606798,25.200056],[55.2606543,25.2000246],[55.260544,25.2000978]]]}},{"type":"Feature","id":"osm-way-1125598918","properties":{"building":"yes","osm_type":"way","osm_id":1125598918,"height_m":12,"height_source":"type-estimate","height_is_estimated":true},"geometry":{"type":"Polygon","coordinates":[[[55.2605513,25.2002002],[55.2605802,25.200181],[55.2605735,25.2001727],[55.2605938,25.2001592],[55.2605695,25.2001293],[55.260544,25.2000978],[55.2604948,25.2001305],[55.2605513,25.2002002]]]}},{"type":"Feature","id":"osm-way-1125598919","properties":{"building":"yes","osm_type":"way","osm_id":1125598919,"height_m":12,"height_source":"type-estimate","height_is_estimated":true},"geometry":{"type":"Polygon","coordinates":[[[55.2604253,25.2001676],[55.2604566,25.2002105],[55.2604713,25.2002018],[55.2604856,25.2002214],[55.2605131,25.200205],[55.2604675,25.2001424],[55.2604253,25.2001676]]]}},{"type":"Feature","id":"osm-way-1125598920","properties":{"building":"yes","osm_type":"way","osm_id":1125598920,"height_m":12,"height_source":"type-estimate","height_is_estimated":true},"geometry":{"type":"Polygon","coordinates":[[[55.2609389,25.2001361],[55.2609795,25.2001872],[55.2610552,25.2001379],[55.2610137,25.2000859],[55.2609958,25.2000976],[55.2609736,25.2000697],[55.26094,25.2000916],[55.260963,25.2001204],[55.2609389,25.2001361]]]}},{"type":"Feature","id":"osm-way-1125598921","properties":{"building":"yes","osm_type":"way","osm_id":1125598921,"height_m":12,"height_source":"type-estimate","height_is_estimated":true},"geometry":{"type":"Polygon","coordinates":[[[55.2607664,25.1998053],[55.2608027,25.1998502],[55.260852,25.1998176],[55.2608158,25.1997727],[55.2607664,25.1998053]]]}},{"type":"Feature","id":"osm-way-1125598922","properties":{"building":"yes","building:levels":"2","height":"8","osm_type":"way","osm_id":1125598922,"height_m":8,"height_source":"osm-height","height_is_estimated":false},"geometry":{"type":"Polygon","coordinates":[[[55.26005,25.2009338],[55.2600744,25.2009556],[55.2600991,25.200933],[55.2600746,25.2009111],[55.26005,25.2009338]]]}},{"type":"Feature","id":"osm-way-1125598923","properties":{"building":"yes","building:levels":"2","height":"8","osm_type":"way","osm_id":1125598923,"height_m":8,"height_source":"osm-height","height_is_estimated":false},"geometry":{"type":"Polygon","coordinates":[[[55.260214,25.201237],[55.2602686,25.2013146],[55.2602976,25.2012979],[55.260243,25.2012203],[55.260214,25.201237]]]}},{"type":"Feature","id":"osm-way-1125598924","properties":{"building":"yes","building:levels":"2","height":"8","osm_type":"way","osm_id":1125598924,"height_m":8,"height_source":"osm-height","height_is_estimated":false},"geometry":{"type":"Polygon","coordinates":[[[55.2602721,25.2009572],[55.2603081,25.2010083],[55.2602931,25.2010169],[55.2602649,25.2010332],[55.260287,25.2010646],[55.260366,25.2010191],[55.2603079,25.2009366],[55.2602721,25.2009572]]]}},{"type":"Feature","id":"osm-way-1125604430","properties":{"building":"yes","osm_type":"way","osm_id":1125604430,"height_m":12,"height_source":"type-estimate","height_is_estimated":true},"geometry":{"type":"Polygon","coordinates":[[[55.2600271,25.19722],[55.2600646,25.1972558],[55.2600949,25.1972299],[55.2600574,25.197194],[55.2600271,25.19722]]]}},{"type":"Feature","id":"osm-way-1125604431","properties":{"building":"yes","osm_type":"way","osm_id":1125604431,"height_m":12,"height_source":"type-estimate","height_is_estimated":true},"geometry":{"type":"Polygon","coordinates":[[[55.2614302,25.2003298],[55.2615011,25.2004304],[55.2615285,25.2004146],[55.2614576,25.200314],[55.2614302,25.2003298]]]}},{"type":"Feature","id":"osm-way-1125604432","properties":{"building":"yes","osm_type":"way","osm_id":1125604432,"height_m":12,"height_source":"type-estimate","height_is_estimated":true},"geometry":{"type":"Polygon","coordinates":[[[55.2615007,25.200459],[55.2615981,25.2005936],[55.2616382,25.2005698],[55.2615409,25.2004353],[55.2615007,25.200459]]]}},{"type":"Feature","id":"osm-way-1125604433","properties":{"building":"yes","osm_type":"way","osm_id":1125604433,"height_m":12,"height_source":"type-estimate","height_is_estimated":true},"geometry":{"type":"Polygon","coordinates":[[[55.2616241,25.2006347],[55.2616858,25.200716],[55.2617205,25.2006944],[55.2616588,25.2006131],[55.2616241,25.2006347]]]}},{"type":"Feature","id":"osm-way-1125604434","properties":{"building":"yes","osm_type":"way","osm_id":1125604434,"height_m":12,"height_source":"type-estimate","height_is_estimated":true},"geometry":{"type":"Polygon","coordinates":[[[55.2611859,25.2006933],[55.261216,25.2007356],[55.2612202,25.2007414],[55.2613306,25.200677],[55.2612963,25.2006289],[55.2611859,25.2006933]]]}},{"type":"Feature","id":"osm-way-1125604435","properties":{"building":"yes","osm_type":"way","osm_id":1125604435,"height_m":12,"height_source":"type-estimate","height_is_estimated":true},"geometry":{"type":"Polygon","coordinates":[[[55.2611171,25.2007933],[55.2611712,25.2007618],[55.261216,25.2007356],[55.2611859,25.2006933],[55.2611372,25.200625],[55.2611,25.2006467],[55.2611292,25.2006877],[55.2610859,25.200713],[55.2611015,25.200735],[55.2610832,25.2007457],[55.2611171,25.2007933]]]}},{"type":"Feature","id":"osm-way-1125604436","properties":{"building":"yes","osm_type":"way","osm_id":1125604436,"height_m":12,"height_source":"type-estimate","height_is_estimated":true},"geometry":{"type":"Polygon","coordinates":[[[55.2611712,25.2007618],[55.2612385,25.2008562],[55.2613031,25.2009468],[55.2613479,25.2009206],[55.2612202,25.2007414],[55.261216,25.2007356],[55.2611712,25.2007618]]]}},{"type":"Feature","id":"osm-way-1125604437","properties":{"building":"yes","osm_type":"way","osm_id":1125604437,"height_m":12,"height_source":"type-estimate","height_is_estimated":true},"geometry":{"type":"Polygon","coordinates":[[[55.2608081,25.2009062],[55.2609728,25.2011374],[55.2610365,25.2011003],[55.2609061,25.2009173],[55.260972,25.2008788],[55.2609376,25.2008306],[55.2608081,25.2009062]]]}},{"type":"Feature","id":"osm-way-1125604438","properties":{"building":"yes","osm_type":"way","osm_id":1125604438,"height_m":12,"height_source":"type-estimate","height_is_estimated":true},"geometry":{"type":"Polygon","coordinates":[[[55.2623664,25.1975998],[55.2624536,25.1976871],[55.2624897,25.1976576],[55.2624025,25.1975702],[55.2623664,25.1975998]]]}},{"type":"Feature","id":"osm-way-1125604439","properties":{"building":"yes","osm_type":"way","osm_id":1125604439,"height_m":12,"height_source":"type-estimate","height_is_estimated":true},"geometry":{"type":"Polygon","coordinates":[[[55.2594408,25.1967734],[55.2594817,25.196814],[55.2595324,25.1967722],[55.2594915,25.1967315],[55.2594408,25.1967734]]]}},{"type":"Feature","id":"osm-way-1125604440","properties":{"building":"yes","osm_type":"way","osm_id":1125604440,"height_m":12,"height_source":"type-estimate","height_is_estimated":true},"geometry":{"type":"Polygon","coordinates":[[[55.2579246,25.2005667],[55.2579676,25.2006237],[55.2579944,25.2006072],[55.2579515,25.2005502],[55.2579246,25.2005667]]]}},{"type":"Feature","id":"osm-way-1125604441","properties":{"building":"yes","osm_type":"way","osm_id":1125604441,"height_m":12,"height_source":"type-estimate","height_is_estimated":true},"geometry":{"type":"Polygon","coordinates":[[[55.2641179,25.201114],[55.2642151,25.2010606],[55.2641684,25.200991],[55.2640712,25.2010444],[55.2641179,25.201114]]]}},{"type":"Feature","id":"osm-way-1125604442","properties":{"building":"yes","osm_type":"way","osm_id":1125604442,"height_m":12,"height_source":"type-estimate","height_is_estimated":true},"geometry":{"type":"Polygon","coordinates":[[[55.2631647,25.1981546],[55.2631992,25.1981531],[55.2631972,25.1981162],[55.2631627,25.1981177],[55.2631647,25.1981546]]]}},{"type":"Feature","id":"osm-way-1125604443","properties":{"building":"yes","osm_type":"way","osm_id":1125604443,"height_m":12,"height_source":"type-estimate","height_is_estimated":true},"geometry":{"type":"Polygon","coordinates":[[[55.2631311,25.1981558],[55.2631506,25.1981554],[55.2631499,25.1981296],[55.2631304,25.1981301],[55.2631311,25.1981558]]]}},{"type":"Feature","id":"osm-way-1125604444","properties":{"building":"yes","osm_type":"way","osm_id":1125604444,"height_m":12,"height_source":"type-estimate","height_is_estimated":true},"geometry":{"type":"Polygon","coordinates":[[[55.2630581,25.1982244],[55.2631271,25.1981637],[55.2630932,25.1981321],[55.2630241,25.1981927],[55.2630581,25.1982244]]]}},{"type":"Feature","id":"osm-way-1125604445","properties":{"building":"yes","osm_type":"way","osm_id":1125604445,"height_m":12,"height_source":"type-estimate","height_is_estimated":true},"geometry":{"type":"Polygon","coordinates":[[[55.2629733,25.1982612],[55.2629786,25.1982671],[55.2630346,25.1983288],[55.2630604,25.1983096],[55.2629991,25.198242],[55.2629733,25.1982612]]]}},{"type":"Feature","id":"osm-way-1125604446","properties":{"building":"yes","osm_type":"way","osm_id":1125604446,"height_m":12,"height_source":"type-estimate","height_is_estimated":true},"geometry":{"type":"Polygon","coordinates":[[[55.2629432,25.198296],[55.2629582,25.1982838],[55.2629786,25.1982671],[55.2629733,25.1982612],[55.2629513,25.1982392],[55.2629156,25.1982683],[55.2629432,25.198296]]]}},{"type":"Feature","id":"osm-way-1125604447","properties":{"building":"yes","osm_type":"way","osm_id":1125604447,"height_m":12,"height_source":"type-estimate","height_is_estimated":true},"geometry":{"type":"Polygon","coordinates":[[[55.2629411,25.1986406],[55.2629624,25.1986624],[55.2629942,25.1986369],[55.2629729,25.1986151],[55.2629493,25.198634],[55.2629411,25.1986406]]]}},{"type":"Feature","id":"osm-way-1125604448","properties":{"building":"yes","osm_type":"way","osm_id":1125604448,"height_m":12,"height_source":"type-estimate","height_is_estimated":true},"geometry":{"type":"Polygon","coordinates":[[[55.2628914,25.1985748],[55.2629493,25.198634],[55.2629729,25.1986151],[55.2629429,25.1985845],[55.2629723,25.1985609],[55.2629569,25.1985452],[55.2629716,25.1985334],[55.2629591,25.1985206],[55.2628914,25.1985748]]]}},{"type":"Feature","id":"osm-way-1125604449","properties":{"building":"yes","osm_type":"way","osm_id":1125604449,"height_m":12,"height_source":"type-estimate","height_is_estimated":true},"geometry":{"type":"Polygon","coordinates":[[[55.2630899,25.1986352],[55.2630132,25.1986969],[55.2630341,25.198718],[55.2631107,25.1986564],[55.2630899,25.1986352]]]}},{"type":"Feature","id":"osm-way-1125604450","properties":{"building":"yes","osm_type":"way","osm_id":1125604450,"height_m":12,"height_source":"type-estimate","height_is_estimated":true},"geometry":{"type":"Polygon","coordinates":[[[55.2630839,25.1986291],[55.2630899,25.1986352],[55.2631107,25.1986564],[55.2631512,25.1986238],[55.2631244,25.1985965],[55.2630839,25.1986291]]]}},{"type":"Feature","id":"osm-way-1125604451","properties":{"building":"yes","osm_type":"way","osm_id":1125604451,"height_m":12,"height_source":"type-estimate","height_is_estimated":true},"geometry":{"type":"Polygon","coordinates":[[[55.2633784,25.1991168],[55.2633947,25.1991347],[55.2634217,25.1991146],[55.2634054,25.1990967],[55.2633784,25.1991168]]]}},{"type":"Feature","id":"osm-way-1125604452","properties":{"building":"yes","osm_type":"way","osm_id":1125604452,"height_m":12,"height_source":"type-estimate","height_is_estimated":true},"geometry":{"type":"Polygon","coordinates":[[[55.2632632,25.1989335],[55.2632805,25.1989529],[55.2633081,25.1989329],[55.2632908,25.1989135],[55.2632632,25.1989335]]]}},{"type":"Feature","id":"osm-way-1125604453","properties":{"building":"yes","osm_type":"way","osm_id":1125604453,"height_m":12,"height_source":"type-estimate","height_is_estimated":true},"geometry":{"type":"Polygon","coordinates":[[[55.2636248,25.198754],[55.2637004,25.1988357],[55.2637241,25.1988177],[55.2636485,25.198736],[55.2636248,25.198754]]]}},{"type":"Feature","id":"osm-way-1125604454","properties":{"building":"yes","osm_type":"way","osm_id":1125604454,"height_m":12,"height_source":"type-estimate","height_is_estimated":true},"geometry":{"type":"Polygon","coordinates":[[[55.2634723,25.1988625],[55.263435,25.1988908],[55.2635165,25.1989789],[55.2635538,25.1989506],[55.2634723,25.1988625]]]}},{"type":"Feature","id":"osm-way-1125604455","properties":{"building":"yes","osm_type":"way","osm_id":1125604455,"height_m":12,"height_source":"type-estimate","height_is_estimated":true},"geometry":{"type":"Polygon","coordinates":[[[55.2634487,25.1988369],[55.2634723,25.1988625],[55.2635538,25.1989506],[55.2635761,25.1989746],[55.2637247,25.198862],[55.2637004,25.1988357],[55.2636248,25.198754],[55.2635973,25.1987243],[55.2634487,25.1988369]]]}},{"type":"Feature","id":"osm-way-1125610077","properties":{"building":"yes","building:levels":"1","height":"4","osm_type":"way","osm_id":1125610077,"height_m":4,"height_source":"osm-height","height_is_estimated":false},"geometry":{"type":"Polygon","coordinates":[[[55.2574584,25.2016012],[55.2574837,25.2016208],[55.2575073,25.2015958],[55.257482,25.2015763],[55.2574584,25.2016012]]]}},{"type":"Feature","id":"osm-way-1125790355","properties":{"building":"yes","osm_type":"way","osm_id":1125790355,"height_m":12,"height_source":"type-estimate","height_is_estimated":true},"geometry":{"type":"Polygon","coordinates":[[[55.2603846,25.196654],[55.2604019,25.1966729],[55.2604421,25.1966428],[55.2604247,25.1966239],[55.2603846,25.196654]]]}},{"type":"Feature","id":"osm-way-1125790356","properties":{"building":"yes","osm_type":"way","osm_id":1125790356,"height_m":12,"height_source":"type-estimate","height_is_estimated":true},"geometry":{"type":"Polygon","coordinates":[[[55.2603605,25.1967077],[55.2604063,25.1967551],[55.2604231,25.1967422],[55.2603771,25.1966946],[55.2603605,25.1967077]]]}},{"type":"Feature","id":"osm-way-1125790357","properties":{"building":"yes","osm_type":"way","osm_id":1125790357,"height_m":12,"height_source":"type-estimate","height_is_estimated":true},"geometry":{"type":"Polygon","coordinates":[[[55.2603204,25.1967507],[55.2604067,25.1968432],[55.260516,25.1967597],[55.2604678,25.1967081],[55.2604434,25.1967267],[55.2604231,25.1967422],[55.2604063,25.1967551],[55.2603892,25.1967681],[55.2603511,25.1967272],[55.2603204,25.1967507]]]}},{"type":"Feature","id":"osm-way-1125790358","properties":{"building":"yes","osm_type":"way","osm_id":1125790358,"height_m":12,"height_source":"type-estimate","height_is_estimated":true},"geometry":{"type":"Polygon","coordinates":[[[55.2605642,25.196767],[55.2606006,25.1968062],[55.2606317,25.1967825],[55.2606471,25.1967709],[55.2606111,25.1967317],[55.2605642,25.196767]]]}},{"type":"Feature","id":"osm-way-1125790359","properties":{"building":"yes","osm_type":"way","osm_id":1125790359,"height_m":12,"height_source":"type-estimate","height_is_estimated":true},"geometry":{"type":"Polygon","coordinates":[[[55.2604264,25.1968719],[55.2604629,25.1969111],[55.2606006,25.1968062],[55.2605642,25.196767],[55.2604264,25.1968719]]]}},{"type":"Feature","id":"osm-way-1125790360","properties":{"building":"yes","osm_type":"way","osm_id":1125790360,"height_m":12,"height_source":"type-estimate","height_is_estimated":true},"geometry":{"type":"Polygon","coordinates":[[[55.2608755,25.196755],[55.260912,25.1967921],[55.2609555,25.1967571],[55.2609191,25.19672],[55.2608755,25.196755]]]}},{"type":"Feature","id":"osm-way-1125790361","properties":{"building":"yes","osm_type":"way","osm_id":1125790361,"height_m":12,"height_source":"type-estimate","height_is_estimated":true},"geometry":{"type":"Polygon","coordinates":[[[55.2606317,25.1967825],[55.2607393,25.1968942],[55.2608815,25.196782],[55.260774,25.1966704],[55.2606471,25.1967709],[55.2606317,25.1967825]]]}},{"type":"Feature","id":"osm-way-1125790362","properties":{"building":"yes","osm_type":"way","osm_id":1125790362,"height_m":12,"height_source":"type-estimate","height_is_estimated":true},"geometry":{"type":"Polygon","coordinates":[[[55.2610136,25.1972302],[55.2610428,25.1972615],[55.261167,25.1971668],[55.2611385,25.1971351],[55.2610136,25.1972302]]]}},{"type":"Feature","id":"osm-way-1125790363","properties":{"building":"yes","osm_type":"way","osm_id":1125790363,"height_m":12,"height_source":"type-estimate","height_is_estimated":true},"geometry":{"type":"Polygon","coordinates":[[[55.2611303,25.1971261],[55.2611385,25.1971351],[55.261167,25.1971668],[55.2612431,25.1971107],[55.2612064,25.1970699],[55.2611303,25.1971261]]]}},{"type":"Feature","id":"osm-way-1125790364","properties":{"building":"yes","osm_type":"way","osm_id":1125790364,"height_m":12,"height_source":"type-estimate","height_is_estimated":true},"geometry":{"type":"Polygon","coordinates":[[[55.2607128,25.1969819],[55.2607847,25.1970597],[55.2608095,25.1970409],[55.2607376,25.1969631],[55.2607128,25.1969819]]]}},{"type":"Feature","id":"osm-way-1125790365","properties":{"building":"yes","osm_type":"way","osm_id":1125790365,"height_m":12,"height_source":"type-estimate","height_is_estimated":true},"geometry":{"type":"Polygon","coordinates":[[[55.2607938,25.1970709],[55.2608189,25.1970973],[55.2608492,25.1970738],[55.2608241,25.1970473],[55.2607938,25.1970709]]]}},{"type":"Feature","id":"osm-way-1125790366","properties":{"building":"yes","osm_type":"way","osm_id":1125790366,"height_m":12,"height_source":"type-estimate","height_is_estimated":true},"geometry":{"type":"Polygon","coordinates":[[[55.2608243,25.1971174],[55.2608737,25.197171],[55.26091,25.1971437],[55.2608606,25.19709],[55.2608243,25.1971174]]]}},{"type":"Feature","id":"osm-way-1125790367","properties":{"building":"yes","osm_type":"way","osm_id":1125790367,"height_m":12,"height_source":"type-estimate","height_is_estimated":true},"geometry":{"type":"Polygon","coordinates":[[[55.2606819,25.1971729],[55.2607001,25.1971929],[55.2607281,25.197172],[55.2607099,25.197152],[55.2606819,25.1971729]]]}},{"type":"Feature","id":"osm-way-1125790368","properties":{"building":"yes","osm_type":"way","osm_id":1125790368,"height_m":12,"height_source":"type-estimate","height_is_estimated":true},"geometry":{"type":"Polygon","coordinates":[[[55.2607426,25.1971281],[55.260792,25.1971785],[55.2608232,25.1971534],[55.2607738,25.1971031],[55.2607426,25.1971281]]]}},{"type":"Feature","id":"osm-way-1125790369","properties":{"building":"yes","osm_type":"way","osm_id":1125790369,"height_m":12,"height_source":"type-estimate","height_is_estimated":true},"geometry":{"type":"Polygon","coordinates":[[[55.2605676,25.197049],[55.260668,25.1971568],[55.2607645,25.1970833],[55.2606641,25.1969755],[55.2605676,25.197049]]]}},{"type":"Feature","id":"osm-way-1125790370","properties":{"building":"yes","osm_type":"way","osm_id":1125790370,"height_m":12,"height_source":"type-estimate","height_is_estimated":true},"geometry":{"type":"Polygon","coordinates":[[[55.2605405,25.1971603],[55.2605722,25.1971933],[55.2605895,25.1971797],[55.2605578,25.1971467],[55.2605405,25.1971603]]]}},{"type":"Feature","id":"osm-way-1125790371","properties":{"building":"yes","osm_type":"way","osm_id":1125790371,"height_m":12,"height_source":"type-estimate","height_is_estimated":true},"geometry":{"type":"Polygon","coordinates":[[[55.2604958,25.1971106],[55.26053,25.1971469],[55.2605797,25.1971086],[55.2605456,25.1970723],[55.2604958,25.1971106]]]}},{"type":"Feature","id":"osm-way-1125790372","properties":{"building":"yes","osm_type":"way","osm_id":1125790372,"height_m":12,"height_source":"type-estimate","height_is_estimated":true},"geometry":{"type":"Polygon","coordinates":[[[55.2606969,25.1972986],[55.2607701,25.1973736],[55.2608284,25.197327],[55.2607553,25.197252],[55.2606969,25.1972986]]]}},{"type":"Feature","id":"osm-way-1125790373","properties":{"building":"yes","osm_type":"way","osm_id":1125790373,"height_m":12,"height_source":"type-estimate","height_is_estimated":true},"geometry":{"type":"Polygon","coordinates":[[[55.2598039,25.1977926],[55.2598165,25.1978055],[55.2598568,25.197773],[55.2598442,25.1977602],[55.2598039,25.1977926]]]}},{"type":"Feature","id":"osm-way-1125790374","properties":{"building":"yes","osm_type":"way","osm_id":1125790374,"height_m":12,"height_source":"type-estimate","height_is_estimated":true},"geometry":{"type":"Polygon","coordinates":[[[55.258105,25.1966814],[55.2581882,25.1967706],[55.2582171,25.1967485],[55.258134,25.1966593],[55.258105,25.1966814]]]}},{"type":"Feature","id":"osm-way-1125790375","properties":{"building":"yes","osm_type":"way","osm_id":1125790375,"height_m":12,"height_source":"type-estimate","height_is_estimated":true},"geometry":{"type":"Polygon","coordinates":[[[55.2583283,25.1965998],[55.258453,25.1967394],[55.2586394,25.196603],[55.2585147,25.1964635],[55.2583283,25.1965998]]]}},{"type":"Feature","id":"osm-way-1125793441","properties":{"building":"yes","osm_type":"way","osm_id":1125793441,"height_m":12,"height_source":"type-estimate","height_is_estimated":true},"geometry":{"type":"Polygon","coordinates":[[[55.261947,25.196878],[55.2619856,25.196918],[55.2620544,25.1968634],[55.2620157,25.1968235],[55.261947,25.196878]]]}},{"type":"Feature","id":"osm-way-1125793442","properties":{"building":"yes","osm_type":"way","osm_id":1125793442,"height_m":12,"height_source":"type-estimate","height_is_estimated":true},"geometry":{"type":"Polygon","coordinates":[[[55.2619044,25.196834],[55.261947,25.196878],[55.2620157,25.1968235],[55.2619732,25.1967795],[55.2619044,25.196834]]]}},{"type":"Feature","id":"osm-way-1125793443","properties":{"building":"yes","osm_type":"way","osm_id":1125793443,"height_m":12,"height_source":"type-estimate","height_is_estimated":true},"geometry":{"type":"Polygon","coordinates":[[[55.2617671,25.1969343],[55.2618014,25.1969712],[55.2618353,25.1969453],[55.2618009,25.1969085],[55.2617671,25.1969343]]]}},{"type":"Feature","id":"osm-way-1125793444","properties":{"building":"yes","osm_type":"way","osm_id":1125793444,"height_m":12,"height_source":"type-estimate","height_is_estimated":true},"geometry":{"type":"Polygon","coordinates":[[[55.2616708,25.1968989],[55.2616982,25.1969287],[55.2617249,25.1969086],[55.2616975,25.1968788],[55.2616708,25.1968989]]]}},{"type":"Feature","id":"osm-way-1125793445","properties":{"building":"yes","osm_type":"way","osm_id":1125793445,"height_m":12,"height_source":"type-estimate","height_is_estimated":true},"geometry":{"type":"Polygon","coordinates":[[[55.2616934,25.1969508],[55.2617316,25.1969925],[55.2617711,25.1969628],[55.261733,25.1969212],[55.2616934,25.1969508]]]}},{"type":"Feature","id":"osm-way-1125793446","properties":{"building":"yes","osm_type":"way","osm_id":1125793446,"height_m":12,"height_source":"type-estimate","height_is_estimated":true},"geometry":{"type":"Polygon","coordinates":[[[55.2615697,25.1971448],[55.2616162,25.1971967],[55.261844,25.1970297],[55.261798,25.1969784],[55.2617651,25.1970024],[55.2617507,25.1969863],[55.2617081,25.1970175],[55.2616996,25.197008],[55.2616318,25.1970577],[55.2616425,25.1970696],[55.2615926,25.1971061],[55.2616045,25.1971193],[55.2615697,25.1971448]]]}},{"type":"Feature","id":"osm-way-1125793447","properties":{"building":"yes","osm_type":"way","osm_id":1125793447,"height_m":12,"height_source":"type-estimate","height_is_estimated":true},"geometry":{"type":"Polygon","coordinates":[[[55.2617168,25.196581],[55.261743,25.196609],[55.2617494,25.196616],[55.261805,25.196574],[55.2617725,25.1965389],[55.2617168,25.196581]]]}},{"type":"Feature","id":"osm-way-1125793448","properties":{"building":"yes","osm_type":"way","osm_id":1125793448,"height_m":12,"height_source":"type-estimate","height_is_estimated":true},"geometry":{"type":"Polygon","coordinates":[[[55.2615355,25.196713],[55.2615653,25.1967449],[55.2616471,25.1966815],[55.2616901,25.1966504],[55.261743,25.196609],[55.2617168,25.196581],[55.2617132,25.1965771],[55.2615355,25.196713]]]}},{"type":"Feature","id":"osm-way-1125793449","properties":{"building":"yes","osm_type":"way","osm_id":1125793449,"height_m":12,"height_source":"type-estimate","height_is_estimated":true},"geometry":{"type":"Polygon","coordinates":[[[55.2614037,25.1968148],[55.2614335,25.1968462],[55.2615427,25.1967615],[55.2615653,25.1967449],[55.2615355,25.196713],[55.2614037,25.1968148]]]}},{"type":"Feature","id":"osm-way-1125793450","properties":{"building":"yes","osm_type":"way","osm_id":1125793450,"height_m":12,"height_source":"type-estimate","height_is_estimated":true},"geometry":{"type":"Polygon","coordinates":[[[55.2613093,25.1968889],[55.2613395,25.1969201],[55.2614335,25.1968462],[55.2614037,25.1968148],[55.2613093,25.1968889]]]}},{"type":"Feature","id":"osm-way-1125793451","properties":{"building":"yes","osm_type":"way","osm_id":1125793451,"height_m":12,"height_source":"type-estimate","height_is_estimated":true},"geometry":{"type":"Polygon","coordinates":[[[55.2613631,25.1963656],[55.2614661,25.1962878],[55.2614812,25.1962763],[55.2614214,25.1962115],[55.2613033,25.1963008],[55.2613631,25.1963656]]]}},{"type":"Feature","id":"osm-way-1125793452","properties":{"building":"yes","osm_type":"way","osm_id":1125793452,"height_m":12,"height_source":"type-estimate","height_is_estimated":true},"geometry":{"type":"Polygon","coordinates":[[[55.2614017,25.1964396],[55.2615106,25.1963587],[55.2615224,25.1963499],[55.2614661,25.1962878],[55.2613631,25.1963656],[55.2613456,25.1963778],[55.2614017,25.1964396]]]}},{"type":"Feature","id":"osm-way-1125793453","properties":{"building":"yes","osm_type":"way","osm_id":1125793453,"height_m":12,"height_source":"type-estimate","height_is_estimated":true},"geometry":{"type":"Polygon","coordinates":[[[55.2614443,25.1965111],[55.2615531,25.1964286],[55.2615662,25.1964187],[55.2615106,25.1963587],[55.2614017,25.1964396],[55.2613884,25.1964507],[55.2614443,25.1965111]]]}},{"type":"Feature","id":"osm-way-1125793454","properties":{"building":"yes","osm_type":"way","osm_id":1125793454,"height_m":12,"height_source":"type-estimate","height_is_estimated":true},"geometry":{"type":"Polygon","coordinates":[[[55.2614319,25.1965208],[55.2614885,25.1965818],[55.2616098,25.1964897],[55.2615531,25.1964286],[55.2614443,25.1965111],[55.2614319,25.1965208]]]}},{"type":"Feature","id":"osm-way-1125793455","properties":{"building":"yes","osm_type":"way","osm_id":1125793455,"height_m":12,"height_source":"type-estimate","height_is_estimated":true},"geometry":{"type":"Polygon","coordinates":[[[55.2614303,25.1966405],[55.2614551,25.1966666],[55.2615105,25.1966234],[55.2614857,25.1965973],[55.2614303,25.1966405]]]}},{"type":"Feature","id":"osm-way-1125793456","properties":{"building":"yes","osm_type":"way","osm_id":1125793456,"height_m":12,"height_source":"type-estimate","height_is_estimated":true},"geometry":{"type":"Polygon","coordinates":[[[55.2612419,25.1966801],[55.2612976,25.1967407],[55.2614093,25.1966565],[55.2613536,25.196596],[55.2613381,25.1966076],[55.2612419,25.1966801]]]}},{"type":"Feature","id":"osm-way-1125793457","properties":{"building":"yes","osm_type":"way","osm_id":1125793457,"height_m":12,"height_source":"type-estimate","height_is_estimated":true},"geometry":{"type":"Polygon","coordinates":[[[55.2611722,25.1966292],[55.2612269,25.1966899],[55.2612419,25.1966801],[55.2613381,25.1966076],[55.2612835,25.196547],[55.2612694,25.1965574],[55.2611722,25.1966292]]]}},{"type":"Feature","id":"osm-way-1125793458","properties":{"building":"yes","osm_type":"way","osm_id":1125793458,"height_m":12,"height_source":"type-estimate","height_is_estimated":true},"geometry":{"type":"Polygon","coordinates":[[[55.2610988,25.196575],[55.2611591,25.1966405],[55.2611722,25.1966292],[55.2612694,25.1965574],[55.2612085,25.1964913],[55.2611979,25.1964984],[55.2610988,25.196575]]]}},{"type":"Feature","id":"osm-way-1125793459","properties":{"building":"yes","osm_type":"way","osm_id":1125793459,"height_m":12,"height_source":"type-estimate","height_is_estimated":true},"geometry":{"type":"Polygon","coordinates":[[[55.261025,25.1965248],[55.2610835,25.1965868],[55.2610988,25.196575],[55.2611979,25.1964984],[55.2611394,25.1964364],[55.261025,25.1965248]]]}},{"type":"Feature","id":"osm-way-1125793460","properties":{"building":"yes","osm_type":"way","osm_id":1125793460,"height_m":12,"height_source":"type-estimate","height_is_estimated":true},"geometry":{"type":"Polygon","coordinates":[[[55.2604507,25.1966363],[55.2604783,25.1966655],[55.2605188,25.1966348],[55.2605381,25.19662],[55.2605115,25.1965917],[55.2604507,25.1966363]]]}},{"type":"Feature","id":"osm-way-1125793461","properties":{"building":"yes","osm_type":"way","osm_id":1125793461,"height_m":12,"height_source":"type-estimate","height_is_estimated":true},"geometry":{"type":"Polygon","coordinates":[[[55.2604307,25.1966152],[55.2604507,25.1966363],[55.2604816,25.1966123],[55.2604623,25.1965909],[55.2604307,25.1966152]]]}},{"type":"Feature","id":"osm-way-1125793462","properties":{"building":"yes","osm_type":"way","osm_id":1125793462,"height_m":12,"height_source":"type-estimate","height_is_estimated":true},"geometry":{"type":"Polygon","coordinates":[[[55.2604213,25.1967044],[55.2604434,25.1967267],[55.2604678,25.1967081],[55.2604453,25.196685],[55.2604213,25.1967044]]]}},{"type":"Feature","id":"osm-way-1125793463","properties":{"building":"yes","osm_type":"way","osm_id":1125793463,"height_m":12,"height_source":"type-estimate","height_is_estimated":true},"geometry":{"type":"Polygon","coordinates":[[[55.2604623,25.1965909],[55.2604816,25.1966123],[55.2605115,25.1965917],[55.2605641,25.1965514],[55.2605447,25.19653],[55.2604623,25.1965909]]]}},{"type":"Feature","id":"osm-way-1125793464","properties":{"building":"yes","osm_type":"way","osm_id":1125793464,"height_m":12,"height_source":"type-estimate","height_is_estimated":true},"geometry":{"type":"Polygon","coordinates":[[[55.2605898,25.1966501],[55.2606033,25.1966645],[55.2606213,25.1966829],[55.2606583,25.1966537],[55.2606414,25.1966365],[55.2606273,25.1966214],[55.2605898,25.1966501]]]}},{"type":"Feature","id":"osm-way-1125793465","properties":{"building":"yes","osm_type":"way","osm_id":1125793465,"height_m":12,"height_source":"type-estimate","height_is_estimated":true},"geometry":{"type":"Polygon","coordinates":[[[55.2605188,25.1966348],[55.2605703,25.1966898],[55.2606033,25.1966645],[55.2605898,25.1966501],[55.2606273,25.1966214],[55.2606414,25.1966365],[55.2606691,25.1966153],[55.2605904,25.1965312],[55.2605641,25.1965514],[55.2605115,25.1965917],[55.2605381,25.19662],[55.2605188,25.1966348]]]}},{"type":"Feature","id":"osm-way-1125802281","properties":{"building":"yes","osm_type":"way","osm_id":1125802281,"height_m":12,"height_source":"type-estimate","height_is_estimated":true},"geometry":{"type":"Polygon","coordinates":[[[55.2581799,25.194707],[55.2582048,25.1947301],[55.2582897,25.194655],[55.2582648,25.194632],[55.2581799,25.194707]]]}},{"type":"Feature","id":"osm-way-1125802282","properties":{"building":"yes","osm_type":"way","osm_id":1125802282,"height_m":12,"height_source":"type-estimate","height_is_estimated":true},"geometry":{"type":"Polygon","coordinates":[[[55.2581459,25.1947333],[55.2581678,25.1947537],[55.2581921,25.1947324],[55.2581702,25.194712],[55.2581459,25.1947333]]]}},{"type":"Feature","id":"osm-way-1125802284","properties":{"building":"yes","osm_type":"way","osm_id":1125802284,"height_m":12,"height_source":"type-estimate","height_is_estimated":true},"geometry":{"type":"Polygon","coordinates":[[[55.2629112,25.1966625],[55.263082,25.1968426],[55.2635543,25.1964758],[55.2633836,25.1962957],[55.2629112,25.1966625]]]}},{"type":"Feature","id":"osm-way-1125802287","properties":{"building":"yes","osm_type":"way","osm_id":1125802287,"height_m":12,"height_source":"type-estimate","height_is_estimated":true},"geometry":{"type":"Polygon","coordinates":[[[55.2600754,25.1940041],[55.2600973,25.1940267],[55.2601203,25.1940085],[55.2600984,25.1939859],[55.2600754,25.1940041]]]}},{"type":"Feature","id":"osm-way-1125802288","properties":{"building":"yes","osm_type":"way","osm_id":1125802288,"height_m":12,"height_source":"type-estimate","height_is_estimated":true},"geometry":{"type":"Polygon","coordinates":[[[55.260044,25.1939004],[55.260034,25.1939488],[55.260189,25.1939751],[55.260199,25.1939267],[55.260044,25.1939004]]]}},{"type":"Feature","id":"osm-way-1125802289","properties":{"building":"yes","osm_type":"way","osm_id":1125802289,"height_m":12,"height_source":"type-estimate","height_is_estimated":true},"geometry":{"type":"Polygon","coordinates":[[[55.2601948,25.1940904],[55.2602524,25.1941503],[55.2604467,25.1939976],[55.2603891,25.1939376],[55.2601948,25.1940904]]]}},{"type":"Feature","id":"osm-way-1125802290","properties":{"building":"yes","osm_type":"way","osm_id":1125802290,"height_m":12,"height_source":"type-estimate","height_is_estimated":true},"geometry":{"type":"Polygon","coordinates":[[[55.2589347,25.1937661],[55.2590787,25.193914],[55.2592171,25.1938036],[55.2590731,25.1936557],[55.2589347,25.1937661]]]}},{"type":"Feature","id":"osm-way-1125802291","properties":{"building":"yes","osm_type":"way","osm_id":1125802291,"height_m":12,"height_source":"type-estimate","height_is_estimated":true},"geometry":{"type":"Polygon","coordinates":[[[55.2595444,25.1956882],[55.2596726,25.1958259],[55.2597201,25.1957897],[55.2596481,25.1957123],[55.2599338,25.1954946],[55.2600074,25.1955737],[55.260092,25.1955092],[55.2599622,25.1953698],[55.2595444,25.1956882]]]}},{"type":"Feature","id":"osm-way-1125802292","properties":{"building":"yes","osm_type":"way","osm_id":1125802292,"height_m":12,"height_source":"type-estimate","height_is_estimated":true},"geometry":{"type":"Polygon","coordinates":[[[55.2594341,25.1951008],[55.2593975,25.195128],[55.2594685,25.1952062],[55.2595048,25.1951792],[55.2594341,25.1951008]]]}},{"type":"Feature","id":"osm-way-1125802293","properties":{"building":"yes","osm_type":"way","osm_id":1125802293,"height_m":12,"height_source":"type-estimate","height_is_estimated":true},"geometry":{"type":"Polygon","coordinates":[[[55.2595821,25.1949916],[55.2596237,25.1950377],[55.2596735,25.195002],[55.2596319,25.1949545],[55.2595821,25.1949916]]]}},{"type":"Feature","id":"osm-way-1125802294","properties":{"building":"yes","osm_type":"way","osm_id":1125802294,"height_m":12,"height_source":"type-estimate","height_is_estimated":true},"geometry":{"type":"Polygon","coordinates":[[[55.2594341,25.1951008],[55.2595048,25.1951792],[55.2596047,25.1952901],[55.2597527,25.1951809],[55.2596237,25.1950377],[55.2595821,25.1949916],[55.2594341,25.1951008]]]}},{"type":"Feature","id":"osm-way-1125802295","properties":{"building":"yes","osm_type":"way","osm_id":1125802295,"height_m":12,"height_source":"type-estimate","height_is_estimated":true},"geometry":{"type":"Polygon","coordinates":[[[55.2592298,25.1948817],[55.2593874,25.1950567],[55.259506,25.1949692],[55.2593485,25.1947943],[55.2592298,25.1948817]]]}},{"type":"Feature","id":"osm-way-1125802296","properties":{"building":"yes","osm_type":"way","osm_id":1125802296,"height_m":12,"height_source":"type-estimate","height_is_estimated":true},"geometry":{"type":"Polygon","coordinates":[[[55.2590767,25.1950615],[55.2591976,25.1951929],[55.2593381,25.195087],[55.2592172,25.1949557],[55.2590767,25.1950615]]]}},{"type":"Feature","id":"osm-way-1125802297","properties":{"building":"yes","osm_type":"way","osm_id":1125802297,"height_m":12,"height_source":"type-estimate","height_is_estimated":true},"geometry":{"type":"Polygon","coordinates":[[[55.257502,25.1947116],[55.257567,25.1947819],[55.2576084,25.1947505],[55.2575435,25.1946802],[55.257502,25.1947116]]]}},{"type":"Feature","id":"osm-way-1125802298","properties":{"building":"yes","osm_type":"way","osm_id":1125802298,"height_m":12,"height_source":"type-estimate","height_is_estimated":true},"geometry":{"type":"Polygon","coordinates":[[[55.2576893,25.1948809],[55.2577175,25.1948593],[55.2576793,25.1948186],[55.2576512,25.1948402],[55.2576893,25.1948809]]]}},{"type":"Feature","id":"osm-way-1125802299","properties":{"building":"yes","osm_type":"way","osm_id":1125802299,"height_m":12,"height_source":"type-estimate","height_is_estimated":true},"geometry":{"type":"Polygon","coordinates":[[[55.2576793,25.1948186],[55.2577175,25.1948593],[55.2577326,25.1948754],[55.2577996,25.1948239],[55.2577464,25.1947671],[55.2576793,25.1948186]]]}},{"type":"Feature","id":"osm-way-1125802300","properties":{"building":"yes","osm_type":"way","osm_id":1125802300,"height_m":12,"height_source":"type-estimate","height_is_estimated":true},"geometry":{"type":"Polygon","coordinates":[[[55.2578111,25.1949118],[55.2578653,25.1949696],[55.2579065,25.1949379],[55.2578523,25.1948801],[55.2578111,25.1949118]]]}},{"type":"Feature","id":"osm-way-1125802301","properties":{"building":"yes","osm_type":"way","osm_id":1125802301,"height_m":12,"height_source":"type-estimate","height_is_estimated":true},"geometry":{"type":"Polygon","coordinates":[[[55.2577464,25.1947671],[55.2577996,25.1948239],[55.2578523,25.1948801],[55.2579065,25.1949379],[55.2580437,25.1948326],[55.2578835,25.1946618],[55.2577464,25.1947671]]]}},{"type":"Feature","id":"osm-way-1125802302","properties":{"building":"yes","osm_type":"way","osm_id":1125802302,"height_m":12,"height_source":"type-estimate","height_is_estimated":true},"geometry":{"type":"Polygon","coordinates":[[[55.2579652,25.194922],[55.2579902,25.1949469],[55.2580166,25.1949251],[55.2579916,25.1949003],[55.2579652,25.194922]]]}},{"type":"Feature","id":"osm-way-1125802303","properties":{"building":"yes","osm_type":"way","osm_id":1125802303,"height_m":12,"height_source":"type-estimate","height_is_estimated":true},"geometry":{"type":"Polygon","coordinates":[[[55.2580028,25.1948858],[55.2580356,25.1949273],[55.2580088,25.1949531],[55.2580179,25.1949692],[55.2579813,25.1950129],[55.2579783,25.1950344],[55.257989,25.1950526],[55.2580115,25.1950611],[55.2580279,25.1950569],[55.2580953,25.1951218],[55.2581144,25.1951005],[55.2581241,25.1950717],[55.2581251,25.1950423],[55.2581221,25.1950211],[55.2581734,25.1949807],[55.2580486,25.1948522],[55.2580028,25.1948858]]]}},{"type":"Feature","id":"osm-way-1125802304","properties":{"building":"yes","osm_type":"way","osm_id":1125802304,"height_m":12,"height_source":"type-estimate","height_is_estimated":true},"geometry":{"type":"Polygon","coordinates":[[[55.2578594,25.1950138],[55.2579165,25.1950764],[55.2579602,25.1950438],[55.2579031,25.1949811],[55.2578594,25.1950138]]]}},{"type":"Feature","id":"osm-way-1125819758","properties":{"building":"yes","osm_type":"way","osm_id":1125819758,"height_m":12,"height_source":"type-estimate","height_is_estimated":true},"geometry":{"type":"Polygon","coordinates":[[[55.2562791,25.1940405],[55.2563502,25.1941133],[55.2563756,25.194093],[55.2563045,25.1940202],[55.2562791,25.1940405]]]}},{"type":"Feature","id":"osm-way-1125819759","properties":{"building":"yes","osm_type":"way","osm_id":1125819759,"height_m":12,"height_source":"type-estimate","height_is_estimated":true},"geometry":{"type":"Polygon","coordinates":[[[55.2564334,25.1940758],[55.2565211,25.1941792],[55.2565736,25.1941428],[55.2564859,25.1940393],[55.2564334,25.1940758]]]}},{"type":"Feature","id":"osm-way-1125819760","properties":{"building":"yes","osm_type":"way","osm_id":1125819760,"height_m":12,"height_source":"type-estimate","height_is_estimated":true},"geometry":{"type":"Polygon","coordinates":[[[55.2566841,25.1940721],[55.2567512,25.19414],[55.2567965,25.1941034],[55.2567294,25.1940355],[55.2566841,25.1940721]]]}},{"type":"Feature","id":"osm-way-1125819761","properties":{"building":"yes","osm_type":"way","osm_id":1125819761,"height_m":12,"height_source":"type-estimate","height_is_estimated":true},"geometry":{"type":"Polygon","coordinates":[[[55.262898,25.197824],[55.2629121,25.1978407],[55.262947,25.1978165],[55.2629329,25.1977999],[55.262898,25.197824]]]}},{"type":"Feature","id":"osm-way-1125819762","properties":{"building":"yes","osm_type":"way","osm_id":1125819762,"height_m":12,"height_source":"type-estimate","height_is_estimated":true},"geometry":{"type":"Polygon","coordinates":[[[55.2625278,25.1977703],[55.2625735,25.1978192],[55.2627212,25.1977063],[55.262702,25.1976857],[55.2627183,25.1976732],[55.262708,25.1976621],[55.2627274,25.1976472],[55.2627113,25.19763],[55.2625278,25.1977703]]]}},{"type":"Feature","id":"osm-way-1125819763","properties":{"building":"yes","osm_type":"way","osm_id":1125819763,"height_m":12,"height_source":"type-estimate","height_is_estimated":true},"geometry":{"type":"Polygon","coordinates":[[[55.2565396,25.195326],[55.2566901,25.1954897],[55.2567889,25.1954153],[55.2566385,25.1952516],[55.2565396,25.195326]]]}},{"type":"Feature","id":"osm-way-1125819764","properties":{"building":"yes","osm_type":"way","osm_id":1125819764,"height_m":12,"height_source":"type-estimate","height_is_estimated":true},"geometry":{"type":"Polygon","coordinates":[[[55.2564834,25.1953936],[55.2565127,25.1953726],[55.2564608,25.1953131],[55.2564315,25.195334],[55.2564834,25.1953936]]]}},{"type":"Feature","id":"osm-way-1125819765","properties":{"building":"yes","osm_type":"way","osm_id":1125819765,"height_m":12,"height_source":"type-estimate","height_is_estimated":true},"geometry":{"type":"Polygon","coordinates":[[[55.2568145,25.1961995],[55.2568392,25.1962265],[55.2569194,25.1961663],[55.2568947,25.1961393],[55.2568145,25.1961995]]]}},{"type":"Feature","id":"osm-way-1125819766","properties":{"building":"yes","osm_type":"way","osm_id":1125819766,"height_m":12,"height_source":"type-estimate","height_is_estimated":true},"geometry":{"type":"Polygon","coordinates":[[[55.2567181,25.196278],[55.2567384,25.1963013],[55.2568288,25.1962369],[55.2568085,25.1962135],[55.2567181,25.196278]]]}},{"type":"Feature","id":"osm-way-1125819767","properties":{"building":"yes","osm_type":"way","osm_id":1125819767,"height_m":12,"height_source":"type-estimate","height_is_estimated":true},"geometry":{"type":"Polygon","coordinates":[[[55.2568636,25.1960359],[55.2569285,25.196109],[55.2570058,25.1960528],[55.2569607,25.1960019],[55.2569242,25.1960284],[55.2569045,25.1960062],[55.2568636,25.1960359]]]}},{"type":"Feature","id":"osm-way-1125819768","properties":{"building":"yes","osm_type":"way","osm_id":1125819768,"height_m":12,"height_source":"type-estimate","height_is_estimated":true},"geometry":{"type":"Polygon","coordinates":[[[55.256614,25.1959903],[55.2567642,25.196168],[55.256854,25.1961058],[55.2567699,25.1960063],[55.2568614,25.195943],[55.2567953,25.1958649],[55.256614,25.1959903]]]}},{"type":"Feature","id":"osm-way-1125819769","properties":{"building":"yes","osm_type":"way","osm_id":1125819769,"height_m":12,"height_source":"type-estimate","height_is_estimated":true},"geometry":{"type":"Polygon","coordinates":[[[55.2576334,25.1955999],[55.257675,25.1956445],[55.2577632,25.1955773],[55.2577216,25.1955327],[55.2576334,25.1955999]]]}},{"type":"Feature","id":"osm-way-1125819770","properties":{"building":"yes","osm_type":"way","osm_id":1125819770,"height_m":12,"height_source":"type-estimate","height_is_estimated":true},"geometry":{"type":"Polygon","coordinates":[[[55.2582674,25.1951179],[55.258301,25.1951521],[55.2583894,25.1950811],[55.2583558,25.1950469],[55.2582674,25.1951179]]]}},{"type":"Feature","id":"osm-way-1125819771","properties":{"building":"yes","osm_type":"way","osm_id":1125819771,"height_m":12,"height_source":"type-estimate","height_is_estimated":true},"geometry":{"type":"Polygon","coordinates":[[[55.2576382,25.1947274],[55.2576622,25.194752],[55.2577434,25.1946872],[55.2577194,25.1946626],[55.2576382,25.1947274]]]}},{"type":"Feature","id":"osm-way-1125819773","properties":{"building":"yes","osm_type":"way","osm_id":1125819773,"height_m":12,"height_source":"type-estimate","height_is_estimated":true},"geometry":{"type":"Polygon","coordinates":[[[55.2560602,25.1946321],[55.2561883,25.1947692],[55.2563405,25.1946528],[55.256371,25.1946297],[55.2562427,25.1944925],[55.2560602,25.1946321]]]}},{"type":"Feature","id":"osm-way-1125819774","properties":{"building":"yes","osm_type":"way","osm_id":1125819774,"height_m":12,"height_source":"type-estimate","height_is_estimated":true},"geometry":{"type":"Polygon","coordinates":[[[55.255859,25.1948274],[55.2559928,25.194978],[55.2561671,25.1948512],[55.2560156,25.1946807],[55.2559865,25.1947018],[55.2559625,25.1946748],[55.2558689,25.1947428],[55.2559107,25.1947898],[55.255859,25.1948274]]]}},{"type":"Feature","id":"osm-way-1125819775","properties":{"building":"yes","osm_type":"way","osm_id":1125819775,"height_m":12,"height_source":"type-estimate","height_is_estimated":true},"geometry":{"type":"Polygon","coordinates":[[[55.255654,25.1945862],[55.2557589,25.1946981],[55.2559209,25.1945738],[55.2558161,25.1944619],[55.255654,25.1945862]]]}},{"type":"Feature","id":"osm-way-1125819776","properties":{"building":"yes","osm_type":"way","osm_id":1125819776,"height_m":12,"height_source":"type-estimate","height_is_estimated":true},"geometry":{"type":"Polygon","coordinates":[[[55.2622172,25.1978692],[55.2622498,25.1979056],[55.2622726,25.197889],[55.26224,25.1978525],[55.2622172,25.1978692]]]}},{"type":"Feature","id":"osm-way-1125819777","properties":{"building":"yes","osm_type":"way","osm_id":1125819777,"height_m":12,"height_source":"type-estimate","height_is_estimated":true},"geometry":{"type":"Polygon","coordinates":[[[55.2628207,25.1979911],[55.2628535,25.1980324],[55.2629809,25.1979353],[55.2630071,25.1978825],[55.2630178,25.1978115],[55.2629653,25.1977385],[55.2629204,25.1977543],[55.2629568,25.1978236],[55.2629501,25.1978916],[55.2628207,25.1979911]]]}},{"type":"Feature","id":"osm-way-1125819778","properties":{"building":"yes","osm_type":"way","osm_id":1125819778,"height_m":12,"height_source":"type-estimate","height_is_estimated":true},"geometry":{"type":"Polygon","coordinates":[[[55.2626432,25.1981127],[55.262683,25.1981529],[55.2627599,25.1980904],[55.2627201,25.1980503],[55.2626432,25.1981127]]]}},{"type":"Feature","id":"osm-way-1125819779","properties":{"building":"yes","osm_type":"way","osm_id":1125819779,"height_m":12,"height_source":"type-estimate","height_is_estimated":true},"geometry":{"type":"Polygon","coordinates":[[[55.2625284,25.198201],[55.2625705,25.1982456],[55.262653,25.1981819],[55.262611,25.1981373],[55.2625284,25.198201]]]}},{"type":"Feature","id":"osm-way-1126452479","properties":{"building":"yes","osm_type":"way","osm_id":1126452479,"height_m":12,"height_source":"type-estimate","height_is_estimated":true},"geometry":{"type":"Polygon","coordinates":[[[55.2662317,25.2050707],[55.2663957,25.2050966],[55.2664264,25.2049379],[55.2662623,25.204912],[55.2662317,25.2050707]]]}},{"type":"Feature","id":"osm-way-1126452480","properties":{"building":"yes","building:levels":"1","height":"4","osm_type":"way","osm_id":1126452480,"height_m":4,"height_source":"osm-height","height_is_estimated":false},"geometry":{"type":"Polygon","coordinates":[[[55.2661546,25.204895],[55.2662623,25.204912],[55.2664264,25.2049379],[55.266485,25.2046342],[55.2662133,25.2045912],[55.2661546,25.204895]]]}},{"type":"Feature","id":"osm-way-1126616569","properties":{"building":"yes","building:levels":"1","height":"3","osm_type":"way","osm_id":1126616569,"height_m":3,"height_source":"osm-height","height_is_estimated":false},"geometry":{"type":"Polygon","coordinates":[[[55.2640332,25.2024514],[55.2640645,25.2024348],[55.264045,25.2024047],[55.2640137,25.2024213],[55.2640332,25.2024514]]]}},{"type":"Feature","id":"osm-way-1126616570","properties":{"building":"yes","building:levels":"1","height":"3","osm_type":"way","osm_id":1126616570,"height_m":3,"height_source":"osm-height","height_is_estimated":false},"geometry":{"type":"Polygon","coordinates":[[[55.267092,25.2034742],[55.2671757,25.203428],[55.267098,25.2033128],[55.2670143,25.203359],[55.267092,25.2034742]]]}},{"type":"Feature","id":"osm-way-1126616571","properties":{"building":"yes","building:levels":"1","height":"3","osm_type":"way","osm_id":1126616571,"height_m":3,"height_source":"osm-height","height_is_estimated":false},"geometry":{"type":"Polygon","coordinates":[[[55.2640881,25.202557],[55.2641359,25.2025297],[55.2640849,25.2024569],[55.2640372,25.2024842],[55.2640881,25.202557]]]}},{"type":"Feature","id":"osm-way-1126616572","properties":{"building":"yes","building:levels":"1","height":"3","osm_type":"way","osm_id":1126616572,"height_m":3,"height_source":"osm-height","height_is_estimated":false},"geometry":{"type":"Polygon","coordinates":[[[55.2641605,25.2026824],[55.2642192,25.202648],[55.2641699,25.202579],[55.2641111,25.2026134],[55.2641605,25.2026824]]]}},{"type":"Feature","id":"osm-way-1126928673","properties":{"building":"yes","osm_type":"way","osm_id":1126928673,"height_m":12,"height_source":"type-estimate","height_is_estimated":true},"geometry":{"type":"Polygon","coordinates":[[[55.2547667,25.1983842],[55.2548303,25.198472],[55.2548725,25.198447],[55.2548981,25.1984823],[55.2550282,25.1984052],[55.2549885,25.1983502],[55.2549638,25.1983649],[55.2548996,25.1982762],[55.2548386,25.1983124],[55.2548534,25.1983328],[55.2547667,25.1983842]]]}},{"type":"Feature","id":"osm-way-1126928676","properties":{"building":"yes","osm_type":"way","osm_id":1126928676,"height_m":12,"height_source":"type-estimate","height_is_estimated":true},"geometry":{"type":"Polygon","coordinates":[[[55.2549139,25.1978619],[55.2550219,25.1980056],[55.2550889,25.1979643],[55.2549809,25.1978206],[55.2549139,25.1978619]]]}},{"type":"Feature","id":"osm-way-1126928677","properties":{"building":"yes","osm_type":"way","osm_id":1126928677,"height_m":12,"height_source":"type-estimate","height_is_estimated":true},"geometry":{"type":"Polygon","coordinates":[[[55.2556609,25.1977666],[55.2556848,25.1977991],[55.2557238,25.1977756],[55.2556999,25.1977431],[55.2556609,25.1977666]]]}},{"type":"Feature","id":"osm-way-1126928678","properties":{"building":"yes","osm_type":"way","osm_id":1126928678,"height_m":12,"height_source":"type-estimate","height_is_estimated":true},"geometry":{"type":"Polygon","coordinates":[[[55.2555844,25.1978127],[55.2556982,25.1979672],[55.2557746,25.197921],[55.2556848,25.1977991],[55.2556609,25.1977666],[55.2555844,25.1978127]]]}},{"type":"Feature","id":"osm-way-1126928679","properties":{"building":"yes","osm_type":"way","osm_id":1126928679,"height_m":12,"height_source":"type-estimate","height_is_estimated":true},"geometry":{"type":"Polygon","coordinates":[[[55.2555911,25.1980797],[55.2556202,25.1981189],[55.2557382,25.1980473],[55.2557091,25.1980081],[55.2555911,25.1980797]]]}},{"type":"Feature","id":"osm-way-1126931684","properties":{"building":"yes","osm_type":"way","osm_id":1126931684,"height_m":12,"height_source":"type-estimate","height_is_estimated":true},"geometry":{"type":"Polygon","coordinates":[[[55.2552632,25.1982848],[55.2552827,25.1983052],[55.2553223,25.1982742],[55.2553028,25.1982538],[55.2552632,25.1982848]]]}},{"type":"Feature","id":"osm-way-1127468668","properties":{"building":"yes","osm_type":"way","osm_id":1127468668,"height_m":12,"height_source":"type-estimate","height_is_estimated":true},"geometry":{"type":"Polygon","coordinates":[[[55.2548998,25.1989152],[55.2549413,25.198973],[55.2550352,25.1989178],[55.2549937,25.19886],[55.2549188,25.198904],[55.2548998,25.1989152]]]}},{"type":"Feature","id":"osm-way-1127468669","properties":{"building":"yes","osm_type":"way","osm_id":1127468669,"height_m":12,"height_source":"type-estimate","height_is_estimated":true},"geometry":{"type":"Polygon","coordinates":[[[55.255057,25.199041],[55.2550087,25.1990688],[55.2550367,25.1991086],[55.2550603,25.199095],[55.2550435,25.1990711],[55.2550682,25.1990569],[55.255057,25.199041]]]}},{"type":"Feature","id":"osm-way-1127468670","properties":{"building":"yes","osm_type":"way","osm_id":1127468670,"height_m":12,"height_source":"type-estimate","height_is_estimated":true},"geometry":{"type":"Polygon","coordinates":[[[55.255057,25.199041],[55.2551021,25.1990152],[55.2550581,25.1989526],[55.2550131,25.1989784],[55.255057,25.199041]]]}},{"type":"Feature","id":"osm-way-1127468671","properties":{"building":"yes","osm_type":"way","osm_id":1127468671,"height_m":12,"height_source":"type-estimate","height_is_estimated":true},"geometry":{"type":"Polygon","coordinates":[[[55.2552221,25.1990208],[55.2551848,25.1989676],[55.2551021,25.1990152],[55.255057,25.199041],[55.2550682,25.1990569],[55.2550944,25.1990942],[55.2552221,25.1990208]]]}},{"type":"Feature","id":"osm-way-1127468672","properties":{"building":"yes","osm_type":"way","osm_id":1127468672,"height_m":12,"height_source":"type-estimate","height_is_estimated":true},"geometry":{"type":"Polygon","coordinates":[[[55.2550468,25.1991215],[55.2550826,25.1991724],[55.2552064,25.1991012],[55.2552189,25.199119],[55.2552703,25.1990895],[55.2552221,25.1990208],[55.2550944,25.1990942],[55.2550468,25.1991215]]]}},{"type":"Feature","id":"osm-way-1127468673","properties":{"building":"yes","osm_type":"way","osm_id":1127468673,"height_m":12,"height_source":"type-estimate","height_is_estimated":true},"geometry":{"type":"Polygon","coordinates":[[[55.2551469,25.1988303],[55.255096,25.1988589],[55.2551722,25.1989699],[55.2552231,25.1989413],[55.2551469,25.1988303]]]}},{"type":"Feature","id":"osm-way-1127468674","properties":{"building":"yes","osm_type":"way","osm_id":1127468674,"height_m":12,"height_source":"type-estimate","height_is_estimated":true},"geometry":{"type":"Polygon","coordinates":[[[55.2552644,25.1989341],[55.2551553,25.1987752],[55.255122,25.1987939],[55.2551469,25.1988303],[55.2552231,25.1989413],[55.255231,25.1989528],[55.2552644,25.1989341]]]}},{"type":"Feature","id":"osm-way-1127468675","properties":{"building":"yes","osm_type":"way","osm_id":1127468675,"height_m":12,"height_source":"type-estimate","height_is_estimated":true},"geometry":{"type":"Polygon","coordinates":[[[55.2550611,25.1987242],[55.2551085,25.1986932],[55.2550576,25.1986296],[55.2550102,25.1986606],[55.2550289,25.1986839],[55.2550611,25.1987242]]]}},{"type":"Feature","id":"osm-way-1127468676","properties":{"building":"yes","osm_type":"way","osm_id":1127468676,"height_m":12,"height_source":"type-estimate","height_is_estimated":true},"geometry":{"type":"Polygon","coordinates":[[[55.2549307,25.1987482],[55.2549971,25.1988312],[55.2550443,25.1988003],[55.2550708,25.1988335],[55.2551218,25.1988002],[55.2550611,25.1987242],[55.2550289,25.1986839],[55.2549307,25.1987482]]]}},{"type":"Feature","id":"osm-way-1127468677","properties":{"building":"yes","osm_type":"way","osm_id":1127468677,"height_m":12,"height_source":"type-estimate","height_is_estimated":true},"geometry":{"type":"Polygon","coordinates":[[[55.2553591,25.1992003],[55.2554528,25.1993369],[55.2555163,25.1993012],[55.2554226,25.1991646],[55.2553591,25.1992003]]]}},{"type":"Feature","id":"osm-way-1127468678","properties":{"building":"yes","osm_type":"way","osm_id":1127468678,"height_m":12,"height_source":"type-estimate","height_is_estimated":true},"geometry":{"type":"Polygon","coordinates":[[[55.2553591,25.1992003],[55.2554226,25.1991646],[55.2552644,25.1989341],[55.255231,25.1989528],[55.2552009,25.1989698],[55.2553591,25.1992003]]]}},{"type":"Feature","id":"osm-way-1127468679","properties":{"building":"yes","osm_type":"way","osm_id":1127468679,"height_m":12,"height_source":"type-estimate","height_is_estimated":true},"geometry":{"type":"Polygon","coordinates":[[[55.2554111,25.1988478],[55.2554439,25.1988918],[55.2555502,25.1988269],[55.2555174,25.1987829],[55.2554111,25.1988478]]]}},{"type":"Feature","id":"osm-way-1127472887","properties":{"building":"yes","osm_type":"way","osm_id":1127472887,"height_m":12,"height_source":"type-estimate","height_is_estimated":true},"geometry":{"type":"Polygon","coordinates":[[[55.2559251,25.2003859],[55.2559517,25.2004229],[55.2561207,25.2003234],[55.256094,25.2002864],[55.2559251,25.2003859]]]}},{"type":"Feature","id":"osm-way-1127472888","properties":{"building":"yes","osm_type":"way","osm_id":1127472888,"height_m":12,"height_source":"type-estimate","height_is_estimated":true},"geometry":{"type":"Polygon","coordinates":[[[55.2562241,25.2001933],[55.2562488,25.2002283],[55.2564345,25.2001212],[55.2564099,25.2000862],[55.2562241,25.2001933]]]}},{"type":"Feature","id":"osm-way-1127472889","properties":{"building":"yes","osm_type":"way","osm_id":1127472889,"height_m":12,"height_source":"type-estimate","height_is_estimated":true},"geometry":{"type":"Polygon","coordinates":[[[55.255964,25.2002755],[55.256153,25.2001699],[55.25609,25.2000668],[55.2560323,25.2000631],[55.2560364,25.1999903],[55.2559733,25.2],[55.255917,25.2000291],[55.2558647,25.2000898],[55.255921,25.2001068],[55.2558982,25.2001748],[55.255964,25.2002755]]]}},{"type":"Feature","id":"osm-way-1127472890","properties":{"building":"yes","osm_type":"way","osm_id":1127472890,"height_m":12,"height_source":"type-estimate","height_is_estimated":true},"geometry":{"type":"Polygon","coordinates":[[[55.2561383,25.1996627],[55.2560894,25.1996902],[55.2560887,25.1997513],[55.2560746,25.1998168],[55.2561209,25.199872],[55.2562094,25.1998975],[55.2562617,25.1999278],[55.2563019,25.1999054],[55.2561383,25.1996627]]]}},{"type":"Feature","id":"osm-way-1127472891","properties":{"building":"yes","osm_type":"way","osm_id":1127472891,"height_m":12,"height_source":"type-estimate","height_is_estimated":true},"geometry":{"type":"Polygon","coordinates":[[[55.255857,25.1995711],[55.2559319,25.199586],[55.255944,25.1995366],[55.2558691,25.1995216],[55.255857,25.1995711]]]}},{"type":"Feature","id":"osm-way-1127472892","properties":{"building":"yes","osm_type":"way","osm_id":1127472892,"height_m":12,"height_source":"type-estimate","height_is_estimated":true},"geometry":{"type":"Polygon","coordinates":[[[55.2554838,25.1997167],[55.2555243,25.1996911],[55.255476,25.1996286],[55.2554356,25.1996542],[55.2554838,25.1997167]]]}},{"type":"Feature","id":"osm-way-1127472893","properties":{"building":"yes","osm_type":"way","osm_id":1127472893,"height_m":12,"height_source":"type-estimate","height_is_estimated":true},"geometry":{"type":"Polygon","coordinates":[[[55.2553216,25.1995049],[55.2553467,25.1995393],[55.2554064,25.1995035],[55.2553812,25.1994691],[55.2553216,25.1995049]]]}},{"type":"Feature","id":"osm-way-1127472894","properties":{"building":"yes","osm_type":"way","osm_id":1127472894,"height_m":12,"height_source":"type-estimate","height_is_estimated":true},"geometry":{"type":"Polygon","coordinates":[[[55.2554107,25.1994631],[55.2554926,25.1995844],[55.2555525,25.1995513],[55.2554707,25.19943],[55.2554107,25.1994631]]]}},{"type":"Feature","id":"osm-way-1127472895","properties":{"building":"yes","osm_type":"way","osm_id":1127472895,"height_m":12,"height_source":"type-estimate","height_is_estimated":true},"geometry":{"type":"Polygon","coordinates":[[[55.2552177,25.1993721],[55.2552771,25.1994555],[55.2553114,25.1994356],[55.2552969,25.1994152],[55.2552879,25.1994205],[55.255243,25.1993573],[55.2552177,25.1993721]]]}},{"type":"Feature","id":"osm-way-1127472896","properties":{"building":"yes","osm_type":"way","osm_id":1127472896,"height_m":12,"height_source":"type-estimate","height_is_estimated":true},"geometry":{"type":"Polygon","coordinates":[[[55.2553114,25.1994356],[55.2553309,25.1994595],[55.2554814,25.1993688],[55.255463,25.1993438],[55.2554539,25.1993493],[55.2553291,25.1994246],[55.2553114,25.1994356]]]}},{"type":"Feature","id":"osm-way-1127472897","properties":{"building":"yes","osm_type":"way","osm_id":1127472897,"height_m":12,"height_source":"type-estimate","height_is_estimated":true},"geometry":{"type":"Polygon","coordinates":[[[55.2553155,25.1994057],[55.2553291,25.1994246],[55.2554539,25.1993493],[55.2554413,25.1993317],[55.2553155,25.1994057]]]}},{"type":"Feature","id":"osm-way-1127472898","properties":{"building":"yes","osm_type":"way","osm_id":1127472898,"height_m":12,"height_source":"type-estimate","height_is_estimated":true},"geometry":{"type":"Polygon","coordinates":[[[55.2552078,25.1993035],[55.2552305,25.1993353],[55.2552408,25.1993293],[55.2552945,25.1994046],[55.2554094,25.1993376],[55.2553331,25.1992304],[55.2552078,25.1993035]]]}},{"type":"Feature","id":"osm-way-1127662113","properties":{"building":"yes","osm_type":"way","osm_id":1127662113,"height_m":12,"height_source":"type-estimate","height_is_estimated":true},"geometry":{"type":"Polygon","coordinates":[[[55.2674056,25.1964199],[55.2674337,25.1964588],[55.2675279,25.1964028],[55.2674998,25.196364],[55.2674056,25.1964199]]]}},{"type":"Feature","id":"osm-way-1127662114","properties":{"building":"yes","osm_type":"way","osm_id":1127662114,"height_m":12,"height_source":"type-estimate","height_is_estimated":true},"geometry":{"type":"Polygon","coordinates":[[[55.2673521,25.1963508],[55.2673823,25.1963915],[55.2674732,25.1963363],[55.267443,25.1962956],[55.2673521,25.1963508]]]}},{"type":"Feature","id":"osm-way-1127662115","properties":{"building":"yes","osm_type":"way","osm_id":1127662115,"height_m":12,"height_source":"type-estimate","height_is_estimated":true},"geometry":{"type":"Polygon","coordinates":[[[55.2667095,25.1967908],[55.2667548,25.1968437],[55.2668463,25.1967795],[55.266801,25.1967266],[55.2667095,25.1967908]]]}},{"type":"Feature","id":"osm-way-1127663324","properties":{"building":"yes","osm_type":"way","osm_id":1127663324,"height_m":12,"height_source":"type-estimate","height_is_estimated":true},"geometry":{"type":"Polygon","coordinates":[[[55.2560954,25.1962121],[55.2561136,25.196201],[55.2560888,25.1961677],[55.2560706,25.1961787],[55.2560954,25.1962121]]]}},{"type":"Feature","id":"osm-way-1127663325","properties":{"building":"yes","osm_type":"way","osm_id":1127663325,"height_m":12,"height_source":"type-estimate","height_is_estimated":true},"geometry":{"type":"Polygon","coordinates":[[[55.2560149,25.1961217],[55.2560357,25.1961501],[55.2561228,25.1960979],[55.2561021,25.1960695],[55.2560149,25.1961217]]]}},{"type":"Feature","id":"osm-way-1127663326","properties":{"building":"yes","osm_type":"way","osm_id":1127663326,"height_m":12,"height_source":"type-estimate","height_is_estimated":true},"geometry":{"type":"Polygon","coordinates":[[[55.2561826,25.1962406],[55.2562316,25.1962122],[55.2561672,25.1961212],[55.2561182,25.1961496],[55.2561826,25.1962406]]]}},{"type":"Feature","id":"osm-way-1127664503","properties":{"building":"yes","osm_type":"way","osm_id":1127664503,"height_m":12,"height_source":"type-estimate","height_is_estimated":true},"geometry":{"type":"Polygon","coordinates":[[[55.2675084,25.1930948],[55.2675851,25.1931826],[55.2676934,25.1931051],[55.2676167,25.1930173],[55.2675084,25.1930948]]]}},{"type":"Feature","id":"osm-way-1127664504","properties":{"building":"yes","osm_type":"way","osm_id":1127664504,"height_m":12,"height_source":"type-estimate","height_is_estimated":true},"geometry":{"type":"Polygon","coordinates":[[[55.267618,25.192969],[55.2677406,25.1931339],[55.2678258,25.193082],[55.2677032,25.1929171],[55.267618,25.192969]]]}},{"type":"Feature","id":"osm-way-1127668918","properties":{"building":"yes","osm_type":"way","osm_id":1127668918,"height_m":12,"height_source":"type-estimate","height_is_estimated":true},"geometry":{"type":"Polygon","coordinates":[[[55.2561846,25.1948063],[55.2562133,25.194835],[55.2562548,25.194801],[55.2562261,25.1947723],[55.2561846,25.1948063]]]}},{"type":"Feature","id":"osm-way-1127668919","properties":{"building":"yes","osm_type":"way","osm_id":1127668919,"height_m":12,"height_source":"type-estimate","height_is_estimated":true},"geometry":{"type":"Polygon","coordinates":[[[55.2563405,25.1946528],[55.2564038,25.1947213],[55.2564489,25.1946871],[55.2563856,25.1946187],[55.256371,25.1946297],[55.2563405,25.1946528]]]}},{"type":"Feature","id":"osm-way-1127672770","properties":{"building":"yes","osm_type":"way","osm_id":1127672770,"height_m":12,"height_source":"type-estimate","height_is_estimated":true},"geometry":{"type":"Polygon","coordinates":[[[55.255508,25.1971217],[55.2555366,25.1971624],[55.2557828,25.1970211],[55.2557542,25.1969803],[55.255508,25.1971217]]]}},{"type":"Feature","id":"osm-way-1127672771","properties":{"building":"yes","osm_type":"way","osm_id":1127672771,"height_m":12,"height_source":"type-estimate","height_is_estimated":true},"geometry":{"type":"Polygon","coordinates":[[[55.2554035,25.1968689],[55.2553545,25.1968015],[55.2553058,25.1968305],[55.2553692,25.1969177],[55.2554021,25.1968982],[55.2553877,25.1968783],[55.2554035,25.1968689]]]}},{"type":"Feature","id":"osm-way-1127672772","properties":{"building":"yes","osm_type":"way","osm_id":1127672772,"height_m":12,"height_source":"type-estimate","height_is_estimated":true},"geometry":{"type":"Polygon","coordinates":[[[55.2558838,25.1968752],[55.2559041,25.1969019],[55.2559225,25.1969262],[55.2560396,25.1968535],[55.2560008,25.1968025],[55.2558838,25.1968752]]]}},{"type":"Feature","id":"osm-way-1127672773","properties":{"building":"yes","osm_type":"way","osm_id":1127672773,"height_m":12,"height_source":"type-estimate","height_is_estimated":true},"geometry":{"type":"Polygon","coordinates":[[[55.2557518,25.1969618],[55.2557946,25.1970152],[55.2558292,25.1969925],[55.2558074,25.1969654],[55.2559041,25.1969019],[55.2558838,25.1968752],[55.2557518,25.1969618]]]}},{"type":"Feature","id":"osm-way-1127672774","properties":{"building":"yes","osm_type":"way","osm_id":1127672774,"height_m":12,"height_source":"type-estimate","height_is_estimated":true},"geometry":{"type":"Polygon","coordinates":[[[55.2558533,25.1970792],[55.256033,25.197101],[55.2560404,25.1970324],[55.2559874,25.1969481],[55.2559009,25.196936],[55.2558996,25.1969602],[55.2558701,25.1969596],[55.2558533,25.1970792]]]}},{"type":"Feature","id":"osm-way-1127672775","properties":{"building":"yes","osm_type":"way","osm_id":1127672775,"height_m":12,"height_source":"type-estimate","height_is_estimated":true},"geometry":{"type":"Polygon","coordinates":[[[55.2561975,25.1977815],[55.2562239,25.1977655],[55.256191,25.197721],[55.2561646,25.197737],[55.2561975,25.1977815]]]}},{"type":"Feature","id":"osm-way-1127672776","properties":{"building":"yes","osm_type":"way","osm_id":1127672776,"height_m":12,"height_source":"type-estimate","height_is_estimated":true},"geometry":{"type":"Polygon","coordinates":[[[55.2561725,25.1977966],[55.2561975,25.1977815],[55.2561646,25.197737],[55.2561546,25.1977235],[55.2561296,25.1977387],[55.2561725,25.1977966]]]}},{"type":"Feature","id":"osm-way-1127672777","properties":{"building":"yes","osm_type":"way","osm_id":1127672777,"height_m":12,"height_source":"type-estimate","height_is_estimated":true},"geometry":{"type":"Polygon","coordinates":[[[55.2561678,25.1977169],[55.2563139,25.1976357],[55.2562053,25.1974755],[55.2560592,25.1975567],[55.2561678,25.1977169]]]}},{"type":"Feature","id":"osm-way-1127672778","properties":{"building":"yes","osm_type":"way","osm_id":1127672778,"height_m":12,"height_source":"type-estimate","height_is_estimated":true},"geometry":{"type":"Polygon","coordinates":[[[55.2563502,25.1976004],[55.2564748,25.1975256],[55.2563809,25.1973975],[55.2562563,25.1974723],[55.2563502,25.1976004]]]}},{"type":"Feature","id":"osm-way-1127672779","properties":{"building":"yes","osm_type":"way","osm_id":1127672779,"height_m":12,"height_source":"type-estimate","height_is_estimated":true},"geometry":{"type":"Polygon","coordinates":[[[55.2558191,25.1975676],[55.2558565,25.197614],[55.2559135,25.1975764],[55.2558761,25.19753],[55.2558191,25.1975676]]]}},{"type":"Feature","id":"osm-way-1127672780","properties":{"building":"yes","osm_type":"way","osm_id":1127672780,"height_m":12,"height_source":"type-estimate","height_is_estimated":true},"geometry":{"type":"Polygon","coordinates":[[[55.2562235,25.1974268],[55.2562392,25.1974476],[55.2563291,25.1973918],[55.2563133,25.197371],[55.2562235,25.1974268]]]}},{"type":"Feature","id":"osm-way-1127672781","properties":{"building":"yes","osm_type":"way","osm_id":1127672781,"height_m":12,"height_source":"type-estimate","height_is_estimated":true},"geometry":{"type":"Polygon","coordinates":[[[55.2558271,25.1975134],[55.2559351,25.197447],[55.255852,25.1973364],[55.255744,25.1974028],[55.2558271,25.1975134]]]}},{"type":"Feature","id":"osm-way-1127672782","properties":{"building":"yes","osm_type":"way","osm_id":1127672782,"height_m":12,"height_source":"type-estimate","height_is_estimated":true},"geometry":{"type":"Polygon","coordinates":[[[55.2561718,25.1971101],[55.2561985,25.1971433],[55.256228,25.1971239],[55.2562013,25.1970907],[55.2561718,25.1971101]]]}},{"type":"Feature","id":"osm-way-1127672783","properties":{"building":"yes","osm_type":"way","osm_id":1127672783,"height_m":12,"height_source":"type-estimate","height_is_estimated":true},"geometry":{"type":"Polygon","coordinates":[[[55.2559747,25.1972624],[55.2560994,25.1974396],[55.2562789,25.1973361],[55.2561542,25.1971589],[55.2559747,25.1972624]]]}},{"type":"Feature","id":"osm-way-1127675569","properties":{"building":"yes","osm_type":"way","osm_id":1127675569,"height_m":12,"height_source":"type-estimate","height_is_estimated":true},"geometry":{"type":"Polygon","coordinates":[[[55.2554758,25.1973225],[55.2555175,25.1972974],[55.2554618,25.1972216],[55.2554201,25.1972466],[55.2554758,25.1973225]]]}},{"type":"Feature","id":"osm-way-1127675571","properties":{"building":"yes","osm_type":"way","osm_id":1127675571,"height_m":12,"height_source":"type-estimate","height_is_estimated":true},"geometry":{"type":"Polygon","coordinates":[[[55.2550446,25.1975421],[55.2550689,25.1975728],[55.255144,25.1975243],[55.2551197,25.1974936],[55.2550446,25.1975421]]]}},{"type":"Feature","id":"osm-way-1127675573","properties":{"building":"yes","osm_type":"way","osm_id":1127675573,"height_m":12,"height_source":"type-estimate","height_is_estimated":true},"geometry":{"type":"Polygon","coordinates":[[[55.2548808,25.1972296],[55.2549306,25.1972886],[55.2549555,25.1972715],[55.2549704,25.1972892],[55.2550419,25.1972398],[55.2549772,25.197163],[55.2548808,25.1972296]]]}},{"type":"Feature","id":"osm-way-1127675574","properties":{"building":"yes","osm_type":"way","osm_id":1127675574,"height_m":12,"height_source":"type-estimate","height_is_estimated":true},"geometry":{"type":"Polygon","coordinates":[[[55.2550742,25.1972612],[55.2551012,25.1972949],[55.2551493,25.1972632],[55.255157,25.1972729],[55.2551887,25.197252],[55.255154,25.1972088],[55.2550742,25.1972612]]]}},{"type":"Feature","id":"osm-way-1127675576","properties":{"building":"yes","osm_type":"way","osm_id":1127675576,"height_m":12,"height_source":"type-estimate","height_is_estimated":true},"geometry":{"type":"Polygon","coordinates":[[[55.2553993,25.1970529],[55.2553637,25.1970747],[55.2554322,25.1971662],[55.2554678,25.1971444],[55.2553993,25.1970529]]]}},{"type":"Feature","id":"osm-way-1127675577","properties":{"building":"yes","osm_type":"way","osm_id":1127675577,"height_m":12,"height_source":"type-estimate","height_is_estimated":true},"geometry":{"type":"Polygon","coordinates":[[[55.2552646,25.1969906],[55.255339,25.1970899],[55.2553637,25.1970747],[55.2553993,25.1970529],[55.2553249,25.1969536],[55.2552646,25.1969906]]]}},{"type":"Feature","id":"osm-way-1127704106","properties":{"building":"yes","osm_type":"way","osm_id":1127704106,"height_m":12,"height_source":"type-estimate","height_is_estimated":true},"geometry":{"type":"Polygon","coordinates":[[[55.2748212,25.1880589],[55.2748427,25.188088],[55.2748811,25.1880649],[55.2748596,25.1880358],[55.2748212,25.1880589]]]}},{"type":"Feature","id":"osm-way-1127704107","properties":{"building":"yes","osm_type":"way","osm_id":1127704107,"height_m":12,"height_source":"type-estimate","height_is_estimated":true},"geometry":{"type":"Polygon","coordinates":[[[55.2745382,25.1877045],[55.2746724,25.1878829],[55.2748655,25.1877543],[55.274734,25.1875771],[55.2745382,25.1877045]]]}},{"type":"Feature","id":"osm-way-1128395777","properties":{"building":"yes","osm_type":"way","osm_id":1128395777,"height_m":12,"height_source":"type-estimate","height_is_estimated":true},"geometry":{"type":"Polygon","coordinates":[[[55.2548985,25.2005845],[55.2548373,25.2004939],[55.2550149,25.2003958],[55.2550215,25.2004055],[55.2550988,25.2003628],[55.2551534,25.2004438],[55.2548985,25.2005845]]]}},{"type":"Feature","id":"osm-way-1128395778","properties":{"building":"yes","osm_type":"way","osm_id":1128395778,"height_m":12,"height_source":"type-estimate","height_is_estimated":true},"geometry":{"type":"Polygon","coordinates":[[[55.2552785,25.2006755],[55.2552031,25.2005723],[55.2552634,25.2005362],[55.2553388,25.2006394],[55.2552785,25.2006755]]]}},{"type":"Feature","id":"osm-way-1128395779","properties":{"building":"yes","osm_type":"way","osm_id":1128395779,"height_m":12,"height_source":"type-estimate","height_is_estimated":true},"geometry":{"type":"Polygon","coordinates":[[[55.2550222,25.200335],[55.2549452,25.2002254],[55.2550188,25.2001831],[55.2550523,25.2002308],[55.2550251,25.2002464],[55.2550686,25.2003084],[55.2550222,25.200335]]]}},{"type":"Feature","id":"osm-way-1128395780","properties":{"building":"yes","osm_type":"way","osm_id":1128395780,"height_m":12,"height_source":"type-estimate","height_is_estimated":true},"geometry":{"type":"Polygon","coordinates":[[[55.2551077,25.2001443],[55.255073,25.200163],[55.2551345,25.2002565],[55.2551797,25.2002321],[55.2551647,25.2002093],[55.2551739,25.2002043],[55.2551525,25.2001718],[55.2551328,25.2001824],[55.2551077,25.2001443]]]}},{"type":"Feature","id":"osm-way-1128395781","properties":{"building":"yes","osm_type":"way","osm_id":1128395781,"height_m":12,"height_source":"type-estimate","height_is_estimated":true},"geometry":{"type":"Polygon","coordinates":[[[55.2552467,25.2002759],[55.2551605,25.2001565],[55.2552545,25.2001009],[55.2552637,25.2001136],[55.2552974,25.2000937],[55.2553221,25.2001279],[55.2552966,25.2001431],[55.2553489,25.2002154],[55.2552467,25.2002759]]]}},{"type":"Feature","id":"osm-way-1128395782","properties":{"building":"yes","osm_type":"way","osm_id":1128395782,"height_m":12,"height_source":"type-estimate","height_is_estimated":true},"geometry":{"type":"Polygon","coordinates":[[[55.2553516,25.200322],[55.2553127,25.2002762],[55.2553606,25.2002429],[55.2553995,25.2002887],[55.2553516,25.200322]]]}},{"type":"Feature","id":"osm-way-1128395783","properties":{"building":"yes","osm_type":"way","osm_id":1128395783,"height_m":12,"height_source":"type-estimate","height_is_estimated":true},"geometry":{"type":"Polygon","coordinates":[[[55.2555991,25.2004063],[55.255574,25.2003718],[55.2556086,25.2003512],[55.2556337,25.2003857],[55.2555991,25.2004063]]]}},{"type":"Feature","id":"osm-way-1128395784","properties":{"building":"yes","osm_type":"way","osm_id":1128395784,"height_m":12,"height_source":"type-estimate","height_is_estimated":true},"geometry":{"type":"Polygon","coordinates":[[[55.2554013,25.2004996],[55.255311,25.2003734],[55.2553597,25.2003448],[55.2553736,25.2003641],[55.2554588,25.2003142],[55.2555221,25.2004026],[55.2554831,25.2004254],[55.2554963,25.2004439],[55.2554013,25.2004996]]]}},{"type":"Feature","id":"osm-way-1128395785","properties":{"building":"yes","osm_type":"way","osm_id":1128395785,"height_m":12,"height_source":"type-estimate","height_is_estimated":true},"geometry":{"type":"Polygon","coordinates":[[[55.2552513,25.2004187],[55.2552349,25.200395],[55.2552916,25.2003628],[55.255308,25.2003865],[55.2552513,25.2004187]]]}},{"type":"Feature","id":"osm-way-1128395786","properties":{"building":"yes","osm_type":"way","osm_id":1128395786,"height_m":12,"height_source":"type-estimate","height_is_estimated":true},"geometry":{"type":"Polygon","coordinates":[[[55.2553879,25.2006191],[55.2552707,25.2004427],[55.2553004,25.2004265],[55.2553194,25.200455],[55.2553349,25.2004466],[55.2553997,25.200544],[55.2554509,25.2005162],[55.2554844,25.2005666],[55.2553879,25.2006191]]]}},{"type":"Feature","id":"osm-way-1128395787","properties":{"building":"yes","osm_type":"way","osm_id":1128395787,"height_m":12,"height_source":"type-estimate","height_is_estimated":true},"geometry":{"type":"Polygon","coordinates":[[[55.2555147,25.2006171],[55.2554885,25.2005764],[55.2555268,25.2005563],[55.2555529,25.2005969],[55.2555147,25.2006171]]]}},{"type":"Feature","id":"osm-way-1130583216","properties":{"building":"yes","osm_type":"way","osm_id":1130583216,"height_m":12,"height_source":"type-estimate","height_is_estimated":true},"geometry":{"type":"Polygon","coordinates":[[[55.2552211,25.1960845],[55.2551895,25.196039],[55.2551431,25.1960657],[55.2551358,25.1960699],[55.2552038,25.1961674],[55.2553389,25.1960904],[55.2553025,25.1960381],[55.2552211,25.1960845]]]}},{"type":"Feature","id":"osm-way-1130583222","properties":{"building":"yes","osm_type":"way","osm_id":1130583222,"height_m":12,"height_source":"type-estimate","height_is_estimated":true},"geometry":{"type":"Polygon","coordinates":[[[55.2551759,25.1956197],[55.2550856,25.195493],[55.255134,25.1954648],[55.2552242,25.1955915],[55.2551759,25.1956197]]]}},{"type":"Feature","id":"osm-way-1130585312","properties":{"building":"yes","osm_type":"way","osm_id":1130585312,"height_m":12,"height_source":"type-estimate","height_is_estimated":true},"geometry":{"type":"Polygon","coordinates":[[[55.2551431,25.1960657],[55.2551895,25.196039],[55.2552732,25.1959909],[55.2551819,25.1958669],[55.2550536,25.1959443],[55.2551431,25.1960657]]]}},{"type":"Feature","id":"osm-way-1130585314","properties":{"building":"yes","osm_type":"way","osm_id":1130585314,"height_m":12,"height_source":"type-estimate","height_is_estimated":true},"geometry":{"type":"Polygon","coordinates":[[[55.2552402,25.1963767],[55.255293,25.1963472],[55.2551921,25.1961992],[55.2551576,25.1962185],[55.255178,25.1962484],[55.2551597,25.1962586],[55.2552402,25.1963767]]]}},{"type":"Feature","id":"osm-way-1130585315","properties":{"building":"yes","osm_type":"way","osm_id":1130585315,"height_m":12,"height_source":"type-estimate","height_is_estimated":true},"geometry":{"type":"Polygon","coordinates":[[[55.2549799,25.195979],[55.2550157,25.1959584],[55.2549667,25.1958886],[55.2549323,25.1959099],[55.2549799,25.195979]]]}},{"type":"Feature","id":"osm-way-1130585316","properties":{"building":"yes","osm_type":"way","osm_id":1130585316,"height_m":12,"height_source":"type-estimate","height_is_estimated":true},"geometry":{"type":"Polygon","coordinates":[[[55.2550417,25.1960915],[55.2550851,25.196153],[55.2551329,25.1961255],[55.2551053,25.1960861],[55.255129,25.1960725],[55.2551044,25.1960375],[55.2550808,25.1960511],[55.2550157,25.1959584],[55.2549799,25.195979],[55.255054,25.1960844],[55.2550417,25.1960915]]]}},{"type":"Feature","id":"osm-way-1130591737","properties":{"building":"yes","osm_type":"way","osm_id":1130591737,"height_m":12,"height_source":"type-estimate","height_is_estimated":true},"geometry":{"type":"Polygon","coordinates":[[[55.2551197,25.1957953],[55.2551546,25.1958393],[55.2552183,25.1957981],[55.2551834,25.195754],[55.2551197,25.1957953]]]}},{"type":"Feature","id":"osm-way-1130591738","properties":{"building":"yes","osm_type":"way","osm_id":1130591738,"height_m":12,"height_source":"type-estimate","height_is_estimated":true},"geometry":{"type":"Polygon","coordinates":[[[55.2550822,25.195771],[55.2550994,25.1957942],[55.2551953,25.1957359],[55.2551781,25.1957128],[55.2550822,25.195771]]]}},{"type":"Feature","id":"osm-way-1130591739","properties":{"building":"yes","osm_type":"way","osm_id":1130591739,"height_m":12,"height_source":"type-estimate","height_is_estimated":true},"geometry":{"type":"Polygon","coordinates":[[[55.2549608,25.1958262],[55.2550503,25.1957716],[55.2550343,25.1957501],[55.2550038,25.1957092],[55.2549866,25.1956861],[55.2548971,25.1957407],[55.2549608,25.1958262]]]}},{"type":"Feature","id":"osm-way-1130591740","properties":{"building":"yes","osm_type":"way","osm_id":1130591740,"height_m":12,"height_source":"type-estimate","height_is_estimated":true},"geometry":{"type":"Polygon","coordinates":[[[55.2550211,25.1956251],[55.2550639,25.1956839],[55.2551205,25.1956502],[55.2550777,25.1955913],[55.2550211,25.1956251]]]}},{"type":"Feature","id":"osm-way-1130591741","properties":{"building":"yes","osm_type":"way","osm_id":1130591741,"height_m":12,"height_source":"type-estimate","height_is_estimated":true},"geometry":{"type":"Polygon","coordinates":[[[55.2550548,25.1955015],[55.2549447,25.1955671],[55.2549342,25.1955734],[55.2549002,25.1955936],[55.2548893,25.1956002],[55.2548845,25.1956026],[55.2549242,25.1956571],[55.255008,25.1956071],[55.2550211,25.1956251],[55.2550777,25.1955913],[55.2551074,25.1955736],[55.2550548,25.1955015]]]}},{"type":"Feature","id":"osm-way-1130591742","properties":{"building":"yes","osm_type":"way","osm_id":1130591742,"height_m":12,"height_source":"type-estimate","height_is_estimated":true},"geometry":{"type":"Polygon","coordinates":[[[55.2549222,25.1955363],[55.2549447,25.1955671],[55.2550548,25.1955015],[55.2550324,25.1954706],[55.2549222,25.1955363]]]}},{"type":"Feature","id":"osm-way-1130833107","properties":{"building":"yes","osm_type":"way","osm_id":1130833107,"height_m":12,"height_source":"type-estimate","height_is_estimated":true},"geometry":{"type":"Polygon","coordinates":[[[55.2550038,25.1957092],[55.2550343,25.1957501],[55.2550715,25.1957274],[55.2550411,25.1956865],[55.2550038,25.1957092]]]}},{"type":"Feature","id":"osm-way-1130841113","properties":{"building":"yes","osm_type":"way","osm_id":1130841113,"height_m":12,"height_source":"type-estimate","height_is_estimated":true},"geometry":{"type":"Polygon","coordinates":[[[55.256709,25.1982888],[55.256723,25.1983075],[55.2567289,25.1983155],[55.2568177,25.1982614],[55.2568013,25.1982393],[55.2568188,25.1982286],[55.2568033,25.1982079],[55.2567376,25.198248],[55.2567495,25.198264],[55.256709,25.1982888]]]}},{"type":"Feature","id":"osm-way-1130841114","properties":{"building":"yes","osm_type":"way","osm_id":1130841114,"height_m":12,"height_source":"type-estimate","height_is_estimated":true},"geometry":{"type":"Polygon","coordinates":[[[55.2566279,25.1983655],[55.256723,25.1983075],[55.256709,25.1982888],[55.2567026,25.1982802],[55.2566076,25.1983382],[55.2566279,25.1983655]]]}},{"type":"Feature","id":"osm-way-1130841115","properties":{"building":"yes","osm_type":"way","osm_id":1130841115,"height_m":12,"height_source":"type-estimate","height_is_estimated":true},"geometry":{"type":"Polygon","coordinates":[[[55.2565504,25.1983491],[55.2564235,25.1984265],[55.2563929,25.1983854],[55.2563494,25.198412],[55.2563962,25.1984748],[55.2564126,25.1984968],[55.256583,25.1983929],[55.2565504,25.1983491]]]}},{"type":"Feature","id":"osm-way-1130841116","properties":{"building":"yes","osm_type":"way","osm_id":1130841116,"height_m":12,"height_source":"type-estimate","height_is_estimated":true},"geometry":{"type":"Polygon","coordinates":[[[55.2564134,25.1981652],[55.2565504,25.1983491],[55.256583,25.1983929],[55.2566279,25.1983655],[55.2566076,25.1983382],[55.2564583,25.1981378],[55.2564134,25.1981652]]]}},{"type":"Feature","id":"osm-way-1130841117","properties":{"building":"yes","osm_type":"way","osm_id":1130841117,"height_m":12,"height_source":"type-estimate","height_is_estimated":true},"geometry":{"type":"Polygon","coordinates":[[[55.2564875,25.198053],[55.2563791,25.1981191],[55.2564134,25.1981652],[55.2564583,25.1981378],[55.2565218,25.1980991],[55.2564875,25.198053]]]}},{"type":"Feature","id":"osm-way-1130841118","properties":{"building":"yes","osm_type":"way","osm_id":1130841118,"height_m":12,"height_source":"type-estimate","height_is_estimated":true},"geometry":{"type":"Polygon","coordinates":[[[55.2565245,25.1978297],[55.2566301,25.1977645],[55.2566113,25.1977396],[55.2565058,25.1978048],[55.2565245,25.1978297]]]}},{"type":"Feature","id":"osm-way-1130841119","properties":{"building":"yes","osm_type":"way","osm_id":1130841119,"height_m":12,"height_source":"type-estimate","height_is_estimated":true},"geometry":{"type":"Polygon","coordinates":[[[55.2566865,25.1978867],[55.2567142,25.1979256],[55.2567535,25.1979027],[55.2567258,25.1978638],[55.2566865,25.1978867]]]}},{"type":"Feature","id":"osm-way-1130841120","properties":{"building":"yes","osm_type":"way","osm_id":1130841120,"height_m":12,"height_source":"type-estimate","height_is_estimated":true},"geometry":{"type":"Polygon","coordinates":[[[55.2565387,25.1978861],[55.2565706,25.1979309],[55.2565849,25.1979226],[55.2566455,25.1980078],[55.2567354,25.1979554],[55.2567142,25.1979256],[55.2566865,25.1978867],[55.2566429,25.1978254],[55.2565387,25.1978861]]]}},{"type":"Feature","id":"osm-way-1130841121","properties":{"building":"yes","osm_type":"way","osm_id":1130841121,"height_m":12,"height_source":"type-estimate","height_is_estimated":true},"geometry":{"type":"Polygon","coordinates":[[[55.2563015,25.1979536],[55.2563891,25.1980768],[55.2564905,25.1980177],[55.2564806,25.1980037],[55.2565327,25.1979734],[55.2565225,25.197959],[55.2565706,25.1979309],[55.2565387,25.1978861],[55.256519,25.1978584],[55.2564773,25.1978826],[55.2564615,25.1978604],[55.2563015,25.1979536]]]}},{"type":"Feature","id":"osm-way-1130850643","properties":{"building":"yes","osm_type":"way","osm_id":1130850643,"height_m":12,"height_source":"type-estimate","height_is_estimated":true},"geometry":{"type":"Polygon","coordinates":[[[55.25621,25.1982787],[55.2562768,25.1983617],[55.2563137,25.1983375],[55.2562469,25.1982544],[55.25621,25.1982787]]]}},{"type":"Feature","id":"osm-way-1130850644","properties":{"building":"yes","osm_type":"way","osm_id":1130850644,"height_m":12,"height_source":"type-estimate","height_is_estimated":true},"geometry":{"type":"Polygon","coordinates":[[[55.256367,25.1984926],[55.2563962,25.1984748],[55.2563494,25.198412],[55.256342,25.1984021],[55.2563129,25.1984199],[55.256367,25.1984926]]]}},{"type":"Feature","id":"osm-way-1130850645","properties":{"building":"yes","osm_type":"way","osm_id":1130850645,"height_m":12,"height_source":"type-estimate","height_is_estimated":true},"geometry":{"type":"Polygon","coordinates":[[[55.25656,25.1981267],[55.2566061,25.1980984],[55.2565614,25.1980388],[55.2565153,25.1980671],[55.25656,25.1981267]]]}},{"type":"Feature","id":"osm-way-1130850646","properties":{"building":"yes","osm_type":"way","osm_id":1130850646,"height_m":12,"height_source":"type-estimate","height_is_estimated":true},"geometry":{"type":"Polygon","coordinates":[[[55.2565083,25.1981585],[55.2566157,25.1983016],[55.2566854,25.1982587],[55.256697,25.1982741],[55.2567372,25.1982494],[55.2567198,25.1982262],[55.2567533,25.1982056],[55.2566701,25.1980948],[55.2566311,25.1981187],[55.2566128,25.1980943],[55.2566061,25.1980984],[55.25656,25.1981267],[55.2565083,25.1981585]]]}},{"type":"Feature","id":"osm-way-1130852412","properties":{"building":"yes","osm_type":"way","osm_id":1130852412,"height_m":12,"height_source":"type-estimate","height_is_estimated":true},"geometry":{"type":"Polygon","coordinates":[[[55.2560122,25.2006607],[55.2560522,25.2007162],[55.2560985,25.2006889],[55.2560585,25.2006334],[55.2560122,25.2006607]]]}},{"type":"Feature","id":"osm-way-1130852413","properties":{"building":"yes","osm_type":"way","osm_id":1130852413,"height_m":12,"height_source":"type-estimate","height_is_estimated":true},"geometry":{"type":"Polygon","coordinates":[[[55.2563626,25.2010278],[55.2564151,25.2009968],[55.2563571,25.2009164],[55.2563046,25.2009474],[55.2563626,25.2010278]]]}},{"type":"Feature","id":"osm-way-1130852414","properties":{"building":"yes","osm_type":"way","osm_id":1130852414,"height_m":12,"height_source":"type-estimate","height_is_estimated":true},"geometry":{"type":"Polygon","coordinates":[[[55.2562872,25.2008209],[55.2563082,25.2008475],[55.2563578,25.2008153],[55.2563368,25.2007888],[55.2562872,25.2008209]]]}},{"type":"Feature","id":"osm-way-1130852415","properties":{"building":"yes","osm_type":"way","osm_id":1130852415,"height_m":12,"height_source":"type-estimate","height_is_estimated":true},"geometry":{"type":"Polygon","coordinates":[[[55.2562514,25.2008121],[55.2563524,25.2007496],[55.2562685,25.2006385],[55.2561025,25.2007412],[55.2561504,25.2008047],[55.2562154,25.2007645],[55.2562514,25.2008121]]]}},{"type":"Feature","id":"osm-way-1130852416","properties":{"building":"yes","osm_type":"way","osm_id":1130852416,"height_m":12,"height_source":"type-estimate","height_is_estimated":true},"geometry":{"type":"Polygon","coordinates":[[[55.2565051,25.2008428],[55.256565,25.2009189],[55.2566092,25.2008903],[55.2565493,25.2008142],[55.2565051,25.2008428]]]}},{"type":"Feature","id":"osm-way-1130852417","properties":{"building":"yes","osm_type":"way","osm_id":1130852417,"height_m":12,"height_source":"type-estimate","height_is_estimated":true},"geometry":{"type":"Polygon","coordinates":[[[55.2564282,25.2007489],[55.2564847,25.200823],[55.256533,25.2007928],[55.2564765,25.2007188],[55.2564282,25.2007489]]]}},{"type":"Feature","id":"osm-way-1130852418","properties":{"building":"yes","osm_type":"way","osm_id":1130852418,"height_m":12,"height_source":"type-estimate","height_is_estimated":true},"geometry":{"type":"Polygon","coordinates":[[[55.2563648,25.2006553],[55.2563894,25.2006872],[55.2564226,25.2007302],[55.2564602,25.2007065],[55.2564024,25.2006315],[55.2563648,25.2006553]]]}},{"type":"Feature","id":"osm-way-1130852419","properties":{"building":"yes","osm_type":"way","osm_id":1130852419,"height_m":12,"height_source":"type-estimate","height_is_estimated":true},"geometry":{"type":"Polygon","coordinates":[[[55.256285,25.2006245],[55.2563517,25.200711],[55.2563894,25.2006872],[55.2563648,25.2006553],[55.2563227,25.2006007],[55.256285,25.2006245]]]}},{"type":"Feature","id":"osm-way-1130852420","properties":{"building":"yes","osm_type":"way","osm_id":1130852420,"height_m":12,"height_source":"type-estimate","height_is_estimated":true},"geometry":{"type":"Polygon","coordinates":[[[55.256285,25.2006245],[55.2563227,25.2006007],[55.2563651,25.200575],[55.2563315,25.2005301],[55.2562518,25.2005789],[55.256285,25.2006245]]]}},{"type":"Feature","id":"osm-way-1130852421","properties":{"building":"yes","osm_type":"way","osm_id":1130852421,"height_m":12,"height_source":"type-estimate","height_is_estimated":true},"geometry":{"type":"Polygon","coordinates":[[[55.2563985,25.2005691],[55.2565004,25.2007096],[55.2566801,25.2006028],[55.2565782,25.2004623],[55.2563985,25.2005691]]]}},{"type":"Feature","id":"osm-way-1130852422","properties":{"building":"yes","osm_type":"way","osm_id":1130852422,"height_m":12,"height_source":"type-estimate","height_is_estimated":true},"geometry":{"type":"Polygon","coordinates":[[[55.2564082,25.2002632],[55.2564302,25.2002927],[55.2564398,25.2002868],[55.2564516,25.2003025],[55.2565346,25.2002519],[55.2565009,25.2002067],[55.2564082,25.2002632]]]}},{"type":"Feature","id":"osm-way-1130852423","properties":{"building":"yes","osm_type":"way","osm_id":1130852423,"height_m":12,"height_source":"type-estimate","height_is_estimated":true},"geometry":{"type":"Polygon","coordinates":[[[55.2562714,25.2003895],[55.2563962,25.2003134],[55.2564302,25.2002927],[55.2564082,25.2002632],[55.2562318,25.2003709],[55.2562537,25.2004003],[55.2562714,25.2003895]]]}},{"type":"Feature","id":"osm-way-1130852424","properties":{"building":"yes","osm_type":"way","osm_id":1130852424,"height_m":12,"height_source":"type-estimate","height_is_estimated":true},"geometry":{"type":"Polygon","coordinates":[[[55.256375,25.2005286],[55.2564998,25.2004525],[55.2563962,25.2003134],[55.2562714,25.2003895],[55.256375,25.2005286]]]}},{"type":"Feature","id":"osm-way-1130854529","properties":{"building":"yes","osm_type":"way","osm_id":1130854529,"height_m":12,"height_source":"type-estimate","height_is_estimated":true},"geometry":{"type":"Polygon","coordinates":[[[55.2553875,25.2011526],[55.2554153,25.2011919],[55.2554952,25.2011456],[55.2554674,25.2011063],[55.2553875,25.2011526]]]}},{"type":"Feature","id":"osm-way-1130854530","properties":{"building":"yes","osm_type":"way","osm_id":1130854530,"height_m":12,"height_source":"type-estimate","height_is_estimated":true},"geometry":{"type":"Polygon","coordinates":[[[55.2553821,25.2011451],[55.2553464,25.2011658],[55.2554613,25.2013281],[55.255497,25.2013074],[55.2554153,25.2011919],[55.2553875,25.2011526],[55.2553821,25.2011451]]]}},{"type":"Feature","id":"osm-way-1130854531","properties":{"building":"yes","osm_type":"way","osm_id":1130854531,"height_m":12,"height_source":"type-estimate","height_is_estimated":true},"geometry":{"type":"Polygon","coordinates":[[[55.254989,25.20133],[55.2550163,25.2013646],[55.2551242,25.2012948],[55.2550969,25.2012602],[55.254989,25.20133]]]}},{"type":"Feature","id":"osm-way-1130854532","properties":{"building":"yes","osm_type":"way","osm_id":1130854532,"height_m":12,"height_source":"type-estimate","height_is_estimated":true},"geometry":{"type":"Polygon","coordinates":[[[55.2552903,25.2010154],[55.2552564,25.2010351],[55.2552273,25.2010519],[55.2552775,25.2011227],[55.255204,25.2011653],[55.255222,25.2011908],[55.2551371,25.20124],[55.2551608,25.2012734],[55.2553464,25.2011658],[55.2553821,25.2011451],[55.2552903,25.2010154]]]}},{"type":"Feature","id":"osm-way-1130854533","properties":{"building":"yes","osm_type":"way","osm_id":1130854533,"height_m":12,"height_source":"type-estimate","height_is_estimated":true},"geometry":{"type":"Polygon","coordinates":[[[55.2552564,25.2010351],[55.2552903,25.2010154],[55.2552422,25.2009474],[55.2552083,25.2009671],[55.2552564,25.2010351]]]}},{"type":"Feature","id":"osm-way-1130854534","properties":{"building":"yes","osm_type":"way","osm_id":1130854534,"height_m":12,"height_source":"type-estimate","height_is_estimated":true},"geometry":{"type":"Polygon","coordinates":[[[55.2551298,25.2011079],[55.2552078,25.2010626],[55.2551455,25.2009746],[55.2550674,25.2010199],[55.2551298,25.2011079]]]}},{"type":"Feature","id":"osm-way-1130854535","properties":{"building":"yes","osm_type":"way","osm_id":1130854535,"height_m":12,"height_source":"type-estimate","height_is_estimated":true},"geometry":{"type":"Polygon","coordinates":[[[55.2557594,25.2014355],[55.255816,25.2014134],[55.2557523,25.2012799],[55.2556957,25.2013021],[55.2557594,25.2014355]]]}},{"type":"Feature","id":"osm-way-1130854536","properties":{"building":"yes","osm_type":"way","osm_id":1130854536,"height_m":12,"height_source":"type-estimate","height_is_estimated":true},"geometry":{"type":"Polygon","coordinates":[[[55.2558801,25.2011675],[55.2559218,25.2011427],[55.2557637,25.2009252],[55.255722,25.20095],[55.2557785,25.2010276],[55.2558144,25.201077],[55.2558801,25.2011675]]]}},{"type":"Feature","id":"osm-way-1130854537","properties":{"building":"yes","osm_type":"way","osm_id":1130854537,"height_m":12,"height_source":"type-estimate","height_is_estimated":true},"geometry":{"type":"Polygon","coordinates":[[[55.2556843,25.2010023],[55.2555891,25.2010302],[55.255563,25.2011571],[55.2556917,25.2011862],[55.2557775,25.2011188],[55.2557795,25.2010958],[55.2558144,25.201077],[55.2557785,25.2010276],[55.2556843,25.2010023]]]}},{"type":"Feature","id":"osm-way-1130854538","properties":{"building":"yes","osm_type":"way","osm_id":1130854538,"height_m":12,"height_source":"type-estimate","height_is_estimated":true},"geometry":{"type":"Polygon","coordinates":[[[55.2556226,25.2008467],[55.2556404,25.2008686],[55.2556863,25.2008406],[55.2556143,25.2007515],[55.2555697,25.2007809],[55.2556226,25.2008467]]]}},{"type":"Feature","id":"osm-way-1130854539","properties":{"building":"yes","osm_type":"way","osm_id":1130854539,"height_m":12,"height_source":"type-estimate","height_is_estimated":true},"geometry":{"type":"Polygon","coordinates":[[[55.2560113,25.2010581],[55.2560399,25.2010917],[55.2561217,25.2010345],[55.2560931,25.201001],[55.2560113,25.2010581]]]}},{"type":"Feature","id":"osm-way-1130854540","properties":{"building":"yes","osm_type":"way","osm_id":1130854540,"height_m":12,"height_source":"type-estimate","height_is_estimated":true},"geometry":{"type":"Polygon","coordinates":[[[55.2560065,25.2011149],[55.2560399,25.2010917],[55.2560113,25.2010581],[55.2559941,25.201038],[55.2559608,25.2010613],[55.2560065,25.2011149]]]}},{"type":"Feature","id":"osm-way-1130854541","properties":{"building":"yes","osm_type":"way","osm_id":1130854541,"height_m":12,"height_source":"type-estimate","height_is_estimated":true},"geometry":{"type":"Polygon","coordinates":[[[55.2560645,25.2011213],[55.2560911,25.2011566],[55.2561729,25.2011063],[55.2561463,25.2010709],[55.2560645,25.2011213]]]}},{"type":"Feature","id":"osm-way-1130854542","properties":{"building":"yes","osm_type":"way","osm_id":1130854542,"height_m":12,"height_source":"type-estimate","height_is_estimated":true},"geometry":{"type":"Polygon","coordinates":[[[55.2559894,25.2009374],[55.2559244,25.2008519],[55.2558029,25.2009275],[55.255868,25.201013],[55.2559894,25.2009374]]]}},{"type":"Feature","id":"osm-way-1130854543","properties":{"building":"yes","osm_type":"way","osm_id":1130854543,"height_m":12,"height_source":"type-estimate","height_is_estimated":true},"geometry":{"type":"Polygon","coordinates":[[[55.2557675,25.2008707],[55.255908,25.2007868],[55.2558108,25.2006534],[55.2556702,25.2007372],[55.2557675,25.2008707]]]}},{"type":"Feature","id":"osm-way-1130854544","properties":{"building":"yes","osm_type":"way","osm_id":1130854544,"height_m":12,"height_source":"type-estimate","height_is_estimated":true},"geometry":{"type":"Polygon","coordinates":[[[55.2559867,25.2008986],[55.2560173,25.2009396],[55.2560481,25.2009208],[55.2560176,25.2008798],[55.2559867,25.2008986]]]}},{"type":"Feature","id":"osm-way-1130854545","properties":{"building":"yes","osm_type":"way","osm_id":1130854545,"height_m":12,"height_source":"type-estimate","height_is_estimated":true},"geometry":{"type":"Polygon","coordinates":[[[55.2558962,25.2006662],[55.2559277,25.200646],[55.2558533,25.2005513],[55.2558218,25.2005716],[55.2558962,25.2006662]]]}},{"type":"Feature","id":"osm-way-1130854546","properties":{"building":"yes","osm_type":"way","osm_id":1130854546,"height_m":12,"height_source":"type-estimate","height_is_estimated":true},"geometry":{"type":"Polygon","coordinates":[[[55.2559673,25.2008045],[55.2560153,25.2007765],[55.2559429,25.2006751],[55.2558949,25.2007032],[55.2559673,25.2008045]]]}},{"type":"Feature","id":"osm-way-1130854547","properties":{"building":"yes","osm_type":"way","osm_id":1130854547,"height_m":12,"height_source":"type-estimate","height_is_estimated":true},"geometry":{"type":"Polygon","coordinates":[[[55.256141,25.201029],[55.2561743,25.2010096],[55.2560181,25.20079],[55.2559847,25.2008094],[55.256141,25.201029]]]}},{"type":"Feature","id":"osm-way-1131556245","properties":{"building":"yes","building:levels":"1","height":"3","osm_type":"way","osm_id":1131556245,"height_m":3,"height_source":"osm-height","height_is_estimated":false},"geometry":{"type":"Polygon","coordinates":[[[55.266448,25.2016115],[55.2664784,25.2015933],[55.2664127,25.2015035],[55.2663823,25.2015217],[55.266448,25.2016115]]]}},{"type":"Feature","id":"osm-way-1131556246","properties":{"building":"yes","building:levels":"1","height":"3","osm_type":"way","osm_id":1131556246,"height_m":3,"height_source":"osm-height","height_is_estimated":false},"geometry":{"type":"Polygon","coordinates":[[[55.2665211,25.20164],[55.2666492,25.20164],[55.2666492,25.2015915],[55.2665211,25.2015915],[55.2665211,25.20164]]]}},{"type":"Feature","id":"osm-way-1131556247","properties":{"building":"yes","building:levels":"1","height":"3","osm_type":"way","osm_id":1131556247,"height_m":3,"height_source":"osm-height","height_is_estimated":false},"geometry":{"type":"Polygon","coordinates":[[[55.2665788,25.2015636],[55.2666093,25.2015475],[55.266551,25.2014565],[55.2665205,25.2014725],[55.2665788,25.2015636]]]}},{"type":"Feature","id":"osm-way-1135056108","properties":{"building":"yes","osm_type":"way","osm_id":1135056108,"height_m":12,"height_source":"type-estimate","height_is_estimated":true},"geometry":{"type":"Polygon","coordinates":[[[55.2577716,25.1915382],[55.2578065,25.1915737],[55.257875,25.1915185],[55.2578401,25.191483],[55.2577716,25.1915382]]]}},{"type":"Feature","id":"osm-way-1135056109","properties":{"building":"yes","osm_type":"way","osm_id":1135056109,"height_m":12,"height_source":"type-estimate","height_is_estimated":true},"geometry":{"type":"Polygon","coordinates":[[[55.2549461,25.1885565],[55.25497,25.1885807],[55.2551122,25.1884654],[55.2550882,25.1884412],[55.2549461,25.1885565]]]}},{"type":"Feature","id":"osm-way-1135059875","properties":{"building":"yes","osm_type":"way","osm_id":1135059875,"height_m":12,"height_source":"type-estimate","height_is_estimated":true},"geometry":{"type":"Polygon","coordinates":[[[55.25799,25.1925229],[55.2580297,25.1925609],[55.2580739,25.1925231],[55.2580342,25.1924851],[55.25799,25.1925229]]]}},{"type":"Feature","id":"osm-way-1135059876","properties":{"building":"yes","osm_type":"way","osm_id":1135059876,"height_m":12,"height_source":"type-estimate","height_is_estimated":true},"geometry":{"type":"Polygon","coordinates":[[[55.2567743,25.1919633],[55.2568266,25.1920148],[55.2568745,25.1919751],[55.2568222,25.1919235],[55.2567743,25.1919633]]]}},{"type":"Feature","id":"osm-way-1135059877","properties":{"building":"yes","osm_type":"way","osm_id":1135059877,"height_m":12,"height_source":"type-estimate","height_is_estimated":true},"geometry":{"type":"Polygon","coordinates":[[[55.2565775,25.1917389],[55.2566353,25.1918033],[55.256696,25.1917587],[55.2566382,25.1916943],[55.2565775,25.1917389]]]}},{"type":"Feature","id":"osm-way-1135059879","properties":{"building":"yes","osm_type":"way","osm_id":1135059879,"height_m":12,"height_source":"type-estimate","height_is_estimated":true},"geometry":{"type":"Polygon","coordinates":[[[55.2550527,25.1882428],[55.2551955,25.1883932],[55.2552421,25.188357],[55.2550993,25.1882065],[55.2550527,25.1882428]]]}},{"type":"Feature","id":"osm-way-1138292557","properties":{"building":"yes","osm_type":"way","osm_id":1138292557,"height_m":12,"height_source":"type-estimate","height_is_estimated":true},"geometry":{"type":"Polygon","coordinates":[[[55.270586,25.1891256],[55.2706276,25.1892688],[55.2707466,25.1892406],[55.270705,25.1890974],[55.270586,25.1891256]]]}},{"type":"Feature","id":"osm-way-1138292559","properties":{"building":"yes","building:levels":"23","height":"100","start_date":"2020","osm_type":"way","osm_id":1138292559,"height_m":100,"height_source":"osm-height","height_is_estimated":false},"geometry":{"type":"Polygon","coordinates":[[[55.2720997,25.1866798],[55.2721467,25.1867368],[55.2721149,25.1867582],[55.2721947,25.1868549],[55.2722353,25.1868274],[55.2722645,25.1868627],[55.272649,25.186603],[55.2726043,25.1865488],[55.27257,25.186572],[55.2725259,25.1865186],[55.2725796,25.1864823],[55.2725125,25.1864009],[55.2720997,25.1866798]]]}},{"type":"Feature","id":"osm-way-1142240883","properties":{"building":"yes","osm_type":"way","osm_id":1142240883,"height_m":12,"height_source":"type-estimate","height_is_estimated":true},"geometry":{"type":"Polygon","coordinates":[[[55.2606567,25.1882368],[55.2606348,25.1882542],[55.2606698,25.1882902],[55.2607441,25.188231],[55.2607091,25.188195],[55.2606936,25.1882074],[55.2606567,25.1882368]]]}},{"type":"Feature","id":"osm-way-1142240884","properties":{"building":"yes","osm_type":"way","osm_id":1142240884,"height_m":12,"height_source":"type-estimate","height_is_estimated":true},"geometry":{"type":"Polygon","coordinates":[[[55.2606028,25.1881814],[55.2606567,25.1882368],[55.2606936,25.1882074],[55.2606397,25.188152],[55.2606028,25.1881814]]]}},{"type":"Feature","id":"osm-way-1142240885","properties":{"building":"yes","osm_type":"way","osm_id":1142240885,"height_m":12,"height_source":"type-estimate","height_is_estimated":true},"geometry":{"type":"Polygon","coordinates":[[[55.2605721,25.1881399],[55.2605999,25.1881647],[55.2606224,25.1881441],[55.2605946,25.1881193],[55.2605721,25.1881399]]]}},{"type":"Feature","id":"osm-way-1144610272","properties":{"building":"yes","osm_type":"way","osm_id":1144610272,"height_m":12,"height_source":"type-estimate","height_is_estimated":true},"geometry":{"type":"Polygon","coordinates":[[[55.2552045,25.1892019],[55.2552358,25.1892358],[55.2556127,25.1889504],[55.2555814,25.1889166],[55.2552045,25.1892019]]]}},{"type":"Feature","id":"osm-way-1144610273","properties":{"building":"yes","osm_type":"way","osm_id":1144610273,"height_m":12,"height_source":"type-estimate","height_is_estimated":true},"geometry":{"type":"Polygon","coordinates":[[[55.2557755,25.1887489],[55.2558152,25.1887907],[55.2561267,25.1885484],[55.2560871,25.1885066],[55.2557755,25.1887489]]]}},{"type":"Feature","id":"osm-way-1144610274","properties":{"building":"yes","building:levels":"11","start_date":"2010","osm_type":"way","osm_id":1144610274,"height_m":35.2,"height_source":"osm-levels-estimate","height_is_estimated":true},"geometry":{"type":"Polygon","coordinates":[[[55.2568729,25.1869044],[55.2571331,25.1871726],[55.2576693,25.1867811],[55.2573878,25.1864946],[55.2568729,25.1869044]]]}},{"type":"Feature","id":"osm-way-1145554006","properties":{"building":"yes","osm_type":"way","osm_id":1145554006,"height_m":12,"height_source":"type-estimate","height_is_estimated":true},"geometry":{"type":"Polygon","coordinates":[[[55.2676114,25.1861111],[55.2676431,25.18615],[55.2676813,25.1861245],[55.2676497,25.1860856],[55.2676114,25.1861111]]]}},{"type":"Feature","id":"osm-way-1145554007","properties":{"building":"yes","osm_type":"way","osm_id":1145554007,"height_m":12,"height_source":"type-estimate","height_is_estimated":true},"geometry":{"type":"Polygon","coordinates":[[[55.2675484,25.1861348],[55.2675785,25.1861801],[55.2676153,25.1861601],[55.2675853,25.1861147],[55.2675484,25.1861348]]]}},{"type":"Feature","id":"osm-way-1145554008","properties":{"building":"yes","osm_type":"way","osm_id":1145554008,"height_m":12,"height_source":"type-estimate","height_is_estimated":true},"geometry":{"type":"Polygon","coordinates":[[[55.2674834,25.1865231],[55.2675132,25.1865597],[55.2675571,25.1865304],[55.2675219,25.1864932],[55.2674834,25.1865231]]]}},{"type":"Feature","id":"osm-way-1145554034","properties":{"building":"yes","building:facade:colour":"#d48c6c","name:en":"Peninsula One","roof:colour":"#a0a0a0","osm_type":"way","osm_id":1145554034,"height_m":12,"height_source":"type-estimate","height_is_estimated":true},"geometry":{"type":"Polygon","coordinates":[[[55.2663547,25.185132],[55.2666831,25.184885],[55.2665881,25.1847824],[55.2666746,25.1847218],[55.2663779,25.1843908],[55.2662857,25.1842881],[55.2661829,25.1843736],[55.2661317,25.1843178],[55.2658607,25.184509],[55.2659076,25.1845621],[55.2658605,25.1845962],[55.2662041,25.184969],[55.2663547,25.185132]]]}},{"type":"Feature","id":"osm-way-1145556224","properties":{"building":"yes","osm_type":"way","osm_id":1145556224,"height_m":12,"height_source":"type-estimate","height_is_estimated":true},"geometry":{"type":"Polygon","coordinates":[[[55.2630222,25.1875195],[55.2630446,25.1875434],[55.2630765,25.187519],[55.2630541,25.187495],[55.2630222,25.1875195]]]}},{"type":"Feature","id":"osm-way-1145556225","properties":{"building":"yes","osm_type":"way","osm_id":1145556225,"height_m":12,"height_source":"type-estimate","height_is_estimated":true},"geometry":{"type":"Polygon","coordinates":[[[55.2629813,25.1875531],[55.2630021,25.1875753],[55.2630345,25.1875504],[55.2630137,25.1875282],[55.2629813,25.1875531]]]}},{"type":"Feature","id":"osm-way-1145556226","properties":{"building":"yes","osm_type":"way","osm_id":1145556226,"height_m":12,"height_source":"type-estimate","height_is_estimated":true},"geometry":{"type":"Polygon","coordinates":[[[55.2629394,25.1875841],[55.2629578,25.1876071],[55.2629902,25.1875859],[55.2629718,25.1875629],[55.2629394,25.1875841]]]}},{"type":"Feature","id":"osm-way-1145556227","properties":{"building":"yes","osm_type":"way","osm_id":1145556227,"height_m":12,"height_source":"type-estimate","height_is_estimated":true},"geometry":{"type":"Polygon","coordinates":[[[55.2633926,25.1872972],[55.2634573,25.1872537],[55.2634297,25.1872202],[55.2633651,25.1872637],[55.2633926,25.1872972]]]}},{"type":"Feature","id":"osm-way-1145556228","properties":{"building":"yes","osm_type":"way","osm_id":1145556228,"height_m":12,"height_source":"type-estimate","height_is_estimated":true},"geometry":{"type":"Polygon","coordinates":[[[55.2631771,25.1873223],[55.263279,25.1874357],[55.263419,25.1873327],[55.2633171,25.1872193],[55.2631771,25.1873223]]]}},{"type":"Feature","id":"osm-way-1146969101","properties":{"building":"hotel","building:levels":"63","height":"258","name":"Paramount Hotel Midtown","start_date":"2022","osm_type":"way","osm_id":1146969101,"height_m":258,"height_source":"osm-height","height_is_estimated":false},"geometry":{"type":"Polygon","coordinates":[[[55.2649319,25.1932772],[55.2655381,25.1936777],[55.2656786,25.1935406],[55.2652789,25.1929727],[55.2649319,25.1932772]]]}},{"type":"Feature","id":"osm-way-1182295711","properties":{"addr:city":"وسط مدينة دبي","addr:housenumber":"roof top floor, sofitel downtown","addr:postcode":"000000","addr:street":"Sheikh Zayed Rd - Downtown","amenity":"nightclub","building":"yes","description":"Best Arabian Nights In Dubai","min_age":"21","mobile":"+971 54 711 1729","name":"Space Club Dubai","opening_hours":"23:00-04:00","operator":"Space Club","payment:american_express":"yes","payment:cash":"yes","payment:credit_cards":"yes","payment:debit_cards":"yes","payment:mastercard":"yes","payment:visa":"yes","smoking":"yes","website":"https://spaceclubdubai.com/","wheelchair":"limited","osm_type":"way","osm_id":1182295711,"height_m":12,"height_source":"type-estimate","height_is_estimated":true},"geometry":{"type":"Polygon","coordinates":[[[55.2687334,25.2000143],[55.2688338,25.1999131],[55.2687075,25.1997434],[55.2686627,25.1998062],[55.2687334,25.2000143]]]}},{"type":"Feature","id":"osm-way-1182302195","properties":{"addr:city":"وسط مدينة دبي","addr:housenumber":"roof top sofitel downtown","addr:postcode":"000000","addr:street":"شارع الشيخ زايد","amenity":"nightclub","building":"yes","description":"Most Luxurious club In dubai","min_age":"21","name":"SPACE CLUB DUBAI","opening_hours":"23:00-04:00","operator":"SPACE CLUB","payment:cash":"yes","payment:credit_cards":"yes","payment:debit_cards":"yes","phone":"+971 54 711 1729","smoking":"yes","website":"https://spaceclubdubai.com/","wheelchair":"limited","osm_type":"way","osm_id":1182302195,"height_m":12,"height_source":"type-estimate","height_is_estimated":true},"geometry":{"type":"Polygon","coordinates":[[[55.2695716,25.2004262],[55.269812,25.200299],[55.2695105,25.1998777],[55.2692819,25.2000631],[55.2694354,25.2002718],[55.2695716,25.2004262]]]}},{"type":"Feature","id":"osm-way-1210721374","properties":{"addr:city":"الخليج التجاري","addr:place":"الخليج التجاري","building":"yes","name":"girgish | the everything agency","office":"advertising_agency","opening_hours":"24/7","phone":"+97143277338","website":"https://www.girgish.com/?utm_source=google&utm_medium=wix_google_business_profile&utm_campaign=15866637515726773861","osm_type":"way","osm_id":1210721374,"height_m":12,"height_source":"type-estimate","height_is_estimated":true},"geometry":{"type":"Polygon","coordinates":[[[55.2717789,25.1886243],[55.2716793,25.1886685],[55.2716316,25.1885737],[55.2717444,25.1885296],[55.2717789,25.1886243]]]}},{"type":"Feature","id":"osm-way-1230788344","properties":{"building":"construction","name":"Rove Home","osm_type":"way","osm_id":1230788344,"height_m":12,"height_source":"type-estimate","height_is_estimated":true},"geometry":{"type":"Polygon","coordinates":[[[55.2717793,25.1902115],[55.2714264,25.1904134],[55.2712879,25.190493],[55.2709114,25.1899905],[55.2710523,25.1899048],[55.2712473,25.1897812],[55.2714111,25.1896868],[55.2716658,25.1900542],[55.2717793,25.1902115]]]}},{"type":"Feature","id":"osm-way-1329000469","properties":{"building":"yes","building:levels":"3","height":"15","start_date":"2022","osm_type":"way","osm_id":1329000469,"height_m":15,"height_source":"osm-height","height_is_estimated":false},"geometry":{"type":"Polygon","coordinates":[[[55.2700227,25.1892203],[55.2706826,25.1890601],[55.2704653,25.1883563],[55.2700281,25.1884291],[55.2700575,25.1885796],[55.2698756,25.1886059],[55.2700227,25.1892203]]]}},{"type":"Feature","id":"osm-way-1329005885","properties":{"building":"apartments","height":"110","name:en":"Damac Zada Tower","start_date":"2023","osm_type":"way","osm_id":1329005885,"height_m":110,"height_source":"osm-height","height_is_estimated":false},"geometry":{"type":"Polygon","coordinates":[[[55.2613154,25.1844193],[55.2613862,25.1844002],[55.2614451,25.1843837],[55.2614234,25.1843225],[55.2616791,25.1842554],[55.2619054,25.1843765],[55.2620457,25.1848278],[55.2618086,25.1848987],[55.2618301,25.184957],[55.2616001,25.1850238],[55.2615489,25.1850386],[55.2613154,25.1844193]]]}},{"type":"Feature","id":"osm-way-1329019329","properties":{"building":"yes","building:levels":"2","height":"8","name":"Bay Avenue ​Mall","shop":"mall","osm_type":"way","osm_id":1329019329,"height_m":8,"height_source":"osm-height","height_is_estimated":false},"geometry":{"type":"Polygon","coordinates":[[[55.2662177,25.1927711],[55.2660849,25.1926583],[55.2660703,25.1924871],[55.2660448,25.1921348],[55.2659939,25.1917923],[55.2659612,25.1914927],[55.2657936,25.1911084],[55.2655027,25.1907486],[55.2649969,25.1903074],[55.2646258,25.1900701],[55.2644178,25.1899677],[55.2638612,25.1898606],[55.2635736,25.1898053],[55.2633724,25.189736],[55.2630127,25.1893519],[55.2633074,25.1891259],[55.2639534,25.1885908],[55.2642512,25.1884086],[55.2643548,25.1883315],[55.2644552,25.188442],[55.2646665,25.1886744],[55.2646213,25.188708],[55.2646674,25.1887587],[55.2647511,25.1886964],[55.2648755,25.1888332],[55.2647961,25.1888923],[55.2648666,25.1889699],[55.2649919,25.1890991],[55.2650592,25.1891725],[55.2650922,25.1891477],[55.2655856,25.1896861],[55.2656372,25.1897412],[55.2659482,25.1900865],[55.2659206,25.1901069],[55.2660162,25.1902131],[55.2660519,25.1901868],[55.2662144,25.1903672],[55.2663263,25.1905312],[55.2664503,25.1906623],[55.266623,25.1907895],[55.2671026,25.1912974],[55.2670473,25.1913402],[55.267142,25.1914405],[55.2672009,25.1913951],[55.2673167,25.1915177],[55.2672837,25.1915432],[55.2675748,25.1918514],[55.2677891,25.1920586],[55.2677122,25.1921174],[55.2675675,25.1922282],[55.2671461,25.1925594],[55.2667449,25.1927791],[55.2664393,25.1930106],[55.2662177,25.1927711]]]}},{"type":"Feature","id":"osm-way-1329050307","properties":{"addr:housenumber":"153/1","addr:street":"Sheikh Zayed road","building":"yes","building:levels":"42","height":"170","start_date":"2020","osm_type":"way","osm_id":1329050307,"height_m":170,"height_source":"osm-height","height_is_estimated":false},"geometry":{"type":"Polygon","coordinates":[[[55.2583592,25.1878167],[55.2581848,25.1879472],[55.2580103,25.1880777],[55.2577671,25.1878115],[55.2581162,25.1875505],[55.2583592,25.1878167]]]}},{"type":"Feature","id":"osm-way-1330380446","properties":{"building":"roof","layer":"1","osm_type":"way","osm_id":1330380446,"height_m":12,"height_source":"type-estimate","height_is_estimated":true},"geometry":{"type":"Polygon","coordinates":[[[55.2722469,25.1974498],[55.2722799,25.1974025],[55.2723058,25.1974176],[55.2722743,25.1974649],[55.2722469,25.1974498]]]}},{"type":"Feature","id":"osm-way-1381226811","properties":{"addr:city":"Dubai","addr:housenumber":"Room 3001","addr:street":"Burj Khalifa st - Business Bay","building":"retail","building:levels":"30","image":"https://privatetailor.bottegadalmut.com/wp-content/uploads/2025/04/slider-sito-clubhouse-copia.jpg","name":"Bottega Dalmut Clubhouse Dubai","website":"https://privatetailor.bottegadalmut.com/dubai/","osm_type":"way","osm_id":1381226811,"height_m":96,"height_source":"osm-levels-estimate","height_is_estimated":true},"geometry":{"type":"Polygon","coordinates":[[[55.2674192,25.1920737],[55.2675576,25.1919591],[55.2677122,25.1921174],[55.2675675,25.1922282],[55.2674192,25.1920737]]]}},{"type":"Feature","id":"osm-way-1472040125","properties":{"building":"yes","building:levels":"20","height":"75","osm_type":"way","osm_id":1472040125,"height_m":75,"height_source":"osm-height","height_is_estimated":false},"geometry":{"type":"Polygon","coordinates":[[[55.2739774,25.1854686],[55.2738497,25.1853174],[55.2742895,25.1850133],[55.2744172,25.1851645],[55.2739774,25.1854686]]]}},{"type":"Feature","id":"osm-way-1472040127","properties":{"building":"yes","height":"170","osm_type":"way","osm_id":1472040127,"height_m":170,"height_source":"osm-height","height_is_estimated":false},"geometry":{"type":"Polygon","coordinates":[[[55.2692436,25.1943593],[55.2693483,25.193865],[55.269551,25.1939002],[55.2694462,25.1943945],[55.2692436,25.1943593]]]}},{"type":"Feature","id":"osm-way-1478520269","properties":{"alt_name":"Peninsula Two","building":"apartments","building:levels":"35","height":"130","name":"Two","osm_type":"way","osm_id":1478520269,"height_m":130,"height_source":"osm-height","height_is_estimated":false},"geometry":{"type":"Polygon","coordinates":[[[55.2667039,25.1856295],[55.2667377,25.1855008],[55.2665495,25.1854591],[55.266227,25.1856988],[55.2663739,25.1858608],[55.2664198,25.1858289],[55.2665109,25.1859336],[55.2665927,25.1858098],[55.2667039,25.1856295]]]}},{"type":"Feature","id":"osm-way-1494150406","properties":{"alt_name":"Peninsula Three","building":"apartments","building:levels":"49","height":"180","name":"Three","osm_type":"way","osm_id":1494150406,"height_m":180,"height_source":"osm-height","height_is_estimated":false},"geometry":{"type":"Polygon","coordinates":[[[55.2691244,25.1855133],[55.2686622,25.1850073],[55.2685654,25.1850316],[55.268514,25.1851038],[55.2687044,25.1853063],[55.2687807,25.1853875],[55.2689839,25.1856204],[55.2690762,25.1855904],[55.269097,25.1855507],[55.2691244,25.1855133]]]}},{"type":"Feature","id":"osm-way-1496576972","properties":{"building":"yes","osm_type":"way","osm_id":1496576972,"height_m":12,"height_source":"type-estimate","height_is_estimated":true},"geometry":{"type":"Polygon","coordinates":[[[55.2745561,25.2042157],[55.2744166,25.2042911],[55.2742979,25.2041112],[55.2744374,25.2040358],[55.2744718,25.2040879],[55.2745561,25.2042157]]]}},{"type":"Feature","id":"osm-way-1526166178","properties":{"building":"residential","building:levels":"30","name":"Damac Merano Tower","osm_type":"way","osm_id":1526166178,"height_m":96,"height_source":"osm-levels-estimate","height_is_estimated":true},"geometry":{"type":"Polygon","coordinates":[[[55.2604251,25.1855963],[55.2607088,25.1854826],[55.2607813,25.1854542],[55.2607676,25.1854296],[55.2607558,25.1853972],[55.2608187,25.1853728],[55.2605688,25.1848036],[55.2604508,25.1848516],[55.2604256,25.1847992],[55.2600291,25.184954],[55.260067,25.1850026],[55.2599886,25.1850342],[55.2604251,25.1855963]]]}},{"type":"Feature","id":"osm-way-1526417643","properties":{"building":"service","building:levels":"2","name":"BBAY Substation","roof:shape":"flat","osm_type":"way","osm_id":1526417643,"height_m":6.4,"height_source":"osm-levels-estimate","height_is_estimated":true},"geometry":{"type":"Polygon","coordinates":[[[55.2636397,25.1852955],[55.2638784,25.1851805],[55.263806,25.1850576],[55.2637429,25.185088],[55.2637187,25.1850469],[55.2638153,25.1850003],[55.2637334,25.1848613],[55.2634261,25.1850095],[55.26351,25.185152],[55.2636115,25.185103],[55.2636309,25.185136],[55.2635647,25.185168],[55.2636397,25.1852955]]]}},{"type":"Feature","id":"osm-way-1526417648","properties":{"building":"service","building:levels":"1","name":"SS20587","roof:shape":"flat","osm_type":"way","osm_id":1526417648,"height_m":3.2,"height_source":"osm-levels-estimate","height_is_estimated":true},"geometry":{"type":"Polygon","coordinates":[[[55.2680941,25.1859129],[55.2681489,25.1858708],[55.2680335,25.1857475],[55.2679786,25.1857896],[55.2680941,25.1859129]]]}},{"type":"Feature","id":"osm-way-1526417649","properties":{"building":"commercial","building:facade:colour":"#787a7c","building:levels":"1","roof:colour":"#a0a0a0","roof:shape":"flat","osm_type":"way","osm_id":1526417649,"height_m":3.2,"height_source":"osm-levels-estimate","height_is_estimated":true},"geometry":{"type":"Polygon","coordinates":[[[55.2681834,25.1853896],[55.2682025,25.1852973],[55.2680824,25.185277],[55.2680761,25.1853076],[55.2680633,25.1853692],[55.2681834,25.1853896]]]}},{"type":"Feature","id":"osm-way-1526417650","properties":{"alt_name":"Peninsula Four - The Offices","building":"construction","building:colour":"#606060","building:levels":"8","building:material":"glass","check_date":"2026-07-05","construction":"commercial","height":"32","name":"Four The Offices","roof:colour":"#a0a0a0","roof:material":"concrete","roof:shape":"flat","osm_type":"way","osm_id":1526417650,"height_m":32,"height_source":"osm-height","height_is_estimated":false},"geometry":{"type":"Polygon","coordinates":[[[55.267586,25.1853029],[55.2672749,25.1849708],[55.2674043,25.1848699],[55.2674978,25.1848022],[55.2676427,25.1849579],[55.2678115,25.1851324],[55.267586,25.1853029]]]}},{"type":"Feature","id":"osm-way-1526438740","properties":{"building":"construction","building:levels":"33","check_date":"2026-06-05","construction":"commercial","name":"Polaris","note":"final height 35 lvl, construction on hold 2026 06","osm_type":"way","osm_id":1526438740,"height_m":105.60000000000001,"height_source":"osm-levels-estimate","height_is_estimated":true},"geometry":{"type":"Polygon","coordinates":[[[55.2617571,25.1863453],[55.2618372,25.1864954],[55.2619421,25.1866689],[55.2620593,25.186851],[55.2621521,25.1869994],[55.2622257,25.1869494],[55.2627571,25.1865335],[55.2626987,25.1864345],[55.2627839,25.1863951],[55.2626167,25.1860946],[55.2625228,25.1861351],[55.2624599,25.186026],[55.2617571,25.1863453]]]}},{"type":"Feature","id":"osm-way-1526438741","properties":{"building":"commercial","building:levels":"4","name":"Ontario Tower","osm_type":"way","osm_id":1526438741,"height_m":12.8,"height_source":"osm-levels-estimate","height_is_estimated":true},"geometry":{"type":"Polygon","coordinates":[[[55.2617571,25.1863453],[55.2624599,25.186026],[55.2624127,25.1859379],[55.2625126,25.1858921],[55.2624992,25.1858085],[55.2624023,25.1856345],[55.2623338,25.1855873],[55.2622399,25.1856197],[55.2621982,25.1855347],[55.2614919,25.1858354],[55.2615731,25.1860007],[55.2616599,25.1861595],[55.2617571,25.1863453]]]}},{"type":"Feature","id":"osm-way-1526616657","properties":{"building":"yes","layer":"-1","osm_type":"way","osm_id":1526616657,"height_m":12,"height_source":"type-estimate","height_is_estimated":true},"geometry":{"type":"Polygon","coordinates":[[[55.2563071,25.1861145],[55.2562951,25.1862736],[55.2565067,25.1861387],[55.2567434,25.1859973],[55.2570457,25.1857741],[55.2572051,25.1856538],[55.2573496,25.1855753],[55.2575128,25.1853146],[55.2570619,25.1855878],[55.2568573,25.1857567],[55.2567333,25.1858532],[55.2566448,25.1859221],[55.2563071,25.1861145]]]}},{"type":"Feature","id":"osm-way-1526658714","properties":{"building":"construction","building:levels":"12","check_date":"2026-06-06","roof:shape":"flat","osm_type":"way","osm_id":1526658714,"height_m":38.400000000000006,"height_source":"osm-levels-estimate","height_is_estimated":true},"geometry":{"type":"Polygon","coordinates":[[[55.2673187,25.1969826],[55.2676321,25.196788],[55.2674554,25.1965551],[55.2671421,25.1967498],[55.267156,25.1967691],[55.2671743,25.1967922],[55.2673187,25.1969826]]]}},{"type":"Feature","id":"osm-way-1526658715","properties":{"building":"construction","building:levels":"36","check_date":"2026-06-06","construction":"residential","name":"SRG Tower","roof:shape":"flat","osm_type":"way","osm_id":1526658715,"height_m":115.2,"height_source":"osm-levels-estimate","height_is_estimated":true},"geometry":{"type":"Polygon","coordinates":[[[55.267153,25.1970862],[55.2670075,25.1969002],[55.2669893,25.1968771],[55.2669702,25.1968524],[55.2667392,25.1970004],[55.266922,25.1972341],[55.267153,25.1970862]]]}},{"type":"Feature","id":"osm-way-1526658716","properties":{"building":"construction","building:levels":"11","building:min_level":"9","check_date":"2026-06-06","construction":"residential","roof:shape":"flat","osm_type":"way","osm_id":1526658716,"height_m":35.2,"height_source":"osm-levels-estimate","height_is_estimated":true},"geometry":{"type":"Polygon","coordinates":[[[55.2670075,25.1969002],[55.2671743,25.1967922],[55.267156,25.1967691],[55.2669893,25.1968771],[55.2670075,25.1969002]]]}},{"type":"Feature","id":"osm-way-1526658717","properties":{"building":"construction","building:levels":"6","check_date":"2026-06-06","roof:shape":"flat","osm_type":"way","osm_id":1526658717,"height_m":19.200000000000003,"height_source":"osm-levels-estimate","height_is_estimated":true},"geometry":{"type":"Polygon","coordinates":[[[55.2674856,25.1974648],[55.267783,25.1972761],[55.2676579,25.197115],[55.2673561,25.1973119],[55.2674856,25.1974648]]]}},{"type":"Feature","id":"osm-way-1526658719","properties":{"building":"construction","building:levels":"63","check_date":"2026-06-06","construction":"residential","name":"Volta","osm_type":"way","osm_id":1526658719,"height_m":201.60000000000002,"height_source":"osm-levels-estimate","height_is_estimated":true},"geometry":{"type":"Polygon","coordinates":[[[55.2673512,25.1975565],[55.267349,25.1975429],[55.2673413,25.197531],[55.2672658,25.1974334],[55.2672474,25.1974129],[55.2672271,25.1974013],[55.2672019,25.1974033],[55.2671714,25.1974218],[55.2669809,25.1975434],[55.266964,25.197559],[55.2669522,25.1975688],[55.2669472,25.1975846],[55.266951,25.1976076],[55.2669614,25.1976204],[55.2670434,25.1977168],[55.2670522,25.1977232],[55.2670633,25.1977276],[55.2670771,25.1977303],[55.2670872,25.1977313],[55.2671002,25.1977283],[55.2671165,25.1977182],[55.2673259,25.1975844],[55.2673447,25.1975696],[55.2673509,25.1975572],[55.2673512,25.1975565]]]}},{"type":"Feature","id":"osm-way-1527622190","properties":{"building":"commercial","building:levels":"28","osm_type":"way","osm_id":1527622190,"height_m":89.60000000000001,"height_source":"osm-levels-estimate","height_is_estimated":true},"geometry":{"type":"Polygon","coordinates":[[[55.2617728,25.1873353],[55.2618905,25.187244],[55.2621701,25.1870281],[55.2627711,25.186561],[55.2628713,25.1867029],[55.2629006,25.1866889],[55.2629548,25.1866815],[55.2629532,25.186723],[55.2629741,25.1867232],[55.2629789,25.1868118],[55.2629729,25.1869204],[55.2629486,25.1870264],[55.2628994,25.1871556],[55.2628996,25.1872133],[55.2629073,25.187292],[55.2629049,25.1873204],[55.2628992,25.1873452],[55.2628882,25.1873676],[55.2628675,25.1873862],[55.262262,25.1878551],[55.2617728,25.1873353]]]}},{"type":"Feature","id":"osm-way-1528427992","properties":{"building":"commercial","building:colour":"#dcd8c7","building:levels":"1","building:material":"sandstone","roof:colour":"#c0c0c0","roof:shape":"flat","osm_type":"way","osm_id":1528427992,"height_m":3.2,"height_source":"osm-levels-estimate","height_is_estimated":true},"geometry":{"type":"Polygon","coordinates":[[[55.2667577,25.1854243],[55.2667377,25.1855008],[55.2667039,25.1856295],[55.2665927,25.1858098],[55.2666522,25.1858253],[55.2666139,25.1859701],[55.2667905,25.1860038],[55.2669897,25.1860396],[55.2671211,25.1860432],[55.2672405,25.1860214],[55.2672351,25.186002],[55.2673746,25.1859656],[55.2675181,25.1859182],[55.2676616,25.1858612],[55.2677018,25.1858673],[55.2677407,25.1858066],[55.2677152,25.1857836],[55.2674936,25.1855493],[55.2674825,25.1855578],[55.26716,25.1852326],[55.2670326,25.1852508],[55.2670125,25.1853369],[55.2669749,25.185468],[55.2667577,25.1854243]]]}},{"type":"Feature","id":"osm-way-1528427998","properties":{"alt_name":"Peninsula Four - Plaza B","building":"construction","building:colour":"#f8e0c7","building:material":"stone","height":"9","name":"Four The Plaza B","roof:colour":"#c0c0c0","roof:material":"concrete","roof:shape":"flat","osm_type":"way","osm_id":1528427998,"height_m":9,"height_source":"osm-height","height_is_estimated":false},"geometry":{"type":"Polygon","coordinates":[[[55.2678115,25.1851324],[55.2679406,25.1850314],[55.2680077,25.1849821],[55.2682705,25.1847887],[55.2682786,25.1847328],[55.2682626,25.1846656],[55.2679891,25.1846922],[55.2676427,25.1849579],[55.2678115,25.1851324]]]}},{"type":"Feature","id":"osm-way-1528428006","properties":{"building":"residential","building:levels":"3","osm_type":"way","osm_id":1528428006,"height_m":9.600000000000001,"height_source":"osm-levels-estimate","height_is_estimated":true},"geometry":{"type":"Polygon","coordinates":[[[55.2687807,25.1853875],[55.2687044,25.1853063],[55.2686651,25.1855833],[55.2685747,25.1862209],[55.2685808,25.1862659],[55.2686682,25.1863673],[55.2689082,25.186407],[55.2690692,25.1862201],[55.2691649,25.1856197],[55.269097,25.1855507],[55.2690762,25.1855904],[55.2689839,25.1856204],[55.2687807,25.1853875]]]}},{"type":"Feature","id":"osm-way-1528428007","properties":{"building":"service","building:levels":"1","roof:height":"0.3","roof:shape":"pyramidal","osm_type":"way","osm_id":1528428007,"height_m":3.2,"height_source":"osm-levels-estimate","height_is_estimated":true},"geometry":{"type":"Polygon","coordinates":[[[55.2679316,25.1857114],[55.2679576,25.1857402],[55.2679862,25.185719],[55.2679602,25.1856902],[55.2679316,25.1857114]]]}},{"type":"Feature","id":"osm-way-1528428008","properties":{"building":"service","building:levels":"1","osm_type":"way","osm_id":1528428008,"height_m":3.2,"height_source":"osm-levels-estimate","height_is_estimated":true},"geometry":{"type":"Polygon","coordinates":[[[55.2658627,25.186075],[55.2659072,25.1861191],[55.2659674,25.1860693],[55.2659229,25.1860252],[55.2658627,25.186075]]]}},{"type":"Feature","id":"osm-way-1528428010","properties":{"building":"apartments","osm_type":"way","osm_id":1528428010,"height_m":24,"height_source":"type-estimate","height_is_estimated":true},"geometry":{"type":"Polygon","coordinates":[[[55.2663663,25.1864395],[55.2663332,25.1863686],[55.266188,25.186323],[55.2660163,25.1864468],[55.2660216,25.1864891],[55.2660288,25.1865478],[55.2659439,25.1865543],[55.265981,25.186973],[55.2662499,25.1869549],[55.2663663,25.1864395]]]}},{"type":"Feature","id":"osm-way-1528707146","properties":{"building":"construction","check_date":"2026-06-12","construction":"apartments","name":"Bugatti Residences","operator":"Binghatti","osm_type":"way","osm_id":1528707146,"height_m":12,"height_source":"type-estimate","height_is_estimated":true},"geometry":{"type":"Polygon","coordinates":[[[55.2652874,25.1872352],[55.2652657,25.1872337],[55.2651818,25.187227],[55.2650828,25.187223],[55.265032,25.1872345],[55.2649816,25.1872668],[55.2649258,25.1873303],[55.2648856,25.1873952],[55.2648543,25.1874642],[55.2648304,25.1875427],[55.2648148,25.1876177],[55.2648252,25.187688],[55.2648577,25.1877464],[55.2648919,25.1877897],[55.2649471,25.1878363],[55.2649949,25.1878563],[55.2650364,25.1878646],[55.2650436,25.1878642],[55.2650637,25.1878745],[55.2651014,25.1878887],[55.2651426,25.1878988],[55.2651697,25.1879055],[55.2653534,25.1879015],[55.2653933,25.18791],[55.265428,25.1879408],[55.2654412,25.1879655],[55.2654285,25.1880511],[55.2654298,25.1880753],[55.2654432,25.1881026],[55.26547,25.1881275],[55.2657624,25.1882901],[55.2657899,25.188292],[55.265805,25.1882656],[55.2658187,25.1882295],[55.2658841,25.187921],[55.2659134,25.187874],[55.2659278,25.1878162],[55.2659383,25.1877124],[55.2659012,25.1876225],[55.2657734,25.1875092],[55.2656372,25.187391],[55.265609,25.187378],[55.2655812,25.1873749],[55.265552,25.1873758],[55.265534,25.187382],[55.265505,25.1873774],[55.2654796,25.1873721],[55.2654099,25.1873563],[55.2653419,25.1873207],[55.265341,25.1872944],[55.2653324,25.1872615],[55.2653156,25.1872451],[55.2652874,25.1872352]]]}},{"type":"Feature","id":"osm-way-1528954672","properties":{"building":"commercial","building:facade:colour":"#d48c6c","roof:colour":"#a0a0a0","osm_type":"way","osm_id":1528954672,"height_m":20,"height_source":"type-estimate","height_is_estimated":true},"geometry":{"type":"Polygon","coordinates":[[[55.2659355,25.1847918],[55.265741,25.1849411],[55.2657534,25.1850424],[55.2657664,25.1851366],[55.2657997,25.1852069],[55.2658485,25.1852869],[55.2659698,25.185413],[55.2662837,25.1851799],[55.2659355,25.1847918]]]}},{"type":"Feature","id":"osm-way-1528974540","properties":{"building":"construction","building:levels":"36","check_date":"2026-06-13","construction":"residential","name":"Tower B","opening_date":"2026-12-31","osm_type":"way","osm_id":1528974540,"height_m":115.2,"height_source":"osm-levels-estimate","height_is_estimated":true},"geometry":{"type":"Polygon","coordinates":[[[55.2681761,25.1886615],[55.2680544,25.1891826],[55.268284,25.1892265],[55.2683149,25.1890945],[55.2684058,25.1887054],[55.2681761,25.1886615]]]}},{"type":"Feature","id":"osm-way-1528974541","properties":{"building":"construction","building:levels":"46","check_date":"2026-06-13","construction":"residential","name":"Tower A","opening_date":"2026-12-31","osm_type":"way","osm_id":1528974541,"height_m":147.20000000000002,"height_source":"osm-levels-estimate","height_is_estimated":true},"geometry":{"type":"Polygon","coordinates":[[[55.2685358,25.1886085],[55.2685333,25.1887026],[55.2685299,25.1888273],[55.2691342,25.1888408],[55.2691401,25.1886219],[55.2685358,25.1886085]]]}},{"type":"Feature","id":"osm-way-1529564059","properties":{"alt_name":"The St. Regis Residences, Downtown Dubai Tower 2","building":"construction","building:levels":"43","construction":"apartments","height":"171","name":"Tower 2","osm_type":"way","osm_id":1529564059,"height_m":171,"height_source":"osm-height","height_is_estimated":false},"geometry":{"type":"Polygon","coordinates":[[[55.2705555,25.1941809],[55.2704467,25.1946192],[55.2707197,25.1946747],[55.2708286,25.1942365],[55.2705555,25.1941809]]]}},{"type":"Feature","id":"osm-way-1529564060","properties":{"alt_name":"The St. Regis Residences, Downtown Dubai Tower 1","building":"construction","building:levels":"67","construction":"apartments","height":"262","name":"Tower 1","osm_type":"way","osm_id":1529564060,"height_m":262,"height_source":"osm-height","height_is_estimated":false},"geometry":{"type":"Polygon","coordinates":[[[55.270793,25.1947469],[55.270481,25.1950732],[55.2707002,25.1952448],[55.2710121,25.1949184],[55.270793,25.1947469]]]}},{"type":"Feature","id":"osm-way-1529564061","properties":{"building":"construction","building:levels":"65","check_date":"2026-06-12","construction":"apartments","name":"Skyblade","opening_date":"2027-12-31","operator":"Binghatti","osm_type":"way","osm_id":1529564061,"height_m":208,"height_source":"osm-levels-estimate","height_is_estimated":true},"geometry":{"type":"Polygon","coordinates":[[[55.2722037,25.1894573],[55.2722292,25.1895434],[55.2724264,25.1898262],[55.2724881,25.1898663],[55.2725725,25.1898796],[55.2726436,25.189859],[55.2727683,25.1897849],[55.2728153,25.1897315],[55.2728374,25.1896636],[55.2728227,25.1895902],[55.2726208,25.1893068],[55.2725497,25.1892376],[55.2724612,25.189217],[55.2723714,25.189234],[55.27224,25.1893129],[55.2722091,25.1893845],[55.2722037,25.1894573]]]}},{"type":"Feature","id":"osm-way-1531415854","properties":{"building":"construction","check_date":"2026-06-21","construction":"apartments","name":"Solara Tower","opening_date":"2027-12-31","operator":"Sol Properties Development","osm_type":"way","osm_id":1531415854,"height_m":12,"height_source":"type-estimate","height_is_estimated":true},"geometry":{"type":"Polygon","coordinates":[[[55.2715283,25.1897254],[55.2717598,25.190025],[55.2717846,25.1900571],[55.272023,25.1899115],[55.2720007,25.1898792],[55.272247,25.1897315],[55.2720245,25.189422],[55.2715283,25.1897254]]]}},{"type":"Feature","id":"osm-way-1532722100","properties":{"building":"yes","building:levels":"20","height":"70","name":"Symphony Tower","name:en":"Symphony Tower","start_date":"2018","osm_type":"way","osm_id":1532722100,"height_m":70,"height_source":"osm-height","height_is_estimated":false},"geometry":{"type":"Polygon","coordinates":[[[55.2679602,25.1866618],[55.2679215,25.1868374],[55.2678836,25.1869903],[55.2678479,25.1871511],[55.2673116,25.1870499],[55.267399,25.1866625],[55.2673898,25.1863787],[55.2677322,25.1862671],[55.267781,25.1862758],[55.2678251,25.1862938],[55.2678606,25.1863262],[55.2679925,25.1864786],[55.2679602,25.1866618]]]}},{"type":"Feature","id":"osm-way-1534915455","properties":{"building":"construction","building:facade:colour":"#a0a0a0","building:levels":"8","building:material":"concrete","construction":"garage","height":"32","roof:colour":"#a0a0a0","roof:shape":"flat","osm_type":"way","osm_id":1534915455,"height_m":32,"height_source":"osm-height","height_is_estimated":false},"geometry":{"type":"Polygon","coordinates":[[[55.2663449,25.2014378],[55.266847,25.2011492],[55.2666381,25.2008616],[55.266141,25.2011417],[55.2663449,25.2014378]]]}},{"type":"Feature","id":"osm-way-1534915468","properties":{"alt_name":"Viridian at Central Park","building":"apartments","building:facade:colour":"#f8e0c7","building:facade:material":"stone","building:levels":"8","height":"32","name":"Viridian","operator":"Meraas","roof:colour":"#c0c0c0","roof:shape":"flat","osm_type":"way","osm_id":1534915468,"height_m":32,"height_source":"osm-height","height_is_estimated":false},"geometry":{"type":"Polygon","coordinates":[[[55.2613958,25.2052943],[55.2618739,25.2050248],[55.2615315,25.2045276],[55.2613848,25.2046102],[55.2616389,25.2049794],[55.2613075,25.2051661],[55.2613958,25.2052943]]]}},{"type":"Feature","id":"osm-way-1534915469","properties":{"alt_name":"Central Park at City Walk Building 1","building":"apartments","building:facade:colour":"#f8e0c7","building:facade:material":"stone","building:levels":"10","name":"Building 1","operator":"Meraas","roof:colour":"#c0c0c0","roof:shape":"flat","osm_type":"way","osm_id":1534915469,"height_m":32,"height_source":"osm-levels-estimate","height_is_estimated":true},"geometry":{"type":"Polygon","coordinates":[[[55.2614736,25.2043993],[55.261143,25.2039034],[55.2604487,25.2042824],[55.2605603,25.2044497],[55.2610715,25.2041705],[55.2612907,25.2044992],[55.2614736,25.2043993]]]}},{"type":"Feature","id":"osm-way-1534915470","properties":{"building":"apartments","building:facade:colour":"#f8e0c7","building:facade:material":"stone","building:levels":"8","height":"32","name":"Celadon 1","operator":"Meraas","roof:colour":"#c0c0c0","roof:shape":"flat","osm_type":"way","osm_id":1534915470,"height_m":32,"height_source":"osm-height","height_is_estimated":false},"geometry":{"type":"Polygon","coordinates":[[[55.26016,25.2027324],[55.2603387,25.2030075],[55.2605032,25.20292],[55.2603244,25.2026449],[55.26016,25.2027324]]]}},{"type":"Feature","id":"osm-way-1534915471","properties":{"building":"apartments","building:facade:colour":"#f8e0c7","building:facade:material":"stone","building:levels":"8","height":"32","name":"Celadon 2","operator":"Meraas","roof:colour":"#c0c0c0","roof:shape":"flat","osm_type":"way","osm_id":1534915471,"height_m":32,"height_source":"osm-height","height_is_estimated":false},"geometry":{"type":"Polygon","coordinates":[[[55.2597118,25.2027513],[55.260016,25.20259],[55.2599196,25.2024411],[55.2596153,25.2026025],[55.2597118,25.2027513]]]}},{"type":"Feature","id":"osm-way-1534915472","properties":{"building":"apartments","building:facade:colour":"#f8e0c7","building:facade:material":"stone","building:levels":"8","height":"32","name":"Celadon 3","operator":"Meraas","roof:colour":"#c0c0c0","roof:shape":"flat","osm_type":"way","osm_id":1534915472,"height_m":32,"height_source":"osm-height","height_is_estimated":false},"geometry":{"type":"Polygon","coordinates":[[[55.2592254,25.2030232],[55.2595297,25.2028618],[55.2594332,25.2027129],[55.259129,25.2028743],[55.2592254,25.2030232]]]}},{"type":"Feature","id":"osm-way-1534915473","properties":{"building":"construction","construction":"apartments","name":"Central Park Plaza","opening_date":"2026-10-31","operator":"Meraas","osm_type":"way","osm_id":1534915473,"height_m":12,"height_source":"type-estimate","height_is_estimated":true},"geometry":{"type":"Polygon","coordinates":[[[55.2595057,25.2056707],[55.2597875,25.2060892],[55.2612665,25.2052737],[55.2609848,25.2048555],[55.2595057,25.2056707]]]}},{"type":"Feature","id":"osm-way-1534915474","properties":{"alt_name":"Laurel at Central Park","building":"construction","building:levels":"12","construction":"apartments","height":"60","name":"Laurel","operator":"Meraas","osm_type":"way","osm_id":1534915474,"height_m":60,"height_source":"osm-height","height_is_estimated":false},"geometry":{"type":"Polygon","coordinates":[[[55.2578724,25.2045573],[55.2582276,25.2050941],[55.2590664,25.2046398],[55.2589595,25.2044782],[55.2582678,25.2048528],[55.2580196,25.2044776],[55.2578724,25.2045573]]]}},{"type":"Feature","id":"osm-way-1534915475","properties":{"alt_name":"Thyme at Central Park","building":"construction","building:levels":"10","construction":"apartments","height":"40","name":"Thyme","operator":"Meraas","osm_type":"way","osm_id":1534915475,"height_m":40,"height_source":"osm-height","height_is_estimated":false},"geometry":{"type":"Polygon","coordinates":[[[55.2580075,25.2035426],[55.2574378,25.2038487],[55.2577666,25.2043496],[55.2579198,25.2042673],[55.2576771,25.2038975],[55.2580936,25.2036738],[55.2580075,25.2035426]]]}},{"type":"Feature","id":"osm-way-1534915476","properties":{"alt_name":"Erin at Central Park","building":"construction","building:levels":"12","construction":"apartments","height":"60","name":"Erin","operator":"Meraas","osm_type":"way","osm_id":1534915476,"height_m":60,"height_source":"osm-height","height_is_estimated":false},"geometry":{"type":"Polygon","coordinates":[[[55.259434,25.2036648],[55.2589861,25.2029734],[55.2582997,25.2033374],[55.2584078,25.2035042],[55.2589164,25.2032344],[55.2592564,25.203759],[55.259434,25.2036648]]]}},{"type":"Feature","id":"osm-way-1534915477","properties":{"alt_name":"Castleton at City Walk","building":"construction","building:facade:colour":"grey","building:facade:material":"glass","building:levels":"22","construction":"apartments","name":"Castleton","operator":"Meraas","roof:colour":"#c0c0c0","roof:shape":"flat","osm_type":"way","osm_id":1534915477,"height_m":70.4,"height_source":"osm-levels-estimate","height_is_estimated":true},"geometry":{"type":"Polygon","coordinates":[[[55.2609606,25.203631],[55.2605584,25.2030328],[55.2603837,25.2031289],[55.2607858,25.2037272],[55.2609606,25.203631]]]}},{"type":"Feature","id":"osm-way-1541271831","properties":{"building":"construction","building:facade:colour":"#a0a0a0","building:facade:material":"concrete","building:levels":"4","check_date":"2026-07-21","construction":"apartments","name":"The Edge","roof:colour":"#a0a0a0","roof:material":"concrete","roof:shape":"flat","osm_type":"way","osm_id":1541271831,"height_m":12.8,"height_source":"osm-levels-estimate","height_is_estimated":true},"geometry":{"type":"Polygon","coordinates":[[[55.2684058,25.1887054],[55.2683149,25.1890945],[55.269128,25.1891022],[55.2691342,25.1888408],[55.2685299,25.1888273],[55.2685333,25.1887026],[55.2684058,25.1887054]]]}}],"metadata":{"source":["OpenStreetMap","Dubai Municipality metadata when explicitly matched"],"generatedAt":"2026-09-10T00:39:00.016Z","pipelineVersion":1,"bounds":[55.255,25.185,55.275,25.205],"license":"ODbL-1.0"}}
