{"type":"FeatureCollection","features":[{"type":"Feature","id":"osm-way-12856008","properties":{"foot":"yes","highway":"residential","lanes":"2","lit":"yes","maxspeed":"40","name":"شارع 45","name:ar":"شارع 45","name:en":"45 Street","sidewalk":"right","source":"YWMS","surface":"asphalt","osm_type":"way","osm_id":12856008,"road_class":"residential","source_priority":"osm-general"},"geometry":{"type":"LineString","coordinates":[[55.2539296,25.1899871],[55.2541127,25.1898474],[55.2541957,25.1897841],[55.2542853,25.1897159],[55.2544447,25.1895943],[55.2544781,25.1895688],[55.2545214,25.1895343],[55.2548372,25.1892841],[55.255012,25.1891495]]}},{"type":"Feature","id":"osm-way-12856285","properties":{"highway":"residential","lanes":"2","name":"48b شارع","name:ar":"48b شارع","name:en":"48b Street","source":"YWMS","surface":"asphalt","osm_type":"way","osm_id":12856285,"road_class":"residential","source_priority":"osm-general"},"geometry":{"type":"LineString","coordinates":[[55.255434,25.1932183],[55.2548632,25.1926024],[55.2544013,25.1921065],[55.2542817,25.1919805],[55.2535741,25.1912132],[55.2532322,25.1908378]]}},{"type":"Feature","id":"osm-way-12856363","properties":{"highway":"residential","lanes":"1","name":"12a شارع","name:ar":"12a شارع","name:en":"12a Street","oneway":"yes","surface":"asphalt","osm_type":"way","osm_id":12856363,"road_class":"residential","source_priority":"osm-general"},"geometry":{"type":"LineString","coordinates":[[55.2552236,25.2045556],[55.2552072,25.2044982],[55.2551967,25.2044498],[55.2551847,25.2044009],[55.2551677,25.2043533],[55.255146,25.2043073],[55.2550922,25.2042089]]}},{"type":"Feature","id":"osm-way-12856445","properties":{"highway":"residential","lanes":"2","name":"شارع 29","name:ar":"شارع 29","name:en":"29 Street","source":"YWMS","surface":"asphalt","osm_type":"way","osm_id":12856445,"road_class":"residential","source_priority":"osm-general"},"geometry":{"type":"LineString","coordinates":[[55.2513466,25.1988667],[55.2518487,25.1985754],[55.2521104,25.1984242],[55.252264,25.1983346],[55.2526235,25.1981233],[55.2527691,25.1980397],[55.2528661,25.1979833],[55.2532448,25.1977693],[55.2535937,25.1975696],[55.2540744,25.1972934],[55.2544116,25.1970996],[55.2550828,25.1967103],[55.255544,25.1964474]]}},{"type":"Feature","id":"osm-way-12856492","properties":{"highway":"residential","lanes":"2","name":"36b شارع","name:ar":"36b شارع","name:en":"36b Street","source":"YWMS","surface":"asphalt","osm_type":"way","osm_id":12856492,"road_class":"residential","source_priority":"osm-general"},"geometry":{"type":"LineString","coordinates":[[55.2550828,25.1967103],[55.2547661,25.1962632],[55.2545904,25.1960152],[55.2542567,25.1955313]]}},{"type":"Feature","id":"osm-way-12856515","properties":{"highway":"residential","lanes":"2","name":"شارع 18","name:ar":"شارع 18","name:en":"18 Street","source":"YWMS","surface":"asphalt","osm_type":"way","osm_id":12856515,"road_class":"residential","source_priority":"osm-general"},"geometry":{"type":"LineString","coordinates":[[55.2552335,25.2018099],[55.2547422,25.2011155],[55.2544423,25.2006981],[55.2540545,25.2001583],[55.2539198,25.1999787],[55.2537698,25.1997606],[55.2535443,25.1994328],[55.2531265,25.198837],[55.252812,25.1983886],[55.2526235,25.1981233]]}},{"type":"Feature","id":"osm-way-12856518","properties":{"highway":"residential","lanes":"2","name":"شارع 19","name:ar":"شارع 19","name:en":"19 Street","source":"YWMS","surface":"asphalt","osm_type":"way","osm_id":12856518,"road_class":"residential","source_priority":"osm-general"},"geometry":{"type":"LineString","coordinates":[[55.2539448,25.2025658],[55.2547032,25.2021255],[55.2552335,25.2018099],[55.2556203,25.2015852],[55.2563307,25.2011733],[55.2565146,25.2010662],[55.2570245,25.2007718],[55.2574375,25.2005353],[55.2581346,25.2001308]]}},{"type":"Feature","id":"osm-way-12856528","properties":{"highway":"residential","lanes":"2","name":"27b شارع","name:ar":"27b شارع","name:en":"27b Street","source":"YWMS","surface":"asphalt","osm_type":"way","osm_id":12856528,"road_class":"residential","source_priority":"osm-general"},"geometry":{"type":"LineString","coordinates":[[55.2535443,25.1994328],[55.254201,25.1990391],[55.2546835,25.1987645],[55.2550415,25.1985553],[55.255348,25.1983772],[55.256009,25.1979928],[55.2565001,25.197712]]}},{"type":"Feature","id":"osm-way-12856544","properties":{"highway":"residential","lanes":"2","name":"28c شارع","name:ar":"28c شارع","name:en":"28c Street","source":"YWMS","surface":"asphalt","osm_type":"way","osm_id":12856544,"road_class":"residential","source_priority":"osm-general"},"geometry":{"type":"LineString","coordinates":[[55.256009,25.1979928],[55.2556808,25.1975137],[55.2556429,25.1974812],[55.2555964,25.1974596],[55.2555452,25.1974506],[55.2554932,25.197455],[55.2554419,25.1974755],[55.2545439,25.1979952],[55.2539036,25.1983657],[55.2538713,25.1983907],[55.2538484,25.1984231],[55.2538369,25.1984601],[55.2538411,25.1985125],[55.2538678,25.1985593],[55.254201,25.1990391]]}},{"type":"Feature","id":"osm-way-12856551","properties":{"highway":"residential","lanes":"2","name":"30a شارع","name:ar":"30a شارع","name:en":"30a Street","source":"YWMS","surface":"asphalt","osm_type":"way","osm_id":12856551,"road_class":"residential","source_priority":"osm-general"},"geometry":{"type":"LineString","coordinates":[[55.255348,25.1983772],[55.2557735,25.1989841],[55.2563168,25.1997623],[55.2565344,25.200074],[55.2565588,25.2001088],[55.2570245,25.2007718]]}},{"type":"Feature","id":"osm-way-12856571","properties":{"highway":"residential","lanes":"2","name":"28b شارع","name:ar":"28b شارع","name:en":"28b Street","source":"YWMS","surface":"asphalt","osm_type":"way","osm_id":12856571,"road_class":"residential","source_priority":"osm-general"},"geometry":{"type":"LineString","coordinates":[[55.2546835,25.1987645],[55.2550805,25.1993465],[55.2552239,25.1995449],[55.2554696,25.1998911],[55.2558037,25.2003685],[55.2558148,25.2003973],[55.2558186,25.2004256],[55.2558108,25.2004564]]}},{"type":"Feature","id":"osm-way-12856584","properties":{"highway":"residential","lanes":"1","name":"25b شارع","name:ar":"25b شارع","name:en":"25b Street","oneway":"yes","source":"YWMS","surface":"asphalt","osm_type":"way","osm_id":12856584,"road_class":"residential","source_priority":"osm-general"},"geometry":{"type":"LineString","coordinates":[[55.2554696,25.1998911],[55.2550833,25.2001052],[55.2550292,25.2001195],[55.254985,25.2001167],[55.2549433,25.2001014],[55.2549106,25.2000769],[55.2546804,25.1997597],[55.2546558,25.1997129],[55.2546498,25.1996614],[55.2546629,25.199611],[55.2546984,25.199568],[55.2550805,25.1993465]]}},{"type":"Feature","id":"osm-way-12856601","properties":{"highway":"residential","lanes":"2","name":"25c شارع","name:ar":"25c شارع","name:en":"25c Street","source":"YWMS","surface":"asphalt","osm_type":"way","osm_id":12856601,"road_class":"residential","source_priority":"osm-general"},"geometry":{"type":"LineString","coordinates":[[55.2565344,25.200074],[55.2570655,25.1997574],[55.2571038,25.1997272],[55.2571288,25.1996873],[55.2571382,25.1996417],[55.2571341,25.1996102],[55.2571222,25.19958],[55.2569578,25.199345],[55.2565186,25.1987173],[55.2564926,25.1986858],[55.2564575,25.1986626],[55.2564168,25.19865],[55.2563619,25.1986505],[55.2563114,25.1986693],[55.2557735,25.1989841]]}},{"type":"Feature","id":"osm-way-12856708","properties":{"highway":"residential","lanes":"2","name":"36a شارع","name:ar":"36a شارع","name:en":"36a Street","source":"YWMS","surface":"asphalt","osm_type":"way","osm_id":12856708,"road_class":"residential","source_priority":"osm-general"},"geometry":{"type":"LineString","coordinates":[[55.2574375,25.2005353],[55.2579246,25.2012366],[55.2582499,25.2016894],[55.2582688,25.2017288],[55.258281,25.2017703],[55.2582826,25.201813]]}},{"type":"Feature","id":"osm-way-12856714","properties":{"highway":"residential","lanes":"2","name":"22a شارع","name:ar":"22a شارع","name:en":"22a Street","source":"YWMS","surface":"asphalt","osm_type":"way","osm_id":12856714,"road_class":"residential","source_priority":"osm-general"},"geometry":{"type":"LineString","coordinates":[[55.2556203,25.2015852],[55.256104,25.2022899],[55.2565262,25.2028801]]}},{"type":"Feature","id":"osm-way-12856722","properties":{"highway":"residential","lanes":"2","name":"17a شارع","name:ar":"17a شارع","name:en":"17a Street","source":"YWMS","surface":"asphalt","osm_type":"way","osm_id":12856722,"road_class":"residential","source_priority":"osm-general"},"geometry":{"type":"LineString","coordinates":[[55.2551933,25.2028158],[55.256104,25.2022899]]}},{"type":"Feature","id":"osm-way-12856726","properties":{"highway":"residential","lanes":"2","name":"28a شارع","name:ar":"28a شارع","name:en":"28a Street","source":"YWMS","surface":"asphalt","osm_type":"way","osm_id":12856726,"road_class":"residential","source_priority":"osm-general"},"geometry":{"type":"LineString","coordinates":[[55.2565146,25.2010662],[55.2570088,25.2017538],[55.2574291,25.2023668]]}},{"type":"Feature","id":"osm-way-12856735","properties":{"highway":"residential","lanes":"2","name":"17b شارع","name:ar":"17b شارع","name:en":"17b Street","source":"YWMS","surface":"asphalt","osm_type":"way","osm_id":12856735,"road_class":"residential","source_priority":"osm-general"},"geometry":{"type":"LineString","coordinates":[[55.2579246,25.2012366],[55.2570088,25.2017538]]}},{"type":"Feature","id":"osm-way-12856911","properties":{"highway":"residential","lanes":"2","name":"48a شارع","name:ar":"48a شارع","name:en":"48a Street","source":"YWMS","surface":"asphalt","osm_type":"way","osm_id":12856911,"road_class":"residential","source_priority":"osm-general"},"geometry":{"type":"LineString","coordinates":[[55.259012,25.1978245],[55.2591303,25.1979957],[55.2593275,25.1982812],[55.2593902,25.1983692],[55.259946,25.1991613],[55.2599812,25.1992111],[55.2604021,25.1998083]]}},{"type":"Feature","id":"osm-way-12856913","properties":{"highway":"residential","lanes":"2","name":"44b شارع","name:ar":"44b شارع","name:en":"44b Street","source":"YWMS","surface":"asphalt","osm_type":"way","osm_id":12856913,"road_class":"residential","source_priority":"osm-general"},"geometry":{"type":"LineString","coordinates":[[55.2583617,25.1982827],[55.2587057,25.1987633],[55.2591793,25.1994494],[55.2592118,25.1994834],[55.2592498,25.1995038],[55.2593048,25.199514],[55.2593548,25.1995065],[55.2593992,25.1994842],[55.259946,25.1991613]]}},{"type":"Feature","id":"osm-way-50841190","properties":{"bridge":true,"destination":"Al Safa Street;Jumeira","destination:lang:ar":"شارع الصفا;جميرا","destination:lang:en":"Al Safa Street;Jumeira","destination:ref":"D71 (West)","foot":"no","highway":"trunk_link","lanes":"2","layer":1,"lit":"yes","maxheight":"5.5","maxspeed":"60","oneway":"yes","surface":"asphalt","osm_type":"way","osm_id":50841190,"road_class":"trunk","source_priority":"osm-general","elevation_m":7,"elevation_source":"configurable-estimate"},"geometry":{"type":"LineString","coordinates":[[55.2762042,25.2022324],[55.2759576,25.2023524],[55.2756514,25.2025021],[55.2753477,25.2026559],[55.2749855,25.2028465],[55.2746271,25.203043],[55.2735364,25.203625],[55.2732427,25.2037866],[55.2729464,25.2039443],[55.2726477,25.204098],[55.2723456,25.2042482],[55.2720411,25.2043943],[55.2717343,25.2045364],[55.2714175,25.2046864],[55.2711022,25.2048392],[55.2709432,25.204919],[55.2707818,25.2049948],[55.2706182,25.2050667],[55.2704525,25.2051346]]}},{"type":"Feature","id":"osm-way-78188160","properties":{"alt_name":"شارع الدوحة","alt_name:ar":"شارع الدوحة","alt_name:en":"Doha Street","bridge":true,"foot":"no","highway":"primary","lanes":"2","layer":1,"lit":"yes","maxheight":"5.5","maxspeed":"80","name":"شارع المركز المالي","name:ar":"شارع المركز المالي","name:en":"Financial Center Street","oneway":"yes","ref":"D71","sidewalk":"no","surface":"asphalt","osm_type":"way","osm_id":78188160,"road_class":"primary","source_priority":"osm-general","elevation_m":7,"elevation_source":"configurable-estimate"},"geometry":{"type":"LineString","coordinates":[[55.2729022,25.2037381],[55.271643,25.2044132],[55.2708125,25.2048916],[55.2707264,25.2049434],[55.2706419,25.2049986],[55.2705591,25.2050558],[55.2704525,25.2051346]]}},{"type":"Feature","id":"osm-way-79421000","properties":{"highway":"secondary","lanes":"2","name":"شارع العلم","name:ar":"شارع العلم","name:en":"AL Alam Street","oneway":"yes","surface":"asphalt","osm_type":"way","osm_id":79421000,"road_class":"secondary","source_priority":"osm-general"},"geometry":{"type":"LineString","coordinates":[[55.2716684,25.1876266],[55.2717545,25.1877249],[55.2719457,25.1879432]]}},{"type":"Feature","id":"osm-way-80528559","properties":{"foot":"no","highway":"secondary","lanes":"2","layer":"-1","lit":"24/7","maxheight":"5.5","maxspeed":"60","name":"شارع المستقبل","name:ar":"شارع المستقبل","name:en":"Al Mustaqbal Street","oneway":"yes","ref":"D86","sidewalk":"no","surface":"asphalt","tunnel":true,"osm_type":"way","osm_id":80528559,"road_class":"secondary","source_priority":"osm-general","render_policy":"hidden-below-ground"},"geometry":{"type":"LineString","coordinates":[[55.2778692,25.2016317],[55.2773155,25.2007835],[55.2772234,25.20066],[55.2771236,25.2005414],[55.2770165,25.2004282],[55.2769024,25.2003206],[55.2767818,25.2002192],[55.2766549,25.2001242],[55.2765222,25.2000358],[55.2763842,25.1999545],[55.2762413,25.1998804],[55.2760939,25.1998138],[55.2759426,25.199755],[55.2757878,25.1997041],[55.27563,25.1996612],[55.2740158,25.199307],[55.273871,25.199273],[55.2737251,25.1992433],[55.2735782,25.1992179],[55.2734305,25.1991968],[55.2732831,25.1991866],[55.2731355,25.1991897],[55.2729886,25.1992028],[55.2728432,25.1992259],[55.2727001,25.1992587],[55.2725601,25.1993011]]}},{"type":"Feature","id":"osm-way-80528561","properties":{"highway":"secondary","lanes":"2","lit":"yes","maxspeed":"60","name":"شارع المستقبل","name:ar":"شارع المستقبل","name:en":"Al Mustaqbal Street","oneway":"yes","ref":"D86","sidewalk":"no","surface":"asphalt","osm_type":"way","osm_id":80528561,"road_class":"secondary","source_priority":"osm-general"},"geometry":{"type":"LineString","coordinates":[[55.2700944,25.1990686],[55.2700076,25.1989792],[55.2699276,25.1988848],[55.2698546,25.1987858],[55.269789,25.1986826],[55.2697312,25.1985757],[55.2696813,25.1984656],[55.2696406,25.1983716],[55.2695202,25.198047],[55.2694523,25.1978936],[55.2693789,25.1977422],[55.2693001,25.1975931],[55.2692161,25.1974464],[55.2691269,25.1973021]]}},{"type":"Feature","id":"osm-way-80528562","properties":{"foot":"no","highway":"secondary","lanes":"2","layer":"-1","lit":"24/7","maxheight":"5.5","maxspeed":"60","name":"شارع المستقبل","name:ar":"شارع المستقبل","name:en":"Al Mustaqbal Street","oneway":"yes","ref":"D86","sidewalk":"no","surface":"asphalt","tunnel":true,"osm_type":"way","osm_id":80528562,"road_class":"secondary","source_priority":"osm-general","render_policy":"hidden-below-ground"},"geometry":{"type":"LineString","coordinates":[[55.2725378,25.1992332],[55.2726468,25.1992013],[55.2727576,25.1991748],[55.2728698,25.1991538],[55.2729831,25.1991384],[55.2730971,25.1991287],[55.2732116,25.1991245],[55.2733262,25.199126],[55.2734404,25.1991332],[55.2735867,25.1991527],[55.2737324,25.1991754],[55.2738811,25.1992019],[55.2740291,25.1992316],[55.2756557,25.1995899],[55.2758194,25.1996304],[55.27598,25.1996797],[55.2761371,25.1997377],[55.27629,25.1998042],[55.2764382,25.1998789],[55.2765812,25.1999616],[55.2767184,25.2000519],[55.2768493,25.2001495],[55.2769735,25.2002541],[55.2770905,25.2003653],[55.2771999,25.2004827],[55.2773012,25.2006058],[55.2773942,25.2007342],[55.2779477,25.2015845]]}},{"type":"Feature","id":"osm-way-80529420","properties":{"highway":"tertiary","junction":"roundabout","oneway":"yes","surface":"asphalt","osm_type":"way","osm_id":80529420,"road_class":"tertiary","source_priority":"osm-general"},"geometry":{"type":"LineString","coordinates":[[55.2581122,25.1884374],[55.2580708,25.1884683],[55.2580209,25.1884852],[55.2579677,25.1884863],[55.2579171,25.1884715],[55.2578746,25.1884425],[55.257845,25.1884025],[55.2578316,25.1883559],[55.257835,25.1883113],[55.2578533,25.1882698],[55.2578848,25.1882353],[55.2579264,25.1882112],[55.2579742,25.1881997],[55.2580236,25.188202],[55.2580698,25.188218],[55.2581084,25.1882459],[55.2581357,25.1882832],[55.2581474,25.1883165],[55.25815,25.1883514],[55.2581432,25.1883858],[55.2581274,25.1884176],[55.2581122,25.1884374]]}},{"type":"Feature","id":"osm-way-80529422","properties":{"highway":"tertiary","lanes":"2","lit":"yes","oneway":"no","surface":"asphalt","osm_type":"way","osm_id":80529422,"road_class":"tertiary","source_priority":"osm-general"},"geometry":{"type":"LineString","coordinates":[[55.2564156,25.1867106],[55.2567478,25.1870744],[55.2567908,25.1871214],[55.2569658,25.187313],[55.2570447,25.1873994],[55.2570688,25.1874252],[55.2574065,25.1877871],[55.2576604,25.1880591],[55.2577384,25.1881446]]}},{"type":"Feature","id":"osm-way-80529424","properties":{"highway":"tertiary","lanes":"1","oneway":"yes","surface":"asphalt","osm_type":"way","osm_id":80529424,"road_class":"tertiary","source_priority":"osm-general"},"geometry":{"type":"LineString","coordinates":[[55.2581122,25.1884374],[55.2581267,25.1884986],[55.2581472,25.1885584],[55.2581737,25.1886162],[55.2582059,25.1886716],[55.2582419,25.1887242],[55.2582829,25.1887758],[55.2583245,25.188825],[55.2583697,25.1888715],[55.2584163,25.188917],[55.2585407,25.1890275],[55.2586626,25.1891403],[55.258782,25.1892553],[55.2589421,25.1894154],[55.2590995,25.1895777],[55.2592542,25.1897421],[55.2594063,25.1899085],[55.2595689,25.1900922],[55.2596065,25.1901284],[55.259654,25.1901542],[55.2597071,25.1901684],[55.2597625,25.1901702],[55.2598166,25.1901595],[55.2598661,25.1901369],[55.2599626,25.19008],[55.2600081,25.1900555],[55.260055,25.1900331],[55.2601031,25.1900131],[55.2601523,25.1899953]]}},{"type":"Feature","id":"osm-way-88652936","properties":{"highway":"tertiary","lanes":"2","lit":"yes","maxspeed":"60","name":"شارع أم عمارة","name:ar":"شارع أم عمارة","name:en":"Umm Amara Street","old_name":"35 Street","oneway":"yes","sidewalk":"right","surface":"asphalt","osm_type":"way","osm_id":88652936,"road_class":"tertiary","source_priority":"osm-general"},"geometry":{"type":"LineString","coordinates":[[55.2577283,25.1918301],[55.2577965,25.1918032],[55.2578632,25.1917731],[55.257928,25.1917399],[55.2579782,25.191711],[55.2580538,25.1916569],[55.2585146,25.1912521],[55.2585274,25.1912408],[55.2585645,25.1911956],[55.2585957,25.1911469],[55.2586201,25.1910954]]}},{"type":"Feature","id":"osm-way-88652947","properties":{"access":"permissive","highway":"service","lanes":"2","name":"شارع 5","name:ar":"شارع 5","name:en":"Street 5","oneway":"no","surface":"asphalt","osm_type":"way","osm_id":88652947,"road_class":"service","source_priority":"osm-general"},"geometry":{"type":"LineString","coordinates":[[55.2667075,25.2036161],[55.2667843,25.2035472],[55.2667971,25.2035221],[55.2668068,25.203496],[55.2668148,25.2034604],[55.2668173,25.2034242],[55.2668142,25.203388],[55.2668028,25.2033176],[55.2667663,25.2031672],[55.2667434,25.2030924],[55.2667069,25.203022],[55.2666579,25.2029582],[55.2665978,25.2029027],[55.2665283,25.2028572],[55.2664091,25.2028152],[55.2663562,25.2027855],[55.2663253,25.2027522],[55.266311,25.2027182],[55.2663151,25.2026821],[55.2663368,25.2026515],[55.2665084,25.2025276]]}},{"type":"Feature","id":"osm-way-88652973","properties":{"highway":"tertiary","lanes":"2","lit":"yes","maxspeed":"60","name":"شارع أم عمارة","name:ar":"شارع أم عمارة","name:en":"Umm Amara Street","old_name":"35 Street","oneway":"yes","sidewalk":"right","surface":"asphalt","osm_type":"way","osm_id":88652973,"road_class":"tertiary","source_priority":"osm-general"},"geometry":{"type":"LineString","coordinates":[[55.25572,25.1934129],[55.2557727,25.1933838],[55.2558239,25.1933566],[55.2558736,25.1933273],[55.2559218,25.1932961],[55.256183,25.1930798],[55.2569369,25.1925218],[55.2575133,25.1920708],[55.2575521,25.1920336],[55.2575875,25.1919937],[55.2576192,25.1919514]]}},{"type":"Feature","id":"osm-way-88652977","properties":{"highway":"tertiary","lanes":"2","maxspeed":"60","name":"شارع الانجاز","name:ar":"شارع الانجاز","name:en":"Al Enjaaz Street","old_name":"13 Street","oneway":"yes","surface":"asphalt","osm_type":"way","osm_id":88652977,"road_class":"tertiary","source_priority":"osm-general"},"geometry":{"type":"LineString","coordinates":[[55.2599879,25.201977],[55.2581009,25.2030963],[55.2579244,25.203201],[55.2571358,25.2036487],[55.2570395,25.2037033],[55.2569265,25.2037675],[55.256857,25.2038073],[55.2560769,25.2042627],[55.2560077,25.2043022],[55.2556683,25.2044962],[55.2556272,25.2045239],[55.2555902,25.2045559],[55.2555578,25.2045919],[55.2555188,25.2046415]]}},{"type":"Feature","id":"osm-way-88652994","properties":{"highway":"tertiary","lanes":"2","lit":"yes","maxspeed":"60","name":"شارع أم عمارة","name:ar":"شارع أم عمارة","name:en":"Umm Amara Street","old_name":"35 Street","oneway":"yes","sidewalk":"right","surface":"asphalt","osm_type":"way","osm_id":88652994,"road_class":"tertiary","source_priority":"osm-general"},"geometry":{"type":"LineString","coordinates":[[55.258445,25.1914722],[55.2583181,25.191585],[55.2581811,25.1916872],[55.2580409,25.1918004],[55.2579997,25.1918389],[55.2579644,25.1918818],[55.2579355,25.1919286],[55.257913,25.1919782]]}},{"type":"Feature","id":"osm-way-88653020","properties":{"highway":"tertiary","lanes":"2","maxspeed":"60","name":"شارع الانجاز","name:ar":"شارع الانجاز","name:en":"Al Enjaaz Street","old_name":"13 Street","oneway":"yes","surface":"asphalt","osm_type":"way","osm_id":88653020,"road_class":"tertiary","source_priority":"osm-general"},"geometry":{"type":"LineString","coordinates":[[55.255334,25.2047396],[55.2552717,25.2047544],[55.2552111,25.2047743],[55.2551528,25.2047992],[55.254947,25.2049191],[55.2547188,25.2050484],[55.2541943,25.205349],[55.2539946,25.2054637],[55.253727,25.2056175],[55.2534485,25.2057861]]}},{"type":"Feature","id":"osm-way-88653042","properties":{"highway":"tertiary","lanes":"2","name":"شارع الانجاز","name:ar":"شارع الانجاز","name:en":"Al Enjaaz Street","old_name":"13 Street","oneway":"yes","surface":"asphalt","osm_type":"way","osm_id":88653042,"road_class":"tertiary","source_priority":"osm-general"},"geometry":{"type":"LineString","coordinates":[[55.2647514,25.1996504],[55.2646207,25.1995846],[55.2645817,25.1995677],[55.2645409,25.1995546],[55.2644988,25.1995456],[55.2644445,25.1995402],[55.2643899,25.1995415],[55.264336,25.1995495],[55.2641813,25.1995779]]}},{"type":"Feature","id":"osm-way-88653050","properties":{"destination":"Umm Amara Street","destination:lang:ar":"شارع أم عمارة","destination:lang:en":"Umm Amara Street","highway":"motorway_link","junction:ref":"49","lanes":"1","lit":"yes","oneway":"yes","surface":"asphalt","osm_type":"way","osm_id":88653050,"road_class":"motorway","source_priority":"osm-general"},"geometry":{"type":"LineString","coordinates":[[55.2610238,25.1928661],[55.2609204,25.1928098],[55.2608198,25.1927493],[55.2607225,25.1926847],[55.2606286,25.1926161],[55.2605382,25.1925437],[55.2604516,25.1924676],[55.2601456,25.192168],[55.2600545,25.1920798],[55.259966,25.1919895],[55.2598801,25.1918971],[55.2593801,25.1913526]]}},{"type":"Feature","id":"osm-way-88653052","properties":{"highway":"tertiary","junction":"roundabout","lanes":"2","oneway":"yes","surface":"asphalt","osm_type":"way","osm_id":88653052,"road_class":"tertiary","source_priority":"osm-general"},"geometry":{"type":"LineString","coordinates":[[55.25572,25.1934129],[55.2557632,25.1934214],[55.2558011,25.1934419],[55.2558297,25.1934724],[55.255846,25.1935096],[55.2558482,25.1935496]]}},{"type":"Feature","id":"osm-way-88653059","properties":{"highway":"service","lit":"yes","surface":"asphalt","osm_type":"way","osm_id":88653059,"road_class":"service","source_priority":"osm-general"},"geometry":{"type":"LineString","coordinates":[[55.2698927,25.2047664],[55.2698632,25.2046633],[55.2697307,25.2044544],[55.2696834,25.2043895],[55.2696286,25.2043167],[55.2695383,25.2041782],[55.2695082,25.2041272],[55.26935,25.2038589],[55.2693052,25.2037986],[55.2692769,25.2037647],[55.2692425,25.2037339],[55.2692,25.2037009],[55.2691846,25.2036883],[55.2691701,25.2036778],[55.2691559,25.2036654],[55.2691441,25.2036545],[55.2691385,25.203649],[55.2691315,25.2036408],[55.2691271,25.2036323]]}},{"type":"Feature","id":"osm-way-88653074","properties":{"destination":"Umm Amara Street","destination:lang:ar":"شارع أم عمارة","destination:lang:en":"Umm Amara Street","highway":"motorway_link","lanes":"1","lit":"yes","oneway":"yes","surface":"asphalt","osm_type":"way","osm_id":88653074,"road_class":"motorway","source_priority":"osm-general"},"geometry":{"type":"LineString","coordinates":[[55.2593801,25.1913526],[55.2593388,25.1913243],[55.2592862,25.1912767],[55.2592071,25.1911968],[55.2591689,25.1911741],[55.2591347,25.1911626],[55.2590818,25.1911676],[55.2590298,25.1911982],[55.2590122,25.1912361],[55.2590112,25.1912822]]}},{"type":"Feature","id":"osm-way-88653078","properties":{"highway":"residential","lanes":"1","name":"12a شارع","name:ar":"12a شارع","name:en":"12a Street","oneway":"yes","surface":"asphalt","osm_type":"way","osm_id":88653078,"road_class":"residential","source_priority":"osm-general"},"geometry":{"type":"LineString","coordinates":[[55.2550922,25.2042089],[55.255186,25.2043012],[55.2552221,25.2043361],[55.2552607,25.2043688],[55.2553015,25.2043992],[55.2553444,25.2044271],[55.2553979,25.204465]]}},{"type":"Feature","id":"osm-way-88653089","properties":{"highway":"tertiary","junction":"roundabout","lanes":"2","lit":"yes","sidewalk":"right","surface":"asphalt","osm_type":"way","osm_id":88653089,"road_class":"tertiary","source_priority":"osm-general"},"geometry":{"type":"LineString","coordinates":[[55.2576192,25.1919514],[55.257626,25.1919187],[55.2576415,25.1918885],[55.2576648,25.1918627],[55.2576944,25.191843],[55.2577283,25.1918301],[55.2577696,25.1918259],[55.2578106,25.1918319],[55.2578481,25.191848],[55.2578792,25.1918729],[55.2579014,25.1919046],[55.2579129,25.1919407],[55.257913,25.1919782]]}},{"type":"Feature","id":"osm-way-88653092","properties":{"highway":"secondary","lanes":"2","lit":"yes","maxspeed":"60","name":"شارع البدع","name:ar":"شارع البدع","name:en":"Al Badaa' Street","old_name":"308 Road","oneway":"yes","sidewalk":"right","surface":"asphalt","osm_type":"way","osm_id":88653092,"road_class":"secondary","source_priority":"osm-general"},"geometry":{"type":"LineString","coordinates":[[55.2617872,25.1961887],[55.2619316,25.1963359],[55.2622305,25.1966579],[55.262526,25.1969651],[55.2628008,25.1972754],[55.2635428,25.1981005],[55.2640066,25.1986286],[55.2641378,25.1987786],[55.2642292,25.1988551],[55.2643244,25.1989485],[55.2645004,25.1991599],[55.2646751,25.1993698],[55.264706,25.1994069],[55.2647633,25.1994757],[55.2648362,25.1995659],[55.2649791,25.1997516],[55.2650623,25.1998579],[55.2653499,25.2002397],[55.2654876,25.200423],[55.265846,25.2009113],[55.2658612,25.200932],[55.2659051,25.2009918],[55.2659862,25.2011024],[55.2663619,25.2016717],[55.2664744,25.201842],[55.2666824,25.2021429],[55.2669417,25.2025182],[55.2669936,25.2025961],[55.2670596,25.2027273],[55.2671533,25.2028688],[55.2680204,25.2041341]]}},{"type":"Feature","id":"osm-way-88653100","properties":{"highway":"tertiary","lanes":"2","name":"شارع الانجاز","name:ar":"شارع الانجاز","name:en":"Al Enjaaz Street","old_name":"13 Street","oneway":"yes","surface":"asphalt","osm_type":"way","osm_id":88653100,"road_class":"tertiary","source_priority":"osm-general"},"geometry":{"type":"LineString","coordinates":[[55.2598718,25.201906],[55.2600634,25.2018034],[55.2602657,25.2017064]]}},{"type":"Feature","id":"osm-way-88653109","properties":{"alt_name:en":"35 Street","highway":"tertiary","lanes":"2","name":"شارع أم عمارة","name:ar":"شارع أم عمارة","name:en":"Umm Amara Street","oneway":"yes","surface":"asphalt","osm_type":"way","osm_id":88653109,"road_class":"tertiary","source_priority":"osm-general"},"geometry":{"type":"LineString","coordinates":[[55.2499604,25.196774],[55.2500044,25.1967612],[55.2500473,25.196746],[55.2500888,25.1967278],[55.2501286,25.1967069],[55.2503548,25.1965769],[55.2519194,25.1956783],[55.2521389,25.1955457],[55.2525096,25.1953334],[55.2526483,25.1952534],[55.2528213,25.1951564],[55.2530069,25.1950404],[55.2536335,25.1946834],[55.2537998,25.1945826],[55.2548875,25.1939756],[55.2550823,25.1938588],[55.2553946,25.1936707],[55.255442,25.1936362],[55.2554882,25.1936004],[55.2555333,25.1935635],[55.2555778,25.1935255]]}},{"type":"Feature","id":"osm-way-88653120","properties":{"highway":"tertiary","lanes":"2","name":"شارع أم عمارة","name:ar":"شارع أم عمارة","name:en":"Umm Amara Street","old_name":"35 Street","oneway":"yes","surface":"asphalt","osm_type":"way","osm_id":88653120,"road_class":"tertiary","source_priority":"osm-general"},"geometry":{"type":"LineString","coordinates":[[55.2556879,25.1936564],[55.255624,25.193689],[55.2555623,25.1937188],[55.2555021,25.1937509],[55.2546233,25.1942589],[55.254398,25.194383],[55.2542501,25.194462]]}},{"type":"Feature","id":"osm-way-88653134","properties":{"destination":"Abu Dhabi;Sheikh Zayed Road","destination:lang:ar":"أبو ظبي;شارع الشيخ زايد","destination:lang:en":"Abu Dhabi;Sheikh Zayed Road","destination:ref":"E11 (South)","highway":"motorway_link","lanes":"2","lit":"yes","maxheight":"5.5","maxspeed":"60","oneway":"yes","surface":"asphalt","osm_type":"way","osm_id":88653134,"road_class":"motorway","source_priority":"osm-general"},"geometry":{"type":"LineString","coordinates":[[55.2692854,25.203344],[55.2691986,25.2031567],[55.269107,25.2029713],[55.2690106,25.2027879],[55.2689096,25.2026065],[55.2686276,25.2021409],[55.2685779,25.2020528],[55.2685331,25.2019626],[55.2683468,25.2015516]]}},{"type":"Feature","id":"osm-way-88653153","properties":{"highway":"tertiary","lanes":"2","lit":"yes","maxspeed":"60","name":"شارع أم عمارة","name:ar":"شارع أم عمارة","name:en":"Umm Amara Street","old_name":"35 Street","oneway":"yes","sidewalk":"right","surface":"asphalt","osm_type":"way","osm_id":88653153,"road_class":"tertiary","source_priority":"osm-general"},"geometry":{"type":"LineString","coordinates":[[55.2577119,25.1920838],[55.2576576,25.1921139],[55.2576184,25.1921356],[55.2575804,25.1921591],[55.257544,25.1921845],[55.2574767,25.1922387],[55.257336,25.1923628],[55.2569027,25.1926906],[55.2563596,25.1931245],[55.2559815,25.1934063],[55.2559454,25.193439],[55.255912,25.1934739],[55.2558815,25.1935109],[55.2558482,25.1935496]]}},{"type":"Feature","id":"osm-way-88653174","properties":{"highway":"residential","lanes":"2","maxspeed":"40","name":"40a شارع","name:ar":"40a شارع","name:en":"40a Street","source":"YWMS","surface":"asphalt","osm_type":"way","osm_id":88653174,"road_class":"residential","source_priority":"osm-general"},"geometry":{"type":"LineString","coordinates":[[55.2596376,25.2016343],[55.2592852,25.2011289],[55.2590448,25.200784],[55.2589673,25.2006764],[55.2589531,25.2006566],[55.2588546,25.2005189],[55.2584741,25.1999754],[55.2584445,25.1999334],[55.2579884,25.1992909],[55.2579447,25.1992308],[55.2575565,25.1986672],[55.2575236,25.1986194],[55.2571802,25.1981203],[55.2567971,25.1975824],[55.2567705,25.1975447],[55.2561329,25.196631],[55.2560967,25.196579],[55.25589,25.1962791],[55.2558601,25.1962357],[55.2546614,25.1945249],[55.254654,25.1945143]]}},{"type":"Feature","id":"osm-way-88653177","properties":{"highway":"tertiary","junction":"roundabout","lanes":"1","lit":"yes","oneway":"yes","sidewalk":"no","surface":"asphalt","osm_type":"way","osm_id":88653177,"road_class":"tertiary","source_priority":"osm-general"},"geometry":{"type":"LineString","coordinates":[[55.2587591,25.1909667],[55.258801,25.1909714],[55.2588396,25.190987],[55.2588714,25.1910122],[55.2588937,25.1910447],[55.2589045,25.1910817],[55.2589028,25.1911199],[55.2589018,25.1911242],[55.2588912,25.1911518],[55.258874,25.1911764],[55.2588511,25.191197],[55.2588237,25.1912124],[55.2587932,25.1912218],[55.2587611,25.1912247]]}},{"type":"Feature","id":"osm-way-88653183","properties":{"highway":"residential","lanes":"2","name":"12a شارع","name:ar":"12a شارع","name:en":"12a Street","source":"YWMS","surface":"asphalt","osm_type":"way","osm_id":88653183,"road_class":"residential","source_priority":"osm-general"},"geometry":{"type":"LineString","coordinates":[[55.2550922,25.2042089],[55.2549981,25.204074],[55.2548833,25.2039095],[55.2543742,25.2031893],[55.2543119,25.2030955],[55.2539448,25.2025658],[55.2536293,25.2021177],[55.2533251,25.2016856],[55.2533064,25.201659],[55.2531557,25.2014501],[55.2528957,25.2010709],[55.2527891,25.2009222],[55.2527221,25.2008259],[55.2524007,25.2003641],[55.2520432,25.1998618],[55.2520161,25.1998223],[55.2516821,25.1993349],[55.2515256,25.1991189],[55.2513466,25.1988667],[55.2511657,25.1986009],[55.2511283,25.198541],[55.2508114,25.1981029],[55.2504419,25.1975724],[55.2502388,25.1972781]]}},{"type":"Feature","id":"osm-way-88653186","properties":{"highway":"tertiary","junction":"roundabout","lanes":"2","surface":"asphalt","osm_type":"way","osm_id":88653186,"road_class":"tertiary","source_priority":"osm-general"},"geometry":{"type":"LineString","coordinates":[[55.255334,25.2047396],[55.2552918,25.2047244],[55.2552562,25.2046988],[55.2552304,25.204665],[55.2552166,25.2046258],[55.2552158,25.2045847],[55.2552236,25.2045556],[55.2552507,25.2045129],[55.2552923,25.2044813],[55.2553435,25.2044647],[55.2553979,25.204465],[55.2554095,25.2044674],[55.2554543,25.2044854],[55.2554907,25.2045153],[55.2555149,25.2045539],[55.2555246,25.2045974],[55.2555188,25.2046415],[55.2555033,25.2046742],[55.2554792,25.2047023],[55.2554481,25.2047241],[55.255412,25.204738],[55.2553731,25.2047433],[55.255334,25.2047396]]}},{"type":"Feature","id":"osm-way-89618948","properties":{"highway":"tertiary","lanes":"2","lit":"yes","surface":"asphalt","osm_type":"way","osm_id":89618948,"road_class":"tertiary","source_priority":"osm-general"},"geometry":{"type":"LineString","coordinates":[[55.2583379,25.190662],[55.2580771,25.1903789],[55.2579715,25.1902647],[55.2573627,25.1896059],[55.2573103,25.1895478],[55.2569754,25.1891823],[55.2566688,25.1888534],[55.2561537,25.1882827]]}},{"type":"Feature","id":"osm-way-89666309","properties":{"highway":"service","service":"parking_aisle","surface":"asphalt","osm_type":"way","osm_id":89666309,"road_class":"service","source_priority":"osm-general"},"geometry":{"type":"LineString","coordinates":[[55.2587333,25.1923435],[55.2583138,25.1918671]]}},{"type":"Feature","id":"osm-way-89666310","properties":{"highway":"service","surface":"asphalt","osm_type":"way","osm_id":89666310,"road_class":"service","source_priority":"osm-general"},"geometry":{"type":"LineString","coordinates":[[55.2584376,25.192576],[55.2585877,25.1924579],[55.2587333,25.1923435],[55.2588197,25.1922788],[55.2588339,25.192263],[55.258843,25.1922443],[55.2588465,25.1922242],[55.2588434,25.1922019],[55.2588335,25.1921813],[55.2585085,25.1918296],[55.2584818,25.1918138],[55.2584511,25.1918062],[55.2584192,25.1918078],[55.2583895,25.1918182],[55.2583138,25.1918671],[55.2582316,25.1919372],[55.2582162,25.1919676],[55.2582124,25.192001],[55.2582207,25.1920337],[55.2582401,25.1920622],[55.2585877,25.1924579]]}},{"type":"Feature","id":"osm-way-89666312","properties":{"highway":"secondary_link","lanes":"1","lit":"yes","oneway":"yes","sidewalk":"right","surface":"asphalt","osm_type":"way","osm_id":89666312,"road_class":"secondary","source_priority":"osm-general"},"geometry":{"type":"LineString","coordinates":[[55.2583181,25.191585],[55.2582378,25.1916857],[55.2581727,25.1917445],[55.258113,25.1917937],[55.2580754,25.1918376],[55.2580471,25.1918868],[55.2580289,25.1919397],[55.2580215,25.1919948],[55.2580222,25.1920472],[55.2580316,25.1920989],[55.2580495,25.1921487],[55.2580761,25.1921944]]}},{"type":"Feature","id":"osm-way-91383647","properties":{"highway":"service","service":"parking_aisle","surface":"asphalt","osm_type":"way","osm_id":91383647,"road_class":"service","source_priority":"osm-general"},"geometry":{"type":"LineString","coordinates":[[55.2588889,25.1925075],[55.2593892,25.1930498],[55.2598859,25.1935968]]}},{"type":"Feature","id":"osm-way-91383655","properties":{"highway":"service","surface":"asphalt","osm_type":"way","osm_id":91383655,"road_class":"service","source_priority":"osm-general"},"geometry":{"type":"LineString","coordinates":[[55.259088,25.1932909],[55.259252,25.1931596],[55.2593892,25.1930498],[55.2595181,25.1929467]]}},{"type":"Feature","id":"osm-way-91383662","properties":{"highway":"service","surface":"asphalt","osm_type":"way","osm_id":91383662,"road_class":"service","source_priority":"osm-general"},"geometry":{"type":"LineString","coordinates":[[55.2588004,25.1925836],[55.2588889,25.1925075],[55.258977,25.1924393],[55.2589948,25.1924281],[55.2590157,25.1924231],[55.2590448,25.1924268],[55.2590689,25.192442],[55.2595181,25.1929467],[55.2599969,25.1934395],[55.2600072,25.1934603],[55.2600082,25.193483],[55.2599999,25.1935045],[55.2599835,25.1935217],[55.2598859,25.1935968],[55.259785,25.1936744],[55.2597023,25.1936629],[55.259252,25.1931596],[55.2588037,25.1926772],[55.2587885,25.1926558],[55.2587826,25.192631],[55.2587868,25.1926058],[55.2588004,25.1925836]]}},{"type":"Feature","id":"osm-way-95085358","properties":{"destination":"Sheikh Zayed Road","destination:lang:ar":"شارع الشيخ زايد","destination:lang:en":"Sheikh Zayed Road","destination:ref":"E11","highway":"motorway_link","lanes":"1","lit":"yes","maxheight":"5.5","maxspeed":"60","oneway":"yes","source":"Bing","surface":"asphalt","osm_type":"way","osm_id":95085358,"road_class":"motorway","source_priority":"osm-general"},"geometry":{"type":"LineString","coordinates":[[55.2743104,25.2029894],[55.2741891,25.2030795],[55.2740719,25.203174],[55.2739591,25.2032726],[55.2738509,25.2033754],[55.2737096,25.2035207],[55.2735653,25.2036637],[55.2734183,25.2038042],[55.273267,25.2039417]]}},{"type":"Feature","id":"osm-way-95085362","properties":{"alt_name":"شارع الدوحة","alt_name:ar":"شارع الدوحة","alt_name:en":"Doha Street","bridge":true,"foot":"no","highway":"primary","lanes":"2","layer":1,"lit":"yes","maxheight":"5.5","maxspeed":"80","name":"شارع المركز المالي","name:ar":"شارع المركز المالي","name:en":"Financial Center Street","oneway":"yes","ref":"D71","sidewalk":"no","surface":"asphalt","osm_type":"way","osm_id":95085362,"road_class":"primary","source_priority":"osm-general","elevation_m":7,"elevation_source":"configurable-estimate"},"geometry":{"type":"LineString","coordinates":[[55.269835,25.2053007],[55.2705867,25.2048895],[55.2713381,25.2044696],[55.2728567,25.2036539]]}},{"type":"Feature","id":"osm-way-96825787","properties":{"highway":"residential","lanes":"2","name":"15c شارع","name:ar":"15c شارع","name:en":"15c Street","source":"Bing","surface":"asphalt","osm_type":"way","osm_id":96825787,"road_class":"residential","source_priority":"osm-general"},"geometry":{"type":"LineString","coordinates":[[55.2620255,25.1997806],[55.2623363,25.1995477],[55.2624657,25.1994507],[55.262606,25.1993437],[55.2630106,25.1990386],[55.2630403,25.1989988],[55.2630504,25.1989536],[55.2630433,25.198908],[55.2630196,25.1988672],[55.2625588,25.1983736]]}},{"type":"Feature","id":"osm-way-96825788","properties":{"highway":"residential","lanes":"2","source":"Bing","surface":"asphalt","osm_type":"way","osm_id":96825788,"road_class":"residential","source_priority":"osm-general"},"geometry":{"type":"LineString","coordinates":[[55.2655774,25.2001781],[55.2658416,25.199994],[55.2661624,25.1997704]]}},{"type":"Feature","id":"osm-way-96942342","properties":{"highway":"service","lit":"yes","oneway":"yes","source":"Bing","surface":"asphalt","osm_type":"way","osm_id":96942342,"road_class":"service","source_priority":"osm-general"},"geometry":{"type":"LineString","coordinates":[[55.2719849,25.20215],[55.2719606,25.2021895],[55.27194,25.2022294],[55.271923,25.2022713],[55.2719097,25.2023143],[55.2719004,25.2023582],[55.2718857,25.202424],[55.2718748,25.2024625],[55.2718471,25.2024934],[55.2718035,25.2025128]]}},{"type":"Feature","id":"osm-way-96943573","properties":{"highway":"service","lit":"yes","maxheight":"5.5","motor_vehicle":"no","name":"Metro access : Burj Khalifa / Dubai Mall station","name:en":"Metro access : Burj Khalifa / Dubai Mall station","oneway":"yes","psv":"yes","source":"Bing","osm_type":"way","osm_id":96943573,"road_class":"service","source_priority":"osm-general"},"geometry":{"type":"LineString","coordinates":[[55.268762,25.2007071],[55.2687877,25.2007617],[55.2688156,25.2008182],[55.268848,25.2008727],[55.2688848,25.2009248],[55.2689259,25.2009743],[55.2696017,25.2017183],[55.2696591,25.2017787],[55.2697205,25.2018356],[55.2697859,25.2018888],[55.2698549,25.2019381],[55.2699273,25.2019834],[55.2699742,25.2020066],[55.2700261,25.2020181],[55.2700795,25.2020167],[55.2701305,25.2020024],[55.2701755,25.2019763],[55.2702111,25.2019403],[55.2702348,25.201897],[55.2702449,25.2018495],[55.2702406,25.2018013],[55.2702223,25.2017559],[55.2701912,25.2017166],[55.2695985,25.2009859],[55.2695758,25.2009498],[55.2695594,25.200911],[55.2695495,25.2008704],[55.2695498,25.2008289],[55.2695622,25.2007725],[55.2695873,25.2007189],[55.2696111,25.2006825],[55.2696391,25.2006486],[55.2696711,25.2006178]]}},{"type":"Feature","id":"osm-way-96943577","properties":{"destination":"Financial Center Street (Upper Level);The Dubai Mall","destination:lang:ar":"شارع المركز المالي (المستوى العلوي);دبي مول","destination:lang:en":"Financial Center Street (Upper Level);The Dubai Mall","destination:ref":"D71","highway":"motorway_link","lanes":"2","lit":"yes","maxheight":"5.5","oneway":"yes","source":"Bing","surface":"asphalt","osm_type":"way","osm_id":96943577,"road_class":"motorway","source_priority":"osm-general"},"geometry":{"type":"LineString","coordinates":[[55.2693088,25.2016722],[55.269411,25.2017883],[55.2695208,25.2018985],[55.2696377,25.2020026],[55.2697613,25.2021002],[55.2698912,25.2021909],[55.2700268,25.2022743],[55.2701678,25.2023502],[55.2703135,25.2024183],[55.2704635,25.2024783],[55.2706172,25.2025349]]}},{"type":"Feature","id":"osm-way-96943595","properties":{"destination":"Financial Center Street;Burj Khalifa;The Dubai Mall;Museum of the Future","destination:lang:ar":"شارع المركز المالي;برج خليفة;دبي مول;متحف المستقبل","destination:lang:en":"Financial Center Street;Burj Khalifa;The Dubai Mall;Museum of the Future","destination:ref":"D71 (East)","highway":"motorway_link","lanes":"2","lit":"yes","maxheight":"5.5","maxspeed":"60","oneway":"yes","surface":"asphalt","osm_type":"way","osm_id":96943595,"road_class":"motorway","source_priority":"osm-general"},"geometry":{"type":"LineString","coordinates":[[55.2713335,25.2062514],[55.2707318,25.2054182],[55.2700115,25.2043888]]}},{"type":"Feature","id":"osm-way-96943603","properties":{"bridge":true,"destination":"Burj Khalifa","destination:lang:ar":"برج خليفة","destination:lang:en":"Burj Khalifa","destination:ref":"(lower level)","highway":"motorway_link","lanes":"2","layer":1,"lit":"yes","maxheight":"5.5","oneway":"yes","source":"Bing","surface":"asphalt","osm_type":"way","osm_id":96943603,"road_class":"motorway","source_priority":"osm-general","elevation_m":7,"elevation_source":"configurable-estimate"},"geometry":{"type":"LineString","coordinates":[[55.270087,25.2033057],[55.2701469,25.20328],[55.2702057,25.2032524],[55.2702644,25.2032242],[55.2703338,25.203187],[55.2704066,25.2031555],[55.2704822,25.2031301],[55.2705601,25.203111],[55.2706395,25.2030982],[55.2707199,25.2030919],[55.2708006,25.2030922],[55.2708809,25.2030991],[55.2709602,25.2031124],[55.2710377,25.2031326],[55.2711269,25.2031621],[55.271215,25.2031944],[55.2713017,25.2032295]]}},{"type":"Feature","id":"osm-way-96943611","properties":{"bridge":true,"destination":"Financial Center Street (Upper Level);The Dubai Mall","destination:lang:ar":"شارع المركز المالي (المستوى العلوي);دبي مول","destination:lang:en":"Financial Center Street (Upper Level);The Dubai Mall","destination:ref":"D71","highway":"motorway_link","lanes":"2","layer":1,"lit":"yes","oneway":"yes","source":"Bing","surface":"asphalt","osm_type":"way","osm_id":96943611,"road_class":"motorway","source_priority":"osm-general","elevation_m":7,"elevation_source":"configurable-estimate"},"geometry":{"type":"LineString","coordinates":[[55.2706172,25.2025349],[55.2714905,25.2028438],[55.2716272,25.2028848],[55.2717658,25.2029203],[55.2719059,25.2029504],[55.2720473,25.2029749],[55.2721897,25.2029938]]}},{"type":"Feature","id":"osm-way-96943617","properties":{"bridge":true,"destination":"Financial Center Street;Burj Khalifa;The Dubai Mall;Museum of the Future","destination:lang:ar":"شارع المركز المالي;برج خليفة;دبي مول;متحف المستقبل","destination:lang:en":"Financial Center Street;Burj Khalifa;The Dubai Mall;Museum of the Future","destination:ref":"D71 (East)","highway":"motorway_link","lanes":"3","layer":1,"lit":"yes","maxspeed":"60","oneway":"yes","surface":"asphalt","turn:lanes":"through|through|right","osm_type":"way","osm_id":96943617,"road_class":"motorway","source_priority":"osm-general","elevation_m":7,"elevation_source":"configurable-estimate"},"geometry":{"type":"LineString","coordinates":[[55.2700115,25.2043888],[55.2699734,25.2043358],[55.2699378,25.2042825],[55.2699068,25.204227],[55.2698806,25.2041695],[55.2698592,25.2041104],[55.2698429,25.20405],[55.2698316,25.2039887],[55.2698256,25.2039267],[55.2698247,25.2038645],[55.269829,25.2038025],[55.2698386,25.2037409],[55.2698532,25.2036801],[55.269873,25.2036205],[55.2698976,25.2035625],[55.2699271,25.2035063],[55.2699611,25.2034522],[55.2699996,25.2034007],[55.2700423,25.203352],[55.270087,25.2033057]]}},{"type":"Feature","id":"osm-way-97119891","properties":{"bridge":true,"destination":"Al Sharjah;Sheikh Zayed Road","destination:lang:ar":"الشارقة;شارع الشيخ زايد","destination:lang:en":"Al Sharjah;Sheikh Zayed Road","destination:ref":"E11 (North)","highway":"motorway_link","lanes":"1","layer":1,"lit":"yes","maxspeed":"40","oneway":"yes","source":"Bing","surface":"asphalt","osm_type":"way","osm_id":97119891,"road_class":"motorway","source_priority":"osm-general","elevation_m":7,"elevation_source":"configurable-estimate"},"geometry":{"type":"LineString","coordinates":[[55.2710996,25.2044678],[55.27114,25.2044202],[55.2711859,25.2043777],[55.2712363,25.2043394],[55.2712909,25.2043063],[55.2713521,25.2042659],[55.2714091,25.2042213],[55.2714581,25.2041714],[55.2714977,25.2041151],[55.271527,25.2040539],[55.2715453,25.2039892],[55.2715521,25.2039228],[55.2715498,25.2038652],[55.2715302,25.203801],[55.2715084,25.2037467],[55.2714803,25.2036948],[55.2714462,25.2036458],[55.2714064,25.2036006],[55.2713596,25.203564],[55.2713072,25.2035341],[55.2712505,25.2035116],[55.2711908,25.203497],[55.2711292,25.2034907],[55.2710674,25.2034909],[55.2709933,25.2034985],[55.2709215,25.2035171],[55.2708542,25.2035462],[55.2707931,25.203585],[55.2707399,25.2036324],[55.2706962,25.2036871],[55.2706585,25.2037526]]}},{"type":"Feature","id":"osm-way-97119893","properties":{"destination":"Al Sharjah;Sheikh Zayed Road","destination:lang:ar":"الشارقة;شارع الشيخ زايد","destination:lang:en":"Al Sharjah;Sheikh Zayed Road","destination:ref":"E11 (North)","highway":"motorway_link","lanes":"1","lit":"yes","maxheight":"5.5","maxspeed":"40","oneway":"yes","source":"Bing","surface":"asphalt","osm_type":"way","osm_id":97119893,"road_class":"motorway","source_priority":"osm-general"},"geometry":{"type":"LineString","coordinates":[[55.2706585,25.2037526],[55.2706415,25.2038161],[55.2706327,25.2038808],[55.2706337,25.203946],[55.2706445,25.2040104],[55.2706647,25.2040729],[55.2706942,25.2041324],[55.2721443,25.2062987],[55.272169,25.206336],[55.2721973,25.2063712],[55.2722289,25.2064041],[55.2722635,25.2064343]]}},{"type":"Feature","id":"osm-way-97119895","properties":{"bridge":true,"destination":"Dubai Mall;Financial Center Street (Upper Level)","destination:lang:ar":"دبي مول;شارع المركز المالي (المستوى العلوي)","destination:lang:en":"Dubai Mall;Financial Center Street (Upper Level)","destination:ref":"D71 (East)","foot":"no","highway":"trunk_link","lanes":"2","layer":1,"lit":"yes","maxheight":"5.5","oneway":"yes","source":"Bing","surface":"asphalt","osm_type":"way","osm_id":97119895,"road_class":"trunk","source_priority":"osm-general","elevation_m":7,"elevation_source":"configurable-estimate"},"geometry":{"type":"LineString","coordinates":[[55.2710996,25.2044678],[55.2714425,25.2042817],[55.271558,25.2042155],[55.2716693,25.2041437],[55.2717912,25.2040551],[55.2719068,25.2039598],[55.2720157,25.2038582],[55.2721035,25.2037738],[55.2721954,25.2036929],[55.272291,25.2036157],[55.2724142,25.2035256],[55.2725425,25.2034416],[55.2726757,25.2033639],[55.2728133,25.2032929],[55.2729549,25.2032286],[55.2730858,25.2031763],[55.2732192,25.2031297],[55.2733549,25.2030887],[55.2735205,25.2030384],[55.2736828,25.2029802],[55.2738415,25.2029143],[55.273988,25.2028449],[55.2741303,25.202769],[55.2742469,25.2027066]]}},{"type":"Feature","id":"osm-way-97119904","properties":{"destination":"Financial Center Street;Al Sukook Street;Dubai International Financial Center;The Dubai Mall;Burj Khalifa","destination:lang:ar":"شارع المركز المالي;شارع الصكوك;المركز المالي;دبي مول;برج خليفة","destination:lang:en":"Financial Center Street;Al Sukook Street;Dubai International Financial Center;The Dubai Mall;Burj Khalifa","highway":"motorway_link","lanes":"2","lit":"yes","maxheight":"5.5","oneway":"yes","source":"Bing","surface":"asphalt","osm_type":"way","osm_id":97119904,"road_class":"motorway","source_priority":"osm-general"},"geometry":{"type":"LineString","coordinates":[[55.2685061,25.2009082],[55.2691679,25.2017704],[55.2692649,25.2018827],[55.269369,25.2019896],[55.26948,25.2020907],[55.2695974,25.2021857],[55.2697209,25.2022742],[55.2698262,25.2023395]]}},{"type":"Feature","id":"osm-way-97119905","properties":{"destination":"Al Sukook Street;Dubai International Financial Center","destination:lang:ar":"شارع الصكوك;المركز المالي","destination:lang:en":"Al Sukook Street;Dubai International Financial Center","highway":"motorway_link","lanes":"2","lit":"yes","maxheight":"5.5","oneway":"yes","source":"Bing","surface":"asphalt","osm_type":"way","osm_id":97119905,"road_class":"motorway","source_priority":"osm-general"},"geometry":{"type":"LineString","coordinates":[[55.2698262,25.2023395],[55.2699288,25.2024169],[55.2700356,25.2024894],[55.2701464,25.2025568],[55.2702609,25.2026189],[55.2703788,25.2026724],[55.2715923,25.2031492],[55.271732,25.2032063],[55.2718691,25.2032705],[55.2720034,25.2033395]]}},{"type":"Feature","id":"osm-way-97119906","properties":{"destination":"Al Sukook Street;D I F C","destination:lang:ar":"شارع الصكوك; D I F C","destination:lang:en":"Al Sukook Street;D I F C","highway":"motorway_link","lanes":"2","lit":"yes","oneway":"yes","source":"Bing","surface":"asphalt","osm_type":"way","osm_id":97119906,"road_class":"motorway","source_priority":"osm-general"},"geometry":{"type":"LineString","coordinates":[[55.2732384,25.2046104],[55.274154,25.2059775]]}},{"type":"Feature","id":"osm-way-97119907","properties":{"destination":"Al Sukook Street;D I F C","destination:lang:ar":"شارع الصكوك; D I F C","destination:lang:en":"Al Sukook Street;D I F C","highway":"motorway_link","lanes":"2","layer":"-1","lit":"yes","maxheight":"5.5","oneway":"yes","source":"Bing","surface":"asphalt","tunnel":true,"osm_type":"way","osm_id":97119907,"road_class":"motorway","source_priority":"osm-general","render_policy":"hidden-below-ground"},"geometry":{"type":"LineString","coordinates":[[55.2720034,25.2033395],[55.27212,25.2034066],[55.2722329,25.2034788],[55.2723418,25.2035558],[55.2724464,25.2036375],[55.2725466,25.2037237],[55.2726419,25.2038143],[55.2727324,25.2039088],[55.2728292,25.2040197],[55.2728991,25.2041088],[55.2732384,25.2046104]]}},{"type":"Feature","id":"osm-way-97817430","properties":{"bicycle":"no","foot":"no","highway":"primary","horse":"no","lanes":"3","lit":"yes","maxheight":"5.5","maxspeed":"40","motor_vehicle":"designated","name":"شارع الشيخ محمد بن راشد","name:ar":"شارع الشيخ محمد بن راشد","name:de":"Sheikh Mohammed bin Rashid Boulevard","name:en":"Sheikh Mohammed bin Rashid Boulevard","oneway":"yes","sidewalk":"right","surface":"asphalt","osm_type":"way","osm_id":97817430,"road_class":"primary","source_priority":"osm-general"},"geometry":{"type":"LineString","coordinates":[[55.2773684,25.201188],[55.2773138,25.2011044],[55.2772919,25.2010704],[55.2772704,25.2010419],[55.2772688,25.2010396],[55.276929,25.2005568],[55.2768655,25.2004676],[55.2767963,25.200382],[55.2767196,25.2003018],[55.2766361,25.2002274],[55.2765462,25.2001593],[55.2764499,25.2000988],[55.2762652,25.1999993],[55.2757087,25.1997849],[55.2756033,25.1997455],[55.275496,25.1997103],[55.2753871,25.1996794],[55.2752768,25.1996529],[55.2742252,25.1994032],[55.2735637,25.1992416],[55.2735499,25.1992382],[55.2733442,25.199184],[55.2727804,25.1990211],[55.272605,25.1989613],[55.2724327,25.1988946],[55.2722907,25.1988336],[55.2722835,25.1988304],[55.2720685,25.1987327]]}},{"type":"Feature","id":"osm-way-97819087","properties":{"bridge":true,"destination":"Abu Dhabi;Sheikh Zayed Road","destination:lang:ar":"أبو ظبي;شارع الشيخ زايد","destination:lang:en":"Abu Dhabi;Sheikh Zayed Road","destination:ref":"E11 (South)","highway":"motorway_link","lanes":"1","layer":1,"lit":"yes","maxheight":"5.5","oneway":"yes","source":"Bing","surface":"asphalt","osm_type":"way","osm_id":97819087,"road_class":"motorway","source_priority":"osm-general","elevation_m":7,"elevation_source":"configurable-estimate"},"geometry":{"type":"LineString","coordinates":[[55.2747202,25.2031104],[55.2743884,25.2032911],[55.2742864,25.2033508],[55.2741456,25.2034333],[55.2740339,25.2035023],[55.2739249,25.2035747],[55.2738188,25.2036505],[55.2737156,25.2037295],[55.2736155,25.2038117],[55.2735191,25.2038975],[55.2734265,25.2039883],[55.2733371,25.2040816],[55.2732507,25.2041773],[55.2731677,25.2042753],[55.2730879,25.2043755],[55.2730114,25.2044778],[55.2729481,25.2045664],[55.2728871,25.2046563],[55.2728286,25.2047475],[55.2727725,25.20484],[55.2727188,25.204929],[55.2726634,25.2050171],[55.2726064,25.2051043],[55.27237,25.2054551],[55.2723197,25.2055235],[55.2722702,25.2055877],[55.2722177,25.20565],[55.2721624,25.2057103],[55.2721044,25.2057684]]}},{"type":"Feature","id":"osm-way-97819090","properties":{"destination":"Abu Dhabi;Sheikh Zayed Road","destination:lang:ar":"أبو ظبي;شارع الشيخ زايد","destination:lang:en":"Abu Dhabi;Sheikh Zayed Road","destination:ref":"E11 (South)","highway":"motorway_link","lanes":"2","lit":"yes","maxheight":"5.5","maxspeed":"60","oneway":"yes","source":"Bing","surface":"asphalt","osm_type":"way","osm_id":97819090,"road_class":"motorway","source_priority":"osm-general"},"geometry":{"type":"LineString","coordinates":[[55.2706932,25.2057148],[55.2706149,25.2056071],[55.2705408,25.2054969],[55.2704706,25.2053846],[55.2701032,25.2047679],[55.2700506,25.2046828],[55.2699994,25.2046021],[55.2697298,25.204208]]}},{"type":"Feature","id":"osm-way-97819091","properties":{"destination":"Al Sharjah;Sheikh Zayed Road","destination:lang:ar":"الشارقة;شارع الشيخ زايد","destination:lang:en":"Al Sharjah;Sheikh Zayed Road","destination:ref":"E11 (North)","highway":"motorway_link","lanes":"2","lit":"yes","maxspeed":"60","oneway":"yes","source":"Bing","surface":"asphalt","turn:lanes":"|merge_to_left","osm_type":"way","osm_id":97819091,"road_class":"motorway","source_priority":"osm-general"},"geometry":{"type":"LineString","coordinates":[[55.2728848,25.2042196],[55.272765,25.2043235],[55.2726526,25.2044353],[55.2725666,25.2045324],[55.2724853,25.2046332]]}},{"type":"Feature","id":"osm-way-97819092","properties":{"destination":"DIFC","destination:lang:ar":"DIFC","destination:lang:en":"DIFC","highway":"tertiary","lit":"yes","maxheight":"5.5","maxspeed":"40","oneway":"yes","sidewalk":"both","source":"Bing","surface":"asphalt","osm_type":"way","osm_id":97819092,"road_class":"tertiary","source_priority":"osm-general"},"geometry":{"type":"LineString","coordinates":[[55.2753764,25.2024641],[55.2749966,25.2027715],[55.274949,25.2028141],[55.2749113,25.2028642],[55.2748847,25.2029198],[55.2748704,25.202979],[55.2748688,25.2030396],[55.27488,25.2030994],[55.2749035,25.2031561],[55.2749914,25.2032692]]}},{"type":"Feature","id":"osm-way-97819564","properties":{"bridge":true,"destination":"Al Sharjah;Al Sukouk Street;Sheikh Zayed Road","destination:lang:ar":"الشارقة;شارع الصكوك;شارع الشيخ زايد","destination:lang:en":"Al Sharjah;Al Sukouk Street;Sheikh Zayed Road","destination:ref":"E11 (North)","highway":"motorway_link","lanes":"1","layer":1,"lit":"yes","maxspeed":"60","oneway":"yes","source":"Bing","surface":"asphalt","osm_type":"way","osm_id":97819564,"road_class":"motorway","source_priority":"osm-general","elevation_m":7,"elevation_source":"configurable-estimate"},"geometry":{"type":"LineString","coordinates":[[55.2747202,25.2031104],[55.2746193,25.2031927],[55.2746064,25.2032027],[55.2745912,25.2032123],[55.2743115,25.2033753],[55.2742166,25.2034348],[55.2741236,25.2034967],[55.2740326,25.203561],[55.2739438,25.2036277],[55.2738577,25.2036972],[55.2737799,25.2037644],[55.2737051,25.2038344],[55.2736336,25.2039071],[55.2735654,25.2039824],[55.2735007,25.2040601],[55.273405,25.2041836]]}},{"type":"Feature","id":"osm-way-97819565","properties":{"destination":"Al Sharjah;Sheikh Zayed Road","destination:lang:ar":"الشارقة;شارع الشيخ زايد","destination:lang:en":"Al Sharjah;Sheikh Zayed Road","destination:ref":"E11 (North)","highway":"motorway_link","lanes":"1","lit":"yes","maxheight":"5.5","oneway":"yes","source":"Bing","surface":"asphalt","osm_type":"way","osm_id":97819565,"road_class":"motorway","source_priority":"osm-general"},"geometry":{"type":"LineString","coordinates":[[55.2729981,25.2047576],[55.2728502,25.2049531],[55.2724845,25.2054583],[55.2724514,25.2055074],[55.2724206,25.2055547],[55.2723773,25.2056382],[55.272343,25.205725],[55.272318,25.2058143],[55.2723024,25.2059054],[55.2722965,25.2059975],[55.2723002,25.2060896],[55.2723136,25.206181],[55.2723365,25.2062708],[55.2723687,25.2063583],[55.2724099,25.2064426],[55.2728485,25.2072336],[55.2728902,25.2073024],[55.2729293,25.2073724],[55.2729659,25.2074435],[55.2729999,25.2075156]]}},{"type":"Feature","id":"osm-way-97819569","properties":{"destination":"Financial Center Station;Service Road","destination:lang:ar":"محطة المركز المالي;طريق خدمات","destination:lang:en":"Financial Center Station;Service Road","highway":"tertiary_link","lanes":"1","lit":"yes","oneway":"yes","source":"Bing","surface":"asphalt","osm_type":"way","osm_id":97819569,"road_class":"tertiary","source_priority":"osm-general"},"geometry":{"type":"LineString","coordinates":[[55.2729981,25.2047576],[55.2727891,25.2051757],[55.2726803,25.2054043]]}},{"type":"Feature","id":"osm-way-97820863","properties":{"destination":"Al Omlaat Street;Al Sukook Street","destination:lang:ar":"شارع العملات;شارع الصكوك","destination:lang:en":"Al Omlaat Street;Al Sukook Street","highway":"motorway_link","lanes":"2","lit":"yes","maxspeed":"60","oneway":"yes","source":"Bing","surface":"asphalt","osm_type":"way","osm_id":97820863,"road_class":"motorway","source_priority":"osm-general"},"geometry":{"type":"LineString","coordinates":[[55.273405,25.2041836],[55.2733775,25.2043416],[55.27337,25.2044141],[55.2733719,25.2044868],[55.2733825,25.2045589],[55.2734016,25.2046295],[55.2734291,25.2046979],[55.2734645,25.2047631],[55.2735076,25.2048246]]}},{"type":"Feature","id":"osm-way-97820866","properties":{"highway":"tertiary","lanes":"1","lit":"yes","maxspeed":"40","name":"شارع العملات","name:ar":"شارع العملات","name:en":"Al Omlaat Street","oneway":"yes","source":"Bing","surface":"asphalt","osm_type":"way","osm_id":97820866,"road_class":"tertiary","source_priority":"osm-general"},"geometry":{"type":"LineString","coordinates":[[55.2735076,25.2048246],[55.2735954,25.2049041],[55.2736362,25.2049385],[55.273683,25.204966],[55.2737344,25.2049857],[55.2737888,25.204997],[55.2738445,25.2049996],[55.2738999,25.2049934],[55.2739978,25.2049675],[55.2741025,25.2049359],[55.2741952,25.204902],[55.274292,25.2048574],[55.2743864,25.2048089],[55.2746033,25.2046966],[55.2747097,25.2046425],[55.2749257,25.2045392],[55.2750229,25.2044925],[55.2752505,25.2043804],[55.27532,25.2043462],[55.275346,25.2043334],[55.2754422,25.2042871],[55.2754991,25.2042585],[55.2755646,25.2042313],[55.2756818,25.2041764],[55.2757619,25.2041511],[55.2758518,25.2041223],[55.276038,25.2040841],[55.2762263,25.2040528],[55.276416,25.2040286],[55.2770722,25.2039433],[55.2770958,25.2039409],[55.2771217,25.2039383],[55.2777709,25.2038312],[55.2778497,25.2038155],[55.2779278,25.2037973],[55.27802,25.2037722],[55.2780665,25.2037576],[55.2781109,25.2037437],[55.278184,25.2037225],[55.2782292,25.2037085],[55.2782746,25.2036857],[55.278311,25.2036567],[55.2783411,25.2036224],[55.278364,25.203584],[55.2783815,25.2035433],[55.2783934,25.203501],[55.2783994,25.2034577]]}},{"type":"Feature","id":"osm-way-98502341","properties":{"highway":"secondary_link","lanes":"2","lit":"yes","oneway":"yes","surface":"asphalt","osm_type":"way","osm_id":98502341,"road_class":"secondary","source_priority":"osm-general"},"geometry":{"type":"LineString","coordinates":[[55.2702192,25.1989663],[55.2705138,25.1991219],[55.2705988,25.199165],[55.2706862,25.1992041],[55.2707758,25.199239],[55.2708672,25.1992696],[55.2709591,25.1992975],[55.2710394,25.1993199],[55.2711203,25.1993386],[55.2712027,25.1993511],[55.271286,25.1993574],[55.2713695,25.1993573],[55.2714527,25.1993509],[55.2715351,25.1993383],[55.2715871,25.1993223],[55.2716377,25.1992979]]}},{"type":"Feature","id":"osm-way-98502374","properties":{"highway":"residential","osm_type":"way","osm_id":98502374,"road_class":"residential","source_priority":"osm-general"},"geometry":{"type":"LineString","coordinates":[[55.2654818,25.1947621],[55.2655229,25.1948095],[55.2655584,25.1948606],[55.2655877,25.1949147],[55.2656106,25.1949713],[55.2656268,25.1950298]]}},{"type":"Feature","id":"osm-way-99570318","properties":{"highway":"service","oneway":"yes","source":"Bing","surface":"asphalt","osm_type":"way","osm_id":99570318,"road_class":"service","source_priority":"osm-general"},"geometry":{"type":"LineString","coordinates":[[55.2705541,25.1974906],[55.270514,25.197486],[55.2704738,25.1974884],[55.2704347,25.1974978],[55.2703984,25.1975138],[55.2702721,25.1975957],[55.2701477,25.1976802],[55.2700255,25.1977671],[55.2699054,25.1978564],[55.2698729,25.1978842],[55.2698451,25.1979159],[55.2698221,25.1979509],[55.2698049,25.1979885]]}},{"type":"Feature","id":"osm-way-99570327","properties":{"highway":"service","oneway":"yes","source":"Bing","surface":"asphalt","osm_type":"way","osm_id":99570327,"road_class":"service","source_priority":"osm-general"},"geometry":{"type":"LineString","coordinates":[[55.2700866,25.1967452],[55.2699483,25.1966678],[55.2699184,25.1966495],[55.269892,25.1966273],[55.2698697,25.1966015],[55.2698521,25.196573],[55.269793,25.1964127],[55.2697057,25.1961613],[55.2696485,25.1958937],[55.2696469,25.1958556],[55.2696516,25.1958178],[55.2696624,25.1957811],[55.269679,25.1957461],[55.2697326,25.1956647]]}},{"type":"Feature","id":"osm-way-99570329","properties":{"highway":"service","source":"Bing","surface":"paving_stones","osm_type":"way","osm_id":99570329,"road_class":"service","source_priority":"osm-general"},"geometry":{"type":"LineString","coordinates":[[55.2697057,25.1961613],[55.2696519,25.1961749],[55.2691939,25.1962904]]}},{"type":"Feature","id":"osm-way-100718917","properties":{"destination":"Financial Center Street;Burj Khalifa","destination:lang:ar":"شارع المركز المالي;برج خليفة","destination:lang:en":"Financial Center Street;Burj Khalifa","destination:ref":"D71 (East)","highway":"motorway_link","lanes":"1","lit":"yes","maxheight":"5.5","oneway":"yes","source":"Bing","surface":"asphalt","osm_type":"way","osm_id":100718917,"road_class":"motorway","source_priority":"osm-general"},"geometry":{"type":"LineString","coordinates":[[55.2715217,25.2033195],[55.2719078,25.2034567],[55.2720062,25.2034836],[55.2721065,25.2035039],[55.2722082,25.2035174],[55.2723108,25.203524],[55.2724136,25.2035238],[55.2725161,25.2035167],[55.2726178,25.2035029],[55.272718,25.2034822],[55.2728163,25.2034549],[55.2729121,25.2034211],[55.2730048,25.203381],[55.2733534,25.2032356],[55.2735447,25.2031508],[55.2737411,25.2030558],[55.2739906,25.2029471],[55.2742421,25.202844],[55.2744948,25.2027441]]}},{"type":"Feature","id":"osm-way-100718921","properties":{"destination":"Al Sharjah;Sheikh Zayed Road","destination:lang:ar":"الشارقة;شارع الشيخ زايد","destination:lang:en":"Al Sharjah;Sheikh Zayed Road","destination:ref":"E11 (North)","highway":"motorway_link","lanes":"1","lit":"yes","maxheight":"5.5","oneway":"yes","source":"Bing","surface":"asphalt","osm_type":"way","osm_id":100718921,"road_class":"motorway","source_priority":"osm-general"},"geometry":{"type":"LineString","coordinates":[[55.2715217,25.2033195],[55.2717613,25.2034437],[55.2718368,25.2034885],[55.2719085,25.2035381],[55.271976,25.2035923],[55.2720389,25.2036509],[55.2720969,25.2037135],[55.2721496,25.2037798],[55.2721969,25.2038494],[55.2722384,25.2039219],[55.2722739,25.203997],[55.2723032,25.2040743],[55.2723262,25.2041532],[55.2723427,25.2042335],[55.2723521,25.2043148],[55.2723574,25.2043962],[55.2723565,25.2044778],[55.2723495,25.2045592],[55.2723364,25.2046399],[55.2723173,25.2047197],[55.2722916,25.2047979],[55.2722628,25.2048851],[55.2722292,25.2049709],[55.2721909,25.205055]]}},{"type":"Feature","id":"osm-way-100718939","properties":{"destination":"Al Safa Street;Jumeira","destination:lang:ar":"شارع الصفا;جميرا","destination:lang:en":"Al Safa Street;Jumeira","destination:ref":"D71 (West)","highway":"motorway_link","lanes":"1","lit":"yes","maxheight":"5.5","oneway":"yes","source":"Bing","surface":"asphalt","osm_type":"way","osm_id":100718939,"road_class":"motorway","source_priority":"osm-general"},"geometry":{"type":"LineString","coordinates":[[55.2699156,25.2030008],[55.2699727,25.2030492],[55.2700338,25.2030933],[55.2700987,25.2031328],[55.2701669,25.2031675],[55.2702379,25.2031972],[55.2703113,25.2032216],[55.2703866,25.2032407],[55.2704634,25.2032542],[55.2705171,25.2032625],[55.2705749,25.2032685],[55.2706534,25.2032732],[55.2707173,25.2032741],[55.2708149,25.2032774],[55.270921,25.2032871],[55.2710169,25.2033],[55.2711117,25.2033177],[55.2712053,25.2033403],[55.2712973,25.2033677],[55.2713875,25.2033997],[55.2714755,25.2034363],[55.2715611,25.2034773],[55.271644,25.2035227],[55.2717239,25.2035723],[55.2718006,25.2036258],[55.2718708,25.203686],[55.271937,25.203748],[55.2719971,25.2038148],[55.272051,25.2038859],[55.2720981,25.2039608],[55.2721381,25.204039],[55.2721708,25.2041199],[55.272196,25.204203],[55.2722134,25.2042878],[55.2722193,25.2043764],[55.2722177,25.2044653],[55.2722088,25.2045537],[55.2721925,25.2046413],[55.2721689,25.2047276],[55.2721383,25.2048119],[55.2721006,25.204894],[55.2720562,25.2049732],[55.2720056,25.2050493]]}},{"type":"Feature","id":"osm-way-100718945","properties":{"destination":"Sheikh Zayed Road;Abu Dhabi","destination:lang:ar":"شارع الشيخ زايد;أبو ظبي","destination:lang:en":"Sheikh Zayed Road;Abu Dhabi","destination:ref":"E11 (South)","highway":"motorway_link","lanes":"1","lit":"yes","oneway":"yes","sidewalk":"right","sidewalk:right:surface":"paving_stones","source":"Bing","surface":"asphalt","osm_type":"way","osm_id":100718945,"road_class":"motorway","source_priority":"osm-general"},"geometry":{"type":"LineString","coordinates":[[55.2682327,25.2058817],[55.2683809,25.205809],[55.2690529,25.2054287],[55.2697687,25.2050036],[55.2698223,25.2049572],[55.2698661,25.2049029],[55.2698986,25.2048426],[55.2699189,25.204778]]}},{"type":"Feature","id":"osm-way-100783571","properties":{"highway":"residential","lanes":"1","name":"48b شارع","name:ar":"48b شارع","name:en":"48b Street","oneway":"yes","source":"Bing","surface":"asphalt","osm_type":"way","osm_id":100783571,"road_class":"residential","source_priority":"osm-general"},"geometry":{"type":"LineString","coordinates":[[55.2555799,25.1935119],[55.2555493,25.1934356],[55.2555154,25.1933612],[55.2554685,25.1932784],[55.255434,25.1932183]]}},{"type":"Feature","id":"osm-way-100783572","properties":{"highway":"residential","lanes":"1","name":"48b شارع","name:ar":"48b شارع","name:en":"48b Street","oneway":"yes","source":"Bing","surface":"asphalt","osm_type":"way","osm_id":100783572,"road_class":"residential","source_priority":"osm-general"},"geometry":{"type":"LineString","coordinates":[[55.255434,25.1932183],[55.2554905,25.1932628],[55.2555702,25.1933217],[55.2556419,25.1933692],[55.2557159,25.1934128]]}},{"type":"Feature","id":"osm-way-100783609","properties":{"destination":"Umm Amara Street (West)","destination:lang:ar":"شارع أم عمارة (غرب)","destination:lang:en":"Umm Amara Street (West)","highway":"secondary_link","lanes":"1","lit":"yes","oneway":"yes","sidewalk":"right","source":"Bing","surface":"asphalt","osm_type":"way","osm_id":100783609,"road_class":"secondary","source_priority":"osm-general"},"geometry":{"type":"LineString","coordinates":[[55.2581376,25.1924271],[55.2580571,25.1923683],[55.2580313,25.1923461],[55.25793,25.1922508],[55.2578896,25.1922213],[55.2578805,25.1922147],[55.257823,25.1921898],[55.2577608,25.1921775],[55.2576972,25.1921785],[55.2576355,25.1921927],[55.257579,25.1922194],[55.2574698,25.1922888],[55.2574077,25.1923237],[55.257336,25.1923628]]}},{"type":"Feature","id":"osm-way-100783632","properties":{"highway":"service","source":"Bing","surface":"asphalt","osm_type":"way","osm_id":100783632,"road_class":"service","source_priority":"osm-general"},"geometry":{"type":"LineString","coordinates":[[55.2608794,25.1936429],[55.2607135,25.1937625],[55.2605676,25.1938681],[55.2605478,25.193872],[55.2605281,25.1938683],[55.2605116,25.1938578],[55.2602952,25.1936261],[55.2602838,25.1936035],[55.260283,25.1935786],[55.2602936,25.1935547],[55.2604324,25.1934483],[55.2605909,25.1933127]]}},{"type":"Feature","id":"osm-way-100783633","properties":{"highway":"service","service":"parking_aisle","osm_type":"way","osm_id":100783633,"road_class":"service","source_priority":"osm-general"},"geometry":{"type":"LineString","coordinates":[[55.2607135,25.1937625],[55.2604324,25.1934483]]}},{"type":"Feature","id":"osm-way-100783634","properties":{"highway":"service","service":"parking_aisle","osm_type":"way","osm_id":100783634,"road_class":"service","source_priority":"osm-general"},"geometry":{"type":"LineString","coordinates":[[55.2608794,25.1936429],[55.2605909,25.1933127]]}},{"type":"Feature","id":"osm-way-100783636","properties":{"highway":"service","oneway":"yes","source":"Bing","surface":"asphalt","osm_type":"way","osm_id":100783636,"road_class":"service","source_priority":"osm-general"},"geometry":{"type":"LineString","coordinates":[[55.2600655,25.1943351],[55.260117,25.1943421],[55.2601527,25.1943451],[55.2601883,25.194342],[55.2602228,25.194333],[55.2602548,25.1943185],[55.2602898,25.1942921],[55.2604392,25.1941807],[55.2605246,25.1941092],[55.2605473,25.1941007],[55.2605719,25.1941001],[55.2605951,25.1941074],[55.260614,25.1941216],[55.2608854,25.1944072],[55.2612325,25.1947723],[55.2612499,25.1948031],[55.2612537,25.1948375],[55.2612433,25.1948708],[55.2612201,25.1948982],[55.2611455,25.1949571],[55.2609976,25.1950585],[55.2609679,25.1950849],[55.2609411,25.1951234],[55.260923,25.1951633],[55.2609142,25.1952057],[55.2609152,25.1952489]]}},{"type":"Feature","id":"osm-way-100783637","properties":{"highway":"service","oneway":"yes","service":"parking_aisle","source":"Bing","surface":"asphalt","osm_type":"way","osm_id":100783637,"road_class":"service","source_priority":"osm-general"},"geometry":{"type":"LineString","coordinates":[[55.2609976,25.1950585],[55.2602898,25.1942921]]}},{"type":"Feature","id":"osm-way-100783638","properties":{"highway":"service","oneway":"yes","service":"parking_aisle","source":"Bing","surface":"asphalt","osm_type":"way","osm_id":100783638,"road_class":"service","source_priority":"osm-general"},"geometry":{"type":"LineString","coordinates":[[55.2604392,25.1941807],[55.2611455,25.1949571]]}},{"type":"Feature","id":"osm-way-106309507","properties":{"highway":"tertiary","lanes":"2","name":"مراسي درايف","name:ar":"مراسي درايف","name:en":"Marasi Drive","oneway":"no","surface":"asphalt","osm_type":"way","osm_id":106309507,"road_class":"tertiary","source_priority":"osm-general"},"geometry":{"type":"LineString","coordinates":[[55.2590969,25.1852106],[55.2591649,25.1851631],[55.2592212,25.1851236],[55.2594951,25.1849615],[55.2597006,25.1848457],[55.2598269,25.1847796],[55.2599101,25.1847359],[55.2601233,25.1846321],[55.2603307,25.1845395],[55.2605514,25.1844451],[55.2607348,25.1843732],[55.2607987,25.1843499],[55.2609121,25.1843085],[55.2610907,25.184247],[55.2613044,25.1841795],[55.261326,25.1841727],[55.2613765,25.1841567],[55.2614515,25.184133]]}},{"type":"Feature","id":"osm-way-156226266","properties":{"highway":"secondary","lanes":"2","lit":"yes","maxspeed":"60","name":"شارع المستقبل","name:ar":"شارع المستقبل","name:en":"Al Mustaqbal Street","oneway":"yes","ref":"D86","sidewalk":"no","surface":"asphalt","osm_type":"way","osm_id":156226266,"road_class":"secondary","source_priority":"osm-general"},"geometry":{"type":"LineString","coordinates":[[55.269245,25.1972346],[55.269327,25.1973541],[55.2694045,25.1974761],[55.2694772,25.1976005],[55.269545,25.1977271],[55.269608,25.1978557],[55.2696661,25.1979862],[55.2697882,25.1983226],[55.2698324,25.1984251],[55.2698823,25.1985232],[55.2699382,25.1986185],[55.2700001,25.1987107],[55.2700677,25.1987996],[55.2701408,25.1988849],[55.2702192,25.1989663]]}},{"type":"Feature","id":"osm-way-169309841","properties":{"highway":"service","oneway":"yes","osm_type":"way","osm_id":169309841,"road_class":"service","source_priority":"osm-general"},"geometry":{"type":"LineString","coordinates":[[55.2740369,25.1991732],[55.2740531,25.1991522],[55.2740638,25.1991285],[55.2740687,25.1991033],[55.2740675,25.1990777],[55.2740461,25.1990022],[55.2740276,25.1989501],[55.2740174,25.1988962],[55.2740156,25.1988415],[55.2740223,25.1987872],[55.2740375,25.1987342],[55.274059,25.1986923],[55.2740884,25.1986546],[55.2741247,25.1986222],[55.2741668,25.1985961],[55.2742134,25.1985771],[55.2742629,25.1985658],[55.2742978,25.1985702],[55.2743291,25.1985848],[55.2743533,25.1986079],[55.2743676,25.198637],[55.2743709,25.1986616],[55.274367,25.1986862],[55.2743573,25.1987097],[55.27433,25.1987479],[55.274305,25.1987875],[55.2742824,25.1988281],[55.2742623,25.1988699],[55.2742446,25.1989125],[55.2742128,25.199002],[55.2742023,25.1990367],[55.2741933,25.1990714],[55.2741862,25.1991065],[55.2741822,25.199132],[55.2741822,25.1991577],[55.2741861,25.1991831],[55.274194,25.1992078]]}},{"type":"Feature","id":"osm-way-169309844","properties":{"highway":"service","layer":"-1","tunnel":true,"osm_type":"way","osm_id":169309844,"road_class":"service","source_priority":"osm-general","render_policy":"hidden-below-ground"},"geometry":{"type":"LineString","coordinates":[[55.2746423,25.1985217],[55.2753236,25.1981592],[55.275403,25.1981116],[55.2754772,25.1980575],[55.2755454,25.1979974],[55.2756071,25.1979317],[55.2756617,25.1978611],[55.2757088,25.1977862],[55.2757479,25.1977076],[55.2757787,25.197626],[55.2758009,25.1975422],[55.2758144,25.1974569],[55.2758189,25.1973708],[55.2758146,25.1972847],[55.2758013,25.1971994],[55.2757793,25.1971155],[55.2757487,25.1970339],[55.2757098,25.1969552],[55.2756629,25.1968802],[55.2756085,25.1968095],[55.275547,25.1967437],[55.2754785,25.1966837]]}},{"type":"Feature","id":"osm-way-169309846","properties":{"highway":"service","oneway":"no","osm_type":"way","osm_id":169309846,"road_class":"service","source_priority":"osm-general"},"geometry":{"type":"LineString","coordinates":[[55.2740661,25.1985822],[55.2741159,25.1985543],[55.2741694,25.1985325],[55.2742256,25.1985172],[55.2742834,25.1985087],[55.2744175,25.1984987],[55.2745028,25.1984903],[55.2745867,25.1984743],[55.2746686,25.198451],[55.2747474,25.1984205],[55.2748226,25.1983831],[55.2749892,25.1982958],[55.2750771,25.198248],[55.275159,25.1981922],[55.2752342,25.1981292],[55.275271,25.1980919]]}},{"type":"Feature","id":"osm-way-169309849","properties":{"foot":"no","highway":"primary_link","lanes":"1","lit":"yes","oneway":"yes","surface":"asphalt","osm_type":"way","osm_id":169309849,"road_class":"primary","source_priority":"osm-general"},"geometry":{"type":"LineString","coordinates":[[55.2718656,25.1984116],[55.2719283,25.1984239],[55.2719921,25.1984296],[55.2720562,25.1984286],[55.2721197,25.1984209],[55.2721893,25.1984085],[55.272244,25.1983852],[55.2723744,25.1983336]]}},{"type":"Feature","id":"osm-way-169309851","properties":{"foot":"no","highway":"primary_link","lanes":"1","lit":"yes","oneway":"yes","surface":"asphalt","osm_type":"way","osm_id":169309851,"road_class":"primary","source_priority":"osm-general"},"geometry":{"type":"LineString","coordinates":[[55.2725941,25.1983465],[55.2725662,25.1983762],[55.2725436,25.1984094],[55.2725269,25.1984453],[55.2725103,25.1984886],[55.2725006,25.1985336],[55.2724978,25.1985793],[55.2725021,25.1986249],[55.2725134,25.1986696],[55.2725307,25.1987042],[55.2725516,25.1987371],[55.2725758,25.1987681],[55.2726032,25.1987969]]}},{"type":"Feature","id":"osm-way-173629153","properties":{"foot":"no","highway":"secondary_link","lanes":"1","oneway":"yes","surface":"asphalt","osm_type":"way","osm_id":173629153,"road_class":"secondary","source_priority":"osm-general"},"geometry":{"type":"LineString","coordinates":[[55.2648307,25.1859607],[55.2648844,25.1859861],[55.2649408,25.1860061],[55.2649993,25.1860205],[55.2650561,25.1860288],[55.2651142,25.1860321],[55.2651693,25.1860301],[55.2652894,25.186033]]}},{"type":"Feature","id":"osm-way-173629167","properties":{"highway":"secondary","lanes":"4","name":"شارع الخليج التجاري 1","name:ar":"شارع الخليج التجاري 1","name:en":"Al Khaleej Al Tejari 1 Street","oneway":"yes","surface":"asphalt","turn:lanes":"left|left;through|through|through|right","osm_type":"way","osm_id":173629167,"road_class":"secondary","source_priority":"osm-general"},"geometry":{"type":"LineString","coordinates":[[55.2655786,25.1860607],[55.2654741,25.1861431],[55.2653662,25.1862242],[55.2652986,25.1862764],[55.2652569,25.1863086],[55.265163,25.186387]]}},{"type":"Feature","id":"osm-way-173629169","properties":{"foot":"no","highway":"secondary_link","lanes":"2","oneway":"yes","surface":"asphalt","osm_type":"way","osm_id":173629169,"road_class":"secondary","source_priority":"osm-general"},"geometry":{"type":"LineString","coordinates":[[55.2653877,25.1868462],[55.2652086,25.1867664],[55.265107,25.1867173],[55.265059,25.1867011],[55.2649752,25.1866952],[55.2649095,25.186694],[55.2648439,25.1867043],[55.26468,25.1867531]]}},{"type":"Feature","id":"osm-way-173629173","properties":{"destination":"Happiness Street;Bur Dubai","destination:lang:ar":"شارع السعادة;بر دبي","destination:lang:en":"Happiness Street;Bur Dubai","foot":"no","highway":"secondary_link","lanes":"2","lit":"yes","oneway":"yes","sidewalk":"right","surface":"asphalt","osm_type":"way","osm_id":173629173,"road_class":"secondary","source_priority":"osm-general"},"geometry":{"type":"LineString","coordinates":[[55.2644435,25.186922],[55.2643621,25.1870706],[55.2643305,25.1871439],[55.2643116,25.1872207],[55.2643055,25.1873003],[55.2643121,25.187374],[55.2643305,25.1874471],[55.2643603,25.1875172],[55.2644016,25.1875962],[55.2644709,25.1877086]]}},{"type":"Feature","id":"osm-way-176079094","properties":{"highway":"tertiary","lanes":"2","lit":"yes","maxspeed":"60","name":"شارع الأعمال","name:ar":"شارع الأعمال","name:en":"Al A'amal Street","oneway":"yes","sidewalk":"right","surface":"asphalt","turn:lanes":"||merge_to_left","osm_type":"way","osm_id":176079094,"road_class":"tertiary","source_priority":"osm-general"},"geometry":{"type":"LineString","coordinates":[[55.265393,25.1884741],[55.2655111,25.1885508],[55.2656995,25.1886694],[55.2658915,25.1887831],[55.266087,25.1888919],[55.2663197,25.1890094],[55.2663666,25.1890331],[55.2664878,25.1890943],[55.2666927,25.1891878],[55.2670446,25.1893268],[55.267313,25.1894204],[55.2673729,25.1894388],[55.2677476,25.1895866],[55.2677992,25.1896084],[55.2679419,25.189669],[55.2680671,25.1897302],[55.2681883,25.1897977],[55.2683051,25.1898712],[55.2684187,25.1899464]]}},{"type":"Feature","id":"osm-way-176079097","properties":{"foot":"no","highway":"secondary_link","lanes":"2","oneway":"yes","surface":"asphalt","osm_type":"way","osm_id":176079097,"road_class":"secondary","source_priority":"osm-general"},"geometry":{"type":"LineString","coordinates":[[55.2655786,25.1860607],[55.2654877,25.1862182],[55.2654581,25.1862679],[55.2654216,25.1863345],[55.2653958,25.1863968],[55.265385,25.1864325],[55.2653828,25.1864939],[55.2654033,25.1865824],[55.265448,25.186654],[55.2655174,25.186724],[55.2656051,25.1868263],[55.2656231,25.186914]]}},{"type":"Feature","id":"osm-way-176079098","properties":{"foot":"no","highway":"secondary_link","lanes":"1","oneway":"yes","surface":"asphalt","osm_type":"way","osm_id":176079098,"road_class":"secondary","source_priority":"osm-general"},"geometry":{"type":"LineString","coordinates":[[55.2644952,25.1866242],[55.2646624,25.1863903],[55.2646893,25.1863489],[55.2647104,25.1863049],[55.2647253,25.1862588],[55.264735,25.1861992],[55.2647344,25.1861389],[55.2647236,25.1860794],[55.2646837,25.1859697]]}},{"type":"Feature","id":"osm-way-176079099","properties":{"foot":"no","highway":"secondary_link","lanes":"2","lit":"yes","oneway":"yes","sidewalk":"right","surface":"asphalt","osm_type":"way","osm_id":176079099,"road_class":"secondary","source_priority":"osm-general"},"geometry":{"type":"LineString","coordinates":[[55.2642562,25.1877792],[55.2640677,25.1876872],[55.2639973,25.1876536],[55.2639222,25.1876308],[55.2638489,25.1876222],[55.2637652,25.1876263],[55.2636893,25.1876445],[55.2636187,25.1876755],[55.2632593,25.1878769]]}},{"type":"Feature","id":"osm-way-176079102","properties":{"highway":"secondary","lanes":"3","name":"شارع الخليج التجاري 1","name:ar":"شارع الخليج التجاري 1","name:en":"Al Khaleej Al Tejari 1 Street","oneway":"yes","surface":"asphalt","osm_type":"way","osm_id":176079102,"road_class":"secondary","source_priority":"osm-general"},"geometry":{"type":"LineString","coordinates":[[55.2650341,25.1862277],[55.2651287,25.186159],[55.2652894,25.186033],[55.2654713,25.1859119],[55.2657797,25.1857067],[55.2664009,25.1852562],[55.2664867,25.1851954],[55.2666992,25.1850418],[55.2667414,25.1850051],[55.2667772,25.1849632],[55.266806,25.1849171],[55.2668336,25.1848679]]}},{"type":"Feature","id":"osm-way-204103475","properties":{"highway":"tertiary","lanes":"1","lit":"yes","oneway":"yes","surface":"asphalt","osm_type":"way","osm_id":204103475,"road_class":"tertiary","source_priority":"osm-general"},"geometry":{"type":"LineString","coordinates":[[55.2603465,25.189851],[55.260367,25.1897944],[55.2603758,25.1897355],[55.2603726,25.189676],[55.2603577,25.189618],[55.2603313,25.1895635]]}},{"type":"Feature","id":"osm-way-237251661","properties":{"foot":"yes","highway":"service","layer":"1","oneway":"yes","osm_type":"way","osm_id":237251661,"road_class":"service","source_priority":"osm-general"},"geometry":{"type":"LineString","coordinates":[[55.2736028,25.2011195],[55.2736223,25.2011577],[55.2736411,25.2011732],[55.2736674,25.2011812],[55.2736948,25.2011778],[55.2737177,25.2011635],[55.273731,25.2011415],[55.2737366,25.2011164],[55.2737321,25.2010884],[55.2737189,25.2010627],[55.2736982,25.2010416],[55.2736716,25.2010267],[55.2736385,25.20101],[55.2736088,25.2009887],[55.2735833,25.2009633],[55.2735625,25.2009347],[55.2734831,25.2007817],[55.2733877,25.2005871],[55.2733837,25.2005561],[55.2733919,25.2005258],[55.2734113,25.2004999],[55.2734394,25.2004819],[55.2740558,25.2002073],[55.2740839,25.2001968],[55.2741137,25.2001914],[55.2741442,25.2001914],[55.274174,25.2001968],[55.2742298,25.2002105],[55.2745511,25.2002995],[55.2748023,25.200369],[55.2753334,25.2005161],[55.2753605,25.2005355],[55.2753719,25.2005588],[55.2753719,25.2005872],[55.2753634,25.2006221],[55.2753417,25.2006836],[55.2752803,25.200858],[55.2752358,25.2009787],[55.2751557,25.2011959],[55.2751174,25.2012727],[55.2750733,25.2013469],[55.2750236,25.2014181],[55.2749686,25.2014861],[55.2749097,25.2015417],[55.2748479,25.2015809],[55.2742744,25.2018523],[55.2742418,25.2018635],[55.2742072,25.2018673],[55.2741727,25.2018635],[55.2741401,25.2018522],[55.2741115,25.2018342],[55.2740885,25.2018105],[55.2738946,25.2015122],[55.2738815,25.2014812],[55.273878,25.2014476],[55.2738789,25.2013599],[55.2738794,25.2013375],[55.2738751,25.2013154],[55.2738663,25.2012945],[55.2738533,25.2012779],[55.2738347,25.2012663],[55.2738129,25.2012612],[55.2737905,25.2012631],[55.2737701,25.2012718],[55.2737556,25.2012875],[55.2737454,25.2013093],[55.2737428,25.2013335],[55.2737466,25.2013576],[55.2737568,25.2013801]]}},{"type":"Feature","id":"osm-way-237253942","properties":{"foot":"yes","highway":"service","layer":"1","service":"parking_aisle","osm_type":"way","osm_id":237253942,"road_class":"service","source_priority":"osm-general"},"geometry":{"type":"LineString","coordinates":[[55.2742298,25.2002105],[55.2743212,25.2003834],[55.2743277,25.2003909],[55.2743373,25.2003951],[55.274348,25.2003949],[55.2743574,25.2003905],[55.2745511,25.2002995]]}},{"type":"Feature","id":"osm-way-237253943","properties":{"foot":"yes","highway":"service","layer":"1","service":"parking_aisle","osm_type":"way","osm_id":237253943,"road_class":"service","source_priority":"osm-general"},"geometry":{"type":"LineString","coordinates":[[55.2752358,25.2009787],[55.2751748,25.2009321],[55.275146,25.2009084],[55.2751207,25.2008816],[55.2750995,25.200852],[55.2750589,25.2007861],[55.2749238,25.2005665],[55.2748023,25.200369]]}},{"type":"Feature","id":"osm-way-237253946","properties":{"foot":"yes","highway":"service","layer":"1","service":"parking_aisle","osm_type":"way","osm_id":237253946,"road_class":"service","source_priority":"osm-general"},"geometry":{"type":"LineString","coordinates":[[55.2753417,25.2006836],[55.2749238,25.2005665]]}},{"type":"Feature","id":"osm-way-237253948","properties":{"foot":"yes","highway":"service","layer":"1","service":"parking_aisle","osm_type":"way","osm_id":237253948,"road_class":"service","source_priority":"osm-general"},"geometry":{"type":"LineString","coordinates":[[55.2749686,25.2014861],[55.2748348,25.2012811],[55.2748286,25.201267],[55.2748301,25.2012518],[55.274839,25.2012388],[55.2748535,25.2012309],[55.2749676,25.2011767],[55.2749838,25.2011701],[55.2750011,25.2011666],[55.2750189,25.2011663],[55.2750363,25.2011691],[55.2751557,25.2011959]]}},{"type":"Feature","id":"osm-way-237427503","properties":{"foot":"no","highway":"secondary_link","lanes":"1","oneway":"yes","surface":"asphalt","osm_type":"way","osm_id":237427503,"road_class":"secondary","source_priority":"osm-general"},"geometry":{"type":"LineString","coordinates":[[55.2620968,25.1967006],[55.2620685,25.1966211],[55.2620365,25.1965683],[55.2617806,25.1962855],[55.2617705,25.1962691],[55.2617655,25.1962509],[55.2617659,25.196232],[55.2617718,25.196214],[55.2617872,25.1961887]]}},{"type":"Feature","id":"osm-way-237427504","properties":{"cutting":"yes","highway":"secondary","lanes":"2","lit":"yes","maxspeed":"60","name":"شارع البدع","name:ar":"شارع البدع","name:en":"Al Badaa' Street","old_name":"308 Road","oneway":"yes","surface":"asphalt","osm_type":"way","osm_id":237427504,"road_class":"secondary","source_priority":"osm-general"},"geometry":{"type":"LineString","coordinates":[[55.2687473,25.2054004],[55.2682605,25.2046366],[55.2679501,25.204186]]}},{"type":"Feature","id":"osm-way-237427505","properties":{"cutting":"yes","highway":"secondary","lanes":"2","lit":"yes","maxspeed":"60","name":"شارع البدع","name:ar":"شارع البدع","name:en":"Al Badaa' Street","old_name":"308 Road","oneway":"yes","surface":"asphalt","osm_type":"way","osm_id":237427505,"road_class":"secondary","source_priority":"osm-general"},"geometry":{"type":"LineString","coordinates":[[55.2680204,25.2041341],[55.2682958,25.2045265],[55.2688305,25.2053545]]}},{"type":"Feature","id":"osm-way-237427506","properties":{"highway":"secondary","lanes":"2","lit":"yes","maxspeed":"60","name":"شارع البدع","name:ar":"شارع البدع","name:en":"Al Badaa' Street","old_name":"308 Road","oneway":"yes","surface":"asphalt","osm_type":"way","osm_id":237427506,"road_class":"secondary","source_priority":"osm-general"},"geometry":{"type":"LineString","coordinates":[[55.2679501,25.204186],[55.2670529,25.2028912]]}},{"type":"Feature","id":"osm-way-237427507","properties":{"destination":"Abu Dhabi;Sheikh Zayed Road","destination:lang:ar":"أبو ظبي;شارع الشيخ زايد","destination:lang:en":"Abu Dhabi;Sheikh Zayed Road","destination:ref":"E11 (South)","highway":"secondary_link","lanes":"1","lit":"yes","oneway":"yes","surface":"asphalt","osm_type":"way","osm_id":237427507,"road_class":"secondary","source_priority":"osm-general"},"geometry":{"type":"LineString","coordinates":[[55.2669936,25.2025961],[55.2670406,25.2026333],[55.2670783,25.2026719],[55.2671159,25.2027155],[55.2675854,25.2033322],[55.2681282,25.20412],[55.2682284,25.2042669],[55.2685025,25.2046766],[55.2685361,25.2047233],[55.2688714,25.2052536],[55.2688935,25.205293],[55.2689122,25.205342]]}},{"type":"Feature","id":"osm-way-241605861","properties":{"highway":"secondary_link","lanes":"2","name":"شارع الانجاز","name:ar":"شارع الانجاز","name:en":"Al Enjaaz Street","old_name":"13 Street","oneway":"yes","surface":"asphalt","osm_type":"way","osm_id":241605861,"road_class":"secondary","source_priority":"osm-general"},"geometry":{"type":"LineString","coordinates":[[55.2641378,25.1987786],[55.2641732,25.1988442],[55.2641993,25.1988854],[55.2644653,25.199201],[55.2644807,25.1992282],[55.2644914,25.1992572],[55.2644973,25.1992872],[55.2644982,25.1993177],[55.2644933,25.1993477]]}},{"type":"Feature","id":"osm-way-242526544","properties":{"highway":"tertiary","lanes":"2","lit":"yes","maxspeed":"60","name":"شارع الأعمال","name:ar":"شارع الأعمال","name:en":"Al A'amal Street","oneway":"yes","sidewalk":"right","surface":"asphalt","osm_type":"way","osm_id":242526544,"road_class":"tertiary","source_priority":"osm-general"},"geometry":{"type":"LineString","coordinates":[[55.2684292,25.1900926],[55.2682263,25.18997],[55.2681183,25.1899088],[55.2680078,25.1898514],[55.2678949,25.1897979],[55.2677798,25.1897484],[55.2669279,25.1894248],[55.2664108,25.1892021],[55.2663655,25.1891799],[55.2663094,25.1891547],[55.2660686,25.1890398],[55.2658309,25.1889182],[55.2655983,25.1887885],[55.265372,25.1886502]]}},{"type":"Feature","id":"osm-way-242539209","properties":{"highway":"residential","surface":"asphalt","osm_type":"way","osm_id":242539209,"road_class":"residential","source_priority":"osm-general"},"geometry":{"type":"LineString","coordinates":[[55.2715916,25.1922084],[55.2716771,25.192288],[55.2717735,25.1923566],[55.2718792,25.1924129],[55.2719923,25.1924559],[55.2721107,25.1924848],[55.2721676,25.1924985],[55.2723889,25.1925032],[55.2724764,25.1924834],[55.2725946,25.1924535],[55.2727189,25.192408],[55.2728389,25.1923538],[55.2729538,25.1922913],[55.2730979,25.1922129]]}},{"type":"Feature","id":"osm-way-242539213","properties":{"foot":"no","highway":"secondary","lanes":"2","lit":"yes","name":"شارع العلم","name:ar":"شارع العلم","name:en":"AL Alam Street","oneway":"yes","sidewalk":"no","surface":"paving_stones","osm_type":"way","osm_id":242539213,"road_class":"secondary","source_priority":"osm-general"},"geometry":{"type":"LineString","coordinates":[[55.2739865,25.1908554],[55.2739538,25.1907622],[55.2739256,25.1906761]]}},{"type":"Feature","id":"osm-way-248978738","properties":{"highway":"tertiary","lanes":"3","lit":"yes","maxspeed":"60","name":"شارع برج خليفة","name:ar":"شارع برج خليفة","name:en":"Burj Khalifa Street","oneway":"yes","sidewalk":"right","surface":"asphalt","osm_type":"way","osm_id":248978738,"road_class":"tertiary","source_priority":"osm-general"},"geometry":{"type":"LineString","coordinates":[[55.2684587,25.1919114],[55.2683767,25.1920429],[55.2683124,25.1921613],[55.2682634,25.1922724],[55.2682085,25.1924251],[55.2681651,25.1925574],[55.2681296,25.1926881],[55.2680792,25.1928883],[55.2680385,25.1931235],[55.2680237,25.1932155],[55.2679786,25.1934309],[55.2679197,25.1936248]]}},{"type":"Feature","id":"osm-way-248978747","properties":{"highway":"secondary","lanes":"3","name":"طريق مراسي","name:ar":"طريق مراسي","name:en":"Marasi Drive","oneway":"yes","surface":"asphalt","osm_type":"way","osm_id":248978747,"road_class":"secondary","source_priority":"osm-general"},"geometry":{"type":"LineString","coordinates":[[55.2716684,25.1876266],[55.2715841,25.1876767]]}},{"type":"Feature","id":"osm-way-251720558","properties":{"destination":"Al Safa Street;Jumeira","destination:lang:ar":"شارع الصفا;جميرا","destination:lang:en":"Al Safa Street;Jumeira","destination:ref":"D71 (West)","highway":"motorway_link","lanes":"1","lit":"yes","maxheight":"5.5","oneway":"yes","surface":"asphalt","osm_type":"way","osm_id":251720558,"road_class":"motorway","source_priority":"osm-general"},"geometry":{"type":"LineString","coordinates":[[55.2685061,25.2009082],[55.2685197,25.2009611],[55.2685401,25.2010027],[55.2685631,25.2010431],[55.2685886,25.2010823],[55.2689863,25.2016932],[55.2697246,25.2027763],[55.2697657,25.2028369],[55.2698111,25.2028948],[55.2698608,25.2029498],[55.2699156,25.2030008]]}},{"type":"Feature","id":"osm-way-251720559","properties":{"destination":"Financial Center Street;Burj Khalifa","destination:lang:ar":"شارع المركز المالي;برج خليفة","destination:lang:en":"Financial Center Street;Burj Khalifa","highway":"motorway_link","lanes":"1","lit":"yes","maxheight":"5.5","oneway":"yes","source":"Bing","surface":"asphalt","osm_type":"way","osm_id":251720559,"road_class":"motorway","source_priority":"osm-general"},"geometry":{"type":"LineString","coordinates":[[55.2698262,25.2023395],[55.2701506,25.2024876],[55.270232,25.2025221],[55.2703145,25.2025543],[55.270398,25.2025842],[55.2704825,25.2026118],[55.2709973,25.2027797],[55.2710926,25.202812],[55.2711871,25.2028465],[55.2712805,25.2028831],[55.2720572,25.2032013],[55.2721456,25.2032333],[55.2722357,25.2032608],[55.2723275,25.2032836],[55.2724204,25.2033018],[55.2725214,25.2033164],[55.2726233,25.2033246],[55.2727256,25.2033265],[55.2728277,25.203322],[55.2729293,25.2033111],[55.2730298,25.2032939],[55.2731287,25.2032704],[55.2732256,25.2032408],[55.2737411,25.2030558]]}},{"type":"Feature","id":"osm-way-251720561","properties":{"destination":"Financial Center Street;Al Safa Street;Al Sukook Street;The Dubai Mall;Burj Khalifa","destination:lang:ar":"شارع المركز المالي;شارع الصفا;شارع الصكوك;دبي مول;برج خليفة","destination:lang:en":"Financial Center Street;Al Safa Street;Al Sukook Street;The Dubai Mall;Burj Khalifa","highway":"motorway_link","lanes":"3","lit":"yes","maxspeed":"80","oneway":"yes","surface":"asphalt","osm_type":"way","osm_id":251720561,"road_class":"motorway","source_priority":"osm-general"},"geometry":{"type":"LineString","coordinates":[[55.2642174,25.1959218],[55.2645435,25.1961383],[55.2645999,25.1961791],[55.2646526,25.1962238],[55.2647011,25.1962721],[55.2655879,25.1971508],[55.2658173,25.1973982],[55.2660419,25.1976493],[55.2662614,25.1979041],[55.2664758,25.1981623]]}},{"type":"Feature","id":"osm-way-254244745","properties":{"highway":"tertiary","junction":"roundabout","lit":"yes","sidewalk":"right","surface":"asphalt","osm_type":"way","osm_id":254244745,"road_class":"tertiary","source_priority":"osm-general"},"geometry":{"type":"LineString","coordinates":[[55.2615998,25.1917064],[55.2616366,25.1917252],[55.2616649,25.1917536],[55.261682,25.1917886],[55.2616861,25.1918267],[55.2616765,25.1918639]]}},{"type":"Feature","id":"osm-way-254244750","properties":{"highway":"tertiary","lit":"yes","oneway":"yes","sidewalk":"right","surface":"asphalt","osm_type":"way","osm_id":254244750,"road_class":"tertiary","source_priority":"osm-general"},"geometry":{"type":"LineString","coordinates":[[55.2616765,25.1918639],[55.2616711,25.1919022],[55.261671,25.1919408],[55.2616762,25.1919791],[55.2616853,25.1920165],[55.261711,25.1920994],[55.2617616,25.1922604],[55.2617954,25.1923524],[55.2618342,25.1924428],[55.261878,25.1925313],[55.2619264,25.1926178],[55.2619796,25.192702],[55.2620372,25.1927838],[55.2620992,25.1928629],[55.2621655,25.1929391],[55.2624393,25.1932433],[55.2624902,25.1933036],[55.2625383,25.1933657],[55.2625836,25.1934295]]}},{"type":"Feature","id":"osm-way-254362263","properties":{"highway":"tertiary","lanes":"2","name":"مراسي درايف","name:ar":"مراسي درايف","name:en":"Marasi Drive","oneway":"no","surface":"asphalt","osm_type":"way","osm_id":254362263,"road_class":"tertiary","source_priority":"osm-general"},"geometry":{"type":"LineString","coordinates":[[55.2641951,25.1850754],[55.2641222,25.1849648],[55.2640417,25.1848586],[55.2639541,25.1847572],[55.2638595,25.184661],[55.2637585,25.1845703],[55.2636513,25.1844856],[55.2635466,25.1844127],[55.2635145,25.1843925],[55.2634205,25.1843352],[55.2632977,25.1842702],[55.2631706,25.1842123],[55.2630397,25.1841617],[55.2629056,25.1841187],[55.2627688,25.1840834],[55.2626298,25.1840559],[55.2624891,25.1840364],[55.2623219,25.1840144],[55.2622501,25.1840049]]}},{"type":"Feature","id":"osm-way-254362265","properties":{"highway":"service","oneway":"yes","surface":"asphalt","osm_type":"way","osm_id":254362265,"road_class":"service","source_priority":"osm-general"},"geometry":{"type":"LineString","coordinates":[[55.2630673,25.1863769],[55.2629922,25.1863383],[55.2629326,25.1863188],[55.2628575,25.1862884],[55.2628066,25.1862056],[55.2627759,25.186159],[55.2624836,25.1856291],[55.2623822,25.1854302],[55.2623523,25.1853628],[55.262301,25.1852468],[55.2622031,25.1849941],[55.2621785,25.184927],[55.262152,25.1848546],[55.2619914,25.1843972],[55.2619476,25.1842542],[55.2619034,25.1841233]]}},{"type":"Feature","id":"osm-way-256243896","properties":{"highway":"service","surface":"asphalt","osm_type":"way","osm_id":256243896,"road_class":"service","source_priority":"osm-general"},"geometry":{"type":"LineString","coordinates":[[55.2727275,25.2017771],[55.2728014,25.2019136]]}},{"type":"Feature","id":"osm-way-274572539","properties":{"highway":"secondary","lanes":"3","lit":"yes","maxspeed":"60","name":"شارع الخليج التجاري 1","name:ar":"شارع الخليج التجاري 1","name:en":"Al Khaleej Al Tejari 1 Street","note":"blocked due to construction since summer 2017","oneway":"yes","sidewalk":"no","surface":"asphalt","turn:lanes":"through|through|through","osm_type":"way","osm_id":274572539,"road_class":"secondary","source_priority":"osm-general"},"geometry":{"type":"LineString","coordinates":[[55.2623754,25.1885326],[55.2621441,25.1887067],[55.2621071,25.1887345],[55.2620235,25.1887979]]}},{"type":"Feature","id":"osm-way-274572542","properties":{"highway":"secondary","lanes":"5","name":"شارع الخليج التجاري 1","name:ar":"شارع الخليج التجاري 1","name:en":"Al Khaleej Al Tejari 1 Street","oneway":"yes","surface":"asphalt","turn:lanes":"left|through|through|through;right|right","osm_type":"way","osm_id":274572542,"road_class":"secondary","source_priority":"osm-general"},"geometry":{"type":"LineString","coordinates":[[55.26468,25.1867531],[55.2644435,25.186922]]}},{"type":"Feature","id":"osm-way-274761174","properties":{"bicycle":"no","bridge":true,"foot":"no","highway":"motorway","horse":"no","int_ref":"M5","lanes":"8","layer":1,"lit":"yes","maxspeed":"100","name":"شارع الشيخ زايد","name:ar":"شارع الشيخ زايد","name:en":"Sheikh Zayed Road (north)","name:fa":"خیابان شیخ زاید","name:ml":"ഷെയ്ഖ് സായിദ് റോഡ്","oneway":"yes","ref":"E11","source":"Bing","surface":"asphalt","osm_type":"way","osm_id":274761174,"road_class":"motorway","source_priority":"osm-general","elevation_m":7,"elevation_source":"configurable-estimate"},"geometry":{"type":"LineString","coordinates":[[55.2553605,25.1862854],[55.2575272,25.1886446]]}},{"type":"Feature","id":"osm-way-274761175","properties":{"bicycle":"no","bridge":true,"destination:lanes":"||||||Business Bay","foot":"no","highway":"motorway","horse":"no","int_ref":"M5","lanes":"8","layer":1,"lit":"yes","maxspeed":"100","name":"شارع الشيخ زايد","name:ar":"شارع الشيخ زايد","name:en":"Sheikh Zayed Road (north)","name:fa":"خیابان شیخ زاید","name:ml":"ഷെയ്ഖ് സായിദ് റോഡ്","oneway":"yes","ref":"E11","source":"Bing","surface":"asphalt","turn:lanes":"through|through|through|through|through|through|slight_right","osm_type":"way","osm_id":274761175,"road_class":"motorway","source_priority":"osm-general","elevation_m":7,"elevation_source":"configurable-estimate"},"geometry":{"type":"LineString","coordinates":[[55.2530324,25.183759],[55.2553605,25.1862854]]}},{"type":"Feature","id":"osm-way-278072328","properties":{"bicycle":"no","destination:lanes":"Deira Al Shajah||||Financial Center Street;Al Safa Street;Al Sukouk Street|","destination:ref:lanes":"||||D71","foot":"no","highway":"motorway","horse":"no","int_ref":"M5","lanes":"5","lit":"yes","maxspeed":"100","name":"شارع الشيخ زايد","name:ar":"شارع الشيخ زايد","name:en":"Sheikh Zayed Road (north)","name:fa":"خیابان شیخ زاید","name:ml":"ഷെയ്ഖ് സായിദ് റോഡ്","oneway":"yes","ref":"E11","source":"Bing","surface":"asphalt","wikidata":"Q18066085","wikipedia":"ar:شارع الشيخ زايد","osm_type":"way","osm_id":278072328,"road_class":"motorway","source_priority":"osm-general"},"geometry":{"type":"LineString","coordinates":[[55.2642174,25.1959218],[55.2655365,25.1973997],[55.2662319,25.1982171],[55.2663357,25.1983425]]}},{"type":"Feature","id":"osm-way-278072330","properties":{"highway":"motorway","int_ref":"M5","lanes":"6","lit":"yes","maxheight":"5.5","maxspeed":"100","name":"شارع الشيخ زايد","name:ar":"شارع الشيخ زايد","name:en":"Sheikh Zayed Road (south)","name:fa":"خیابان شیخ زاید","name:ml":"ഷെയ്ഖ് സായിദ് റോഡ്","oneway":"yes","ref":"E11","source":"Bing","surface":"asphalt","wikidata":"Q18066085","wikipedia":"ar:شارع الشيخ زايد","osm_type":"way","osm_id":278072330,"road_class":"motorway","source_priority":"osm-general"},"geometry":{"type":"LineString","coordinates":[[55.273266,25.2086822],[55.2709173,25.2052348],[55.2683468,25.2015516],[55.2676007,25.2004854],[55.2666509,25.1991895],[55.2662623,25.1986895],[55.2659348,25.1982886],[55.265602,25.1978914],[55.2652639,25.1974978],[55.2645719,25.196722],[55.2620647,25.1939949]]}},{"type":"Feature","id":"osm-way-320911604","properties":{"highway":"residential","lanes":"2","maxspeed":"40","name":"17c شارع","name:ar":"17c شارع","name:en":"17c Street","surface":"asphalt","osm_type":"way","osm_id":320911604,"road_class":"residential","source_priority":"osm-general"},"geometry":{"type":"LineString","coordinates":[[55.2591532,25.2005449],[55.2596617,25.2002451],[55.2597191,25.2002113],[55.2604021,25.1998083],[55.2605988,25.1996965],[55.2608931,25.1995269],[55.2614889,25.1991706],[55.2616763,25.1990429],[55.2619379,25.1988442],[55.2625588,25.1983736],[55.2626049,25.1983387],[55.2630175,25.1980265]]}},{"type":"Feature","id":"osm-way-320911618","properties":{"highway":"residential","lanes":"2","name":"52a شارع","name:ar":"52a شارع","name:en":"52a Street","surface":"asphalt","osm_type":"way","osm_id":320911618,"road_class":"residential","source_priority":"osm-general"},"geometry":{"type":"LineString","coordinates":[[55.2614889,25.1991706],[55.2617916,25.1995056],[55.2618849,25.1996153],[55.2620255,25.1997806],[55.2622173,25.2000367],[55.262377,25.2002498]]}},{"type":"Feature","id":"osm-way-320911627","properties":{"highway":"residential","lanes":"2","name":"44a شارع","name:ar":"44a شارع","name:en":"44a Street","surface":"asphalt","osm_type":"way","osm_id":320911627,"road_class":"residential","source_priority":"osm-general"},"geometry":{"type":"LineString","coordinates":[[55.2597191,25.2002113],[55.2600883,25.2007484],[55.2601285,25.2007846],[55.2601806,25.2008052],[55.2602373,25.2008073],[55.260291,25.2007905],[55.2605824,25.2006289],[55.2612247,25.2002527],[55.2612544,25.2002267],[55.261275,25.2001942],[55.261285,25.2001579],[55.2612834,25.2001208],[55.261268,25.2000801],[55.2612346,25.200026],[55.2608931,25.1995269]]}},{"type":"Feature","id":"osm-way-320911679","properties":{"highway":"residential","lanes":"2","name":"52b شارع","name:ar":"52b شارع","name:en":"52b Street","surface":"asphalt","osm_type":"way","osm_id":320911679,"road_class":"residential","source_priority":"osm-general"},"geometry":{"type":"LineString","coordinates":[[55.2601633,25.1969228],[55.260551,25.1973608],[55.260722,25.1975358],[55.2608554,25.1976762],[55.2611406,25.1979816],[55.2613966,25.1982557],[55.2617078,25.1985941],[55.2619379,25.1988442]]}},{"type":"Feature","id":"osm-way-320911741","properties":{"highway":"residential","lanes":"2","name":"شارع 56","name:ar":"شارع 56","name:en":"56th Street","surface":"asphalt","osm_type":"way","osm_id":320911741,"road_class":"residential","source_priority":"osm-general"},"geometry":{"type":"LineString","coordinates":[[55.2607769,25.1964361],[55.2611892,25.196893],[55.2613457,25.19706],[55.2615654,25.1972946],[55.2618997,25.1976497],[55.2619436,25.1977082],[55.2619545,25.1977674],[55.2619394,25.1978259],[55.2619007,25.1978747]]}},{"type":"Feature","id":"osm-way-320911747","properties":{"highway":"residential","lanes":"2","name":"شارع 23","name:ar":"شارع 23","name:en":"23rd Street","surface":"asphalt","osm_type":"way","osm_id":320911747,"road_class":"residential","source_priority":"osm-general"},"geometry":{"type":"LineString","coordinates":[[55.2610518,25.1959798],[55.2606633,25.1962769],[55.2606096,25.1963179],[55.2600403,25.1967533],[55.2599845,25.1967959],[55.2596266,25.1970696],[55.2592683,25.1973437],[55.2589098,25.1976178],[55.2588318,25.1976774],[55.2582716,25.1981058],[55.2581923,25.1981665],[55.2578016,25.1984652]]}},{"type":"Feature","id":"osm-way-320911749","properties":{"highway":"residential","lanes":"2","name":"21c شارع","name:ar":"21c شارع","name:en":"21c Street","surface":"asphalt","osm_type":"way","osm_id":320911749,"road_class":"residential","source_priority":"osm-general"},"geometry":{"type":"LineString","coordinates":[[55.2593275,25.1982812],[55.2602211,25.197615],[55.2602903,25.1975608],[55.260551,25.1973608]]}},{"type":"Feature","id":"osm-way-321574957","properties":{"bicycle":"no","foot":"no","highway":"primary","horse":"no","lanes":"3","lit":"yes","maxspeed":"40","motor_vehicle":"designated","name":"شارع الشيخ محمد بن راشد","name:ar":"شارع الشيخ محمد بن راشد","name:de":"Sheikh Mohammed bin Rashid Boulevard","name:en":"Sheikh Mohammed bin Rashid Boulevard","name:ml":"ഷെയ്ഖ് മുഹമ്മദ് ബിൻ റാഷിദ് ബൊളിവാർഡ്","oneway":"yes","sidewalk":"right","surface":"asphalt","osm_type":"way","osm_id":321574957,"road_class":"primary","source_priority":"osm-general"},"geometry":{"type":"LineString","coordinates":[[55.2720685,25.1987327],[55.2719871,25.1986931],[55.2719805,25.1986899],[55.2718262,25.1986043],[55.2717142,25.1985367],[55.2715256,25.1984098],[55.2713439,25.1982749],[55.2711696,25.1981322],[55.2710031,25.197982],[55.2708447,25.1978248],[55.2706949,25.1976608],[55.2705541,25.1974906],[55.2704323,25.1973333],[55.2703547,25.1972233],[55.2702852,25.1971108],[55.2702192,25.1969967],[55.2701566,25.1968809],[55.2700866,25.1967452],[55.2700494,25.1966685],[55.2700041,25.1965722],[55.2699618,25.1964748],[55.2699198,25.1963729],[55.2699146,25.1963568],[55.2698443,25.1961428],[55.2698107,25.1960244],[55.2697803,25.1959053],[55.2697533,25.1957854],[55.2697326,25.1956647],[55.2697082,25.1955071],[55.2696905,25.1953489],[55.2696795,25.1951901],[55.2696752,25.195031],[55.269679,25.1948356],[55.2696869,25.1947131],[55.2697166,25.1944822],[55.269743,25.1942986],[55.2697769,25.194116],[55.2698266,25.1939212],[55.269838,25.193871],[55.2698723,25.1937333],[55.2699021,25.1936475],[55.2699646,25.193487],[55.2700448,25.1933065],[55.2701352,25.1931299],[55.2702326,25.1929601],[55.27032,25.1928137],[55.2704108,25.1926728],[55.2705074,25.1925352],[55.2706099,25.192401],[55.270718,25.1922705],[55.2708316,25.1921439],[55.2709504,25.1920213],[55.2711079,25.1918723],[55.2712164,25.1917883],[55.2713259,25.1917063],[55.2715813,25.1915213],[55.2718291,25.1913592],[55.2720879,25.1912192],[55.2724417,25.1910567],[55.2726884,25.1909576],[55.2729414,25.1908725],[55.2731997,25.1908019],[55.2734624,25.1907458],[55.2737295,25.1907057],[55.2739256,25.1906761],[55.2740232,25.190667],[55.2742015,25.1906562],[55.2742762,25.1906552],[55.2744783,25.1906527],[55.2746804,25.190657],[55.2748822,25.1906683],[55.2750833,25.1906865],[55.2752835,25.1907116],[55.2754117,25.19073],[55.2755126,25.1907413]]}},{"type":"Feature","id":"osm-way-321632334","properties":{"foot":"no","highway":"secondary","lanes":"2","lit":"yes","name":"شارع العلم","name:ar":"شارع العلم","name:en":"AL Alam Street","oneway":"yes","sidewalk":"no","surface":"paving_stones","osm_type":"way","osm_id":321632334,"road_class":"secondary","source_priority":"osm-general"},"geometry":{"type":"LineString","coordinates":[[55.2740232,25.190667],[55.2740534,25.190744],[55.2740992,25.1908456]]}},{"type":"Feature","id":"osm-way-321632335","properties":{"highway":"secondary","lanes":"2","lit":"yes","name":"شارع العلم","name:ar":"شارع العلم","name:en":"AL Alam Street","oneway":"yes","sidewalk":"right","surface":"asphalt","osm_type":"way","osm_id":321632335,"road_class":"secondary","source_priority":"osm-general"},"geometry":{"type":"LineString","coordinates":[[55.2739256,25.1906761],[55.2738967,25.1905487],[55.2738782,25.1904463],[55.273862,25.1903826],[55.2738411,25.1903201],[55.2738153,25.1902591],[55.2737791,25.1901983],[55.2737359,25.1901414],[55.2736863,25.1900889],[55.2736285,25.1900401],[55.2735571,25.1899899],[55.2734841,25.1899376],[55.2734129,25.1898834],[55.2733435,25.1898273],[55.273276,25.1897693],[55.2732091,25.1897091],[55.2731219,25.1895988],[55.2729169,25.1892889]]}},{"type":"Feature","id":"osm-way-363940164","properties":{"highway":"tertiary","lanes":"2","maxspeed":"60","name":"شارع الانجاز","name:ar":"شارع الانجاز","name:en":"Al Enjaaz Street","old_name":"13 Street","oneway":"yes","surface":"asphalt","osm_type":"way","osm_id":363940164,"road_class":"tertiary","source_priority":"osm-general"},"geometry":{"type":"LineString","coordinates":[[55.2533984,25.2056185],[55.2535555,25.2055459],[55.2538284,25.205412],[55.2544954,25.2050421],[55.2550493,25.2047151],[55.255094,25.204686],[55.2551367,25.2046544],[55.2551772,25.2046206],[55.2552158,25.2045847]]}},{"type":"Feature","id":"osm-way-377596245","properties":{"highway":"residential","lanes":"2","name":"شارع 56","name:ar":"شارع 56","name:en":"56th Street","source":"YWMS","surface":"asphalt","osm_type":"way","osm_id":377596245,"road_class":"residential","source_priority":"osm-general"},"geometry":{"type":"LineString","coordinates":[[55.2619007,25.1978747],[55.2613966,25.1982557]]}},{"type":"Feature","id":"osm-way-380568967","properties":{"highway":"residential","lit":"yes","osm_type":"way","osm_id":380568967,"road_class":"residential","source_priority":"osm-general"},"geometry":{"type":"LineString","coordinates":[[55.2659541,25.194079],[55.2657768,25.1939277],[55.2657193,25.193886],[55.2656593,25.1938472],[55.2656107,25.1938188],[55.2655515,25.1937877],[55.2654907,25.1937593],[55.2647004,25.1933924],[55.2645895,25.193341],[55.2642989,25.193212],[55.2642451,25.1931866],[55.2641926,25.193159],[55.2641416,25.1931292],[55.2640922,25.1930972],[55.2640414,25.1930608],[55.2639927,25.1930221],[55.2639462,25.1929813],[55.2639021,25.1929384],[55.2638284,25.1928638],[55.2637493,25.1927773],[55.2636208,25.1926385],[55.2634412,25.1924418],[55.2634032,25.1924031],[55.2631993,25.1921956],[55.2630556,25.1920493],[55.2629787,25.1919711],[55.2629309,25.191913],[55.2628869,25.1918524],[55.2628467,25.1917897],[55.2628107,25.191725],[55.2627789,25.1916585],[55.2627597,25.1916127],[55.2627426,25.1915662],[55.2626121,25.1911621],[55.2626073,25.1911477],[55.2625475,25.1909718],[55.2624687,25.1907374],[55.2623299,25.1903315],[55.2622977,25.1902509],[55.2622605,25.1901722],[55.2622182,25.1900956],[55.2621712,25.1900213],[55.2621195,25.1899496],[55.2620632,25.1898807],[55.2620027,25.189813],[55.261973,25.1897843],[55.2619347,25.1897629],[55.2618913,25.1897518],[55.2618463,25.1897517],[55.261803,25.1897626],[55.2617645,25.1897837],[55.2615767,25.1899357]]}},{"type":"Feature","id":"osm-way-381969447","properties":{"highway":"secondary_link","lanes":"1","lit":"yes","oneway":"yes","sidewalk":"right","surface":"asphalt","osm_type":"way","osm_id":381969447,"road_class":"secondary","source_priority":"osm-general"},"geometry":{"type":"LineString","coordinates":[[55.2729788,25.188415],[55.2729316,25.1884847],[55.2728868,25.1885313],[55.2728494,25.1885729],[55.2728258,25.1886037],[55.2727936,25.1886747],[55.2727914,25.1887078],[55.2727858,25.1887446],[55.2727836,25.1887847],[55.2727827,25.1888324],[55.2728005,25.1889191]]}},{"type":"Feature","id":"osm-way-381969448","properties":{"highway":"secondary_link","lanes":"1","lit":"yes","oneway":"yes","sidewalk":"right","surface":"asphalt","osm_type":"way","osm_id":381969448,"road_class":"secondary","source_priority":"osm-general"},"geometry":{"type":"LineString","coordinates":[[55.2727217,25.1890308],[55.2726744,25.1889867],[55.2726211,25.1889483],[55.2725575,25.1889292],[55.2724926,25.1889063],[55.2724709,25.1889005]]}},{"type":"Feature","id":"osm-way-381969449","properties":{"foot":"no","highway":"secondary_link","lanes":"1","lit":"yes","oneway":"yes","sidewalk":"right","surface":"asphalt","osm_type":"way","osm_id":381969449,"road_class":"secondary","source_priority":"osm-general"},"geometry":{"type":"LineString","coordinates":[[55.2720653,25.188758],[55.2721079,25.188682],[55.2721471,25.1886291],[55.2721712,25.1885668],[55.2721862,25.1885233]]}},{"type":"Feature","id":"osm-way-381969450","properties":{"highway":"secondary_link","lanes":"1","lit":"yes","oneway":"yes","sidewalk":"right","surface":"asphalt","osm_type":"way","osm_id":381969450,"road_class":"secondary","source_priority":"osm-general"},"geometry":{"type":"LineString","coordinates":[[55.2722339,25.1882278],[55.2722917,25.1882585],[55.272353,25.1882829],[55.2724432,25.1883164],[55.2725225,25.1883356],[55.2725743,25.1883355],[55.2726183,25.1883304],[55.2726637,25.1883218],[55.2727322,25.1883117],[55.2728253,25.1882904]]}},{"type":"Feature","id":"osm-way-381969451","properties":{"highway":"secondary_link","lanes":"1","oneway":"yes","surface":"asphalt","osm_type":"way","osm_id":381969451,"road_class":"secondary","source_priority":"osm-general"},"geometry":{"type":"LineString","coordinates":[[55.2722115,25.1872487],[55.2721851,25.1872978],[55.272153,25.1873429],[55.2721169,25.1873855],[55.2720772,25.1874253],[55.2720087,25.1874837],[55.2719754,25.1875233],[55.2719479,25.1875665],[55.2719267,25.1876124],[55.2719122,25.1876605],[55.2719036,25.1877249],[55.2719069,25.1877898],[55.271918,25.1878532],[55.2719457,25.1879432]]}},{"type":"Feature","id":"osm-way-381969452","properties":{"highway":"secondary_link","lanes":"1","oneway":"yes","surface":"asphalt","osm_type":"way","osm_id":381969452,"road_class":"secondary","source_priority":"osm-general"},"geometry":{"type":"LineString","coordinates":[[55.2718944,25.1880254],[55.2717692,25.1879375],[55.2717239,25.1879125],[55.2716761,25.1878916],[55.2716263,25.1878751],[55.2715749,25.1878632],[55.2715014,25.1878555],[55.2714274,25.1878588],[55.271354,25.1878684],[55.2712828,25.1878815],[55.2711007,25.1879224]]}},{"type":"Feature","id":"osm-way-381969453","properties":{"highway":"tertiary_link","lanes":"1","lit":"yes","oneway":"yes","sidewalk":"right","surface":"asphalt","osm_type":"way","osm_id":381969453,"road_class":"tertiary","source_priority":"osm-general"},"geometry":{"type":"LineString","coordinates":[[55.2689545,25.1903393],[55.2690461,25.1903668],[55.269116,25.1903834],[55.269184,25.190393],[55.2692528,25.1903974],[55.269314,25.1903931],[55.2693743,25.1903832],[55.2694333,25.1903696],[55.269536,25.190337]]}},{"type":"Feature","id":"osm-way-381969454","properties":{"highway":"tertiary_link","lanes":"1","lit":"yes","oneway":"yes","sidewalk":"right","surface":"asphalt","osm_type":"way","osm_id":381969454,"road_class":"tertiary","source_priority":"osm-general"},"geometry":{"type":"LineString","coordinates":[[55.2688179,25.1910685],[55.2688187,25.1909982],[55.268872,25.190929],[55.2689074,25.1908849],[55.2689545,25.1908212],[55.2689841,25.1907615],[55.268999,25.1907154],[55.2689986,25.1906709],[55.2689809,25.190579],[55.2689349,25.1905078],[55.2688499,25.1903984]]}},{"type":"Feature","id":"osm-way-381969455","properties":{"destination":"Burj Khalifa Street","destination:lang:ar":"شارع برج خليفة","destination:lang:en":"Burj Khalifa Street","destination:ref":"West","foot":"no","highway":"tertiary_link","lanes":"1","lit":"yes","maxspeed":"40","oneway":"yes","surface":"asphalt","osm_type":"way","osm_id":381969455,"road_class":"tertiary","source_priority":"osm-general"},"geometry":{"type":"LineString","coordinates":[[55.2673401,25.1951439],[55.2672979,25.1951249],[55.2672581,25.195102],[55.2672212,25.1950754],[55.2671877,25.1950453],[55.2670587,25.1949238],[55.267028,25.1949023],[55.2669951,25.1948836],[55.2669603,25.1948679],[55.266924,25.1948555],[55.2668741,25.1948491],[55.2668237,25.1948484],[55.2667736,25.1948534],[55.2667246,25.194864]]}},{"type":"Feature","id":"osm-way-381969456","properties":{"destination":"Burj Khalifa Street","destination:lang:ar":"شارع برج خليفة","destination:lang:en":"Burj Khalifa Street","destination:ref":"East","highway":"tertiary_link","lanes":"1","lit":"yes","maxspeed":"40","oneway":"yes","surface":"asphalt","osm_type":"way","osm_id":381969456,"road_class":"tertiary","source_priority":"osm-general"},"geometry":{"type":"LineString","coordinates":[[55.2667365,25.1938256],[55.2668148,25.1938779],[55.2669031,25.19394],[55.2670017,25.1940097],[55.2670902,25.194051],[55.2671477,25.19406],[55.267206,25.1940615],[55.267264,25.1940555],[55.2673204,25.1940422],[55.2673742,25.1940218],[55.2674243,25.1939947],[55.2674696,25.1939615],[55.2675093,25.1939228]]}},{"type":"Feature","id":"osm-way-381969457","properties":{"destination":"Al Mustaqbal Street","destination:lang:ar":"شارع المستقبل","destination:lang:en":"Al Mustaqbal Street","destination:ref":"D86 (South)","highway":"tertiary_link","lanes":"1","lit":"yes","maxspeed":"40","oneway":"yes","sidewalk":"right","surface":"asphalt","osm_type":"way","osm_id":381969457,"road_class":"tertiary","source_priority":"osm-general"},"geometry":{"type":"LineString","coordinates":[[55.2664847,25.1947982],[55.2665234,25.1947605],[55.2665567,25.1947187],[55.266584,25.1946736],[55.266605,25.1946257],[55.2666193,25.1945759],[55.2666267,25.1945249],[55.2666267,25.1944688],[55.2666185,25.1944132],[55.2666021,25.1943592],[55.2665778,25.1943076],[55.2665461,25.1942594]]}},{"type":"Feature","id":"osm-way-381969458","properties":{"destination":"Al Mustaqbal Street;Bur Dubai","destination:lang:ar":"شارع المستقبل;بر دبي","destination:lang:en":"Al Mustaqbal Street;Bur Dubai","destination:ref":"D86 (North)","highway":"tertiary_link","lanes":"1","lit":"yes","maxspeed":"40","oneway":"yes","surface":"asphalt","osm_type":"way","osm_id":381969458,"road_class":"tertiary","source_priority":"osm-general"},"geometry":{"type":"LineString","coordinates":[[55.2678116,25.1939294],[55.2677959,25.1939911],[55.2677759,25.1940219],[55.2677477,25.1940567],[55.2677155,25.194096],[55.2676798,25.1941428],[55.2675289,25.1943062],[55.267492,25.1943508],[55.2674653,25.194402],[55.2674614,25.1944142],[55.2674481,25.1944563],[55.2674414,25.1945042],[55.2674421,25.1945525],[55.2674502,25.1946002],[55.2674655,25.1946464]]}},{"type":"Feature","id":"osm-way-382042478","properties":{"highway":"tertiary","lanes":"3","name":"طريق مراسي","name:ar":"طريق مراسي","name:en":"Marasi Drive","oneway":"yes","surface":"asphalt","osm_type":"way","osm_id":382042478,"road_class":"tertiary","source_priority":"osm-general"},"geometry":{"type":"LineString","coordinates":[[55.2641951,25.1850754],[55.2642674,25.1851657],[55.2643416,25.1852627],[55.2646292,25.1856869],[55.2648307,25.1859607],[55.2649299,25.186095],[55.2649565,25.1861309],[55.2650341,25.1862277]]}},{"type":"Feature","id":"osm-way-382042492","properties":{"highway":"tertiary","lanes":"1","name":"مراسي درايف","name:ar":"مراسي درايف","name:en":"Marasi Drive","oneway":"yes","surface":"asphalt","osm_type":"way","osm_id":382042492,"road_class":"tertiary","source_priority":"osm-general"},"geometry":{"type":"LineString","coordinates":[[55.2590969,25.1852106],[55.2590538,25.1852531],[55.2590219,25.1853038],[55.2590004,25.1853588],[55.25899,25.1854164],[55.2589909,25.1854747],[55.2590032,25.185532]]}},{"type":"Feature","id":"osm-way-382042495","properties":{"highway":"tertiary","lanes":"1","name":"مراسي درايف","name:ar":"مراسي درايف","name:en":"Marasi Drive","oneway":"yes","surface":"asphalt","osm_type":"way","osm_id":382042495,"road_class":"tertiary","source_priority":"osm-general"},"geometry":{"type":"LineString","coordinates":[[55.2587311,25.1852227],[55.2587802,25.1852456],[55.258833,25.1852606],[55.2588878,25.185267],[55.2589431,25.1852648],[55.2589971,25.185254],[55.2590482,25.1852349],[55.2590969,25.1852106]]}},{"type":"Feature","id":"osm-way-382042498","properties":{"foot":"no","highway":"secondary_link","lanes":"1","lit":"yes","oneway":"yes","sidewalk":"right","surface":"asphalt","osm_type":"way","osm_id":382042498,"road_class":"secondary","source_priority":"osm-general"},"geometry":{"type":"LineString","coordinates":[[55.2634943,25.1866787],[55.2637218,25.1868241],[55.2637712,25.1868478],[55.2638239,25.1868647],[55.2638796,25.1868745],[55.2639361,25.1868769],[55.2639931,25.1868715],[55.2640486,25.1868585],[55.2642523,25.1868039]]}},{"type":"Feature","id":"osm-way-382042502","properties":{"highway":"secondary_link","lanes":"1","lit":"yes","maxspeed":"60","oneway":"yes","sidewalk":"right","surface":"asphalt","osm_type":"way","osm_id":382042502,"road_class":"secondary","source_priority":"osm-general"},"geometry":{"type":"LineString","coordinates":[[55.2632465,25.1875853],[55.26342,25.187359],[55.2634597,25.1873045],[55.2634903,25.1872453],[55.2634969,25.1872116],[55.2635222,25.1871051],[55.2635068,25.1870269],[55.2634608,25.186913]]}},{"type":"Feature","id":"osm-way-382042505","properties":{"destination":"Al Khaleej Al Tejari 1 Street","destination:lang:ar":"شارع الخليج التجاري 1","destination:lang:en":"Al Khaleej Al Tejari 1 Street","foot":"no","highway":"secondary_link","lanes":"1","lit":"yes","maxspeed":"60","oneway":"yes","sidewalk":"right","surface":"asphalt","osm_type":"way","osm_id":382042505,"road_class":"secondary","source_priority":"osm-general"},"geometry":{"type":"LineString","coordinates":[[55.261655,25.1883918],[55.2617319,25.1884083],[55.2618059,25.1884236],[55.2618815,25.1884296],[55.2619441,25.1884276],[55.262006,25.1884193],[55.2620666,25.1884047],[55.2621249,25.1883848],[55.2622099,25.1883444]]}},{"type":"Feature","id":"osm-way-382042508","properties":{"destination":"Happiness Street (south)","destination:lang:ar":"شارع السعادة (جنوب)","destination:lang:en":"Happiness Street (south)","foot":"no","highway":"secondary_link","lanes":"2","lit":"yes","maxspeed":"60","oneway":"yes","sidewalk":"right","surface":"asphalt","osm_type":"way","osm_id":382042508,"road_class":"secondary","source_priority":"osm-general"},"geometry":{"type":"LineString","coordinates":[[55.2609932,25.1893325],[55.2610829,25.1892132],[55.2611174,25.1891733],[55.2612494,25.1890415],[55.2612827,25.1889959],[55.2613088,25.1889466],[55.2613271,25.1888945],[55.2613372,25.1888419],[55.2613392,25.1887868],[55.2613331,25.1887333],[55.2613189,25.1886811],[55.2612971,25.188631],[55.2612781,25.1885955]]}},{"type":"Feature","id":"osm-way-382042511","properties":{"foot":"yes","highway":"secondary_link","lanes":"1","lit":"yes","oneway":"yes","sidewalk":"right","surface":"asphalt","osm_type":"way","osm_id":382042511,"road_class":"secondary","source_priority":"osm-general"},"geometry":{"type":"LineString","coordinates":[[55.2620555,25.1894564],[55.2619847,25.1894253],[55.2619161,25.1893905],[55.2618498,25.1893522],[55.261786,25.1893105],[55.2617338,25.1892779],[55.2617157,25.1892712],[55.2616753,25.1892564],[55.2616129,25.189247],[55.2615534,25.1892441],[55.2614938,25.189246],[55.2614346,25.1892526]]}},{"type":"Feature","id":"osm-way-382042514","properties":{"foot":"no","highway":"secondary_link","lanes":"1","lit":"yes","oneway":"yes","sidewalk":"right","surface":"asphalt","osm_type":"way","osm_id":382042514,"road_class":"secondary","source_priority":"osm-general"},"geometry":{"type":"LineString","coordinates":[[55.2623754,25.1885326],[55.2622955,25.1886725],[55.2622745,25.1887161],[55.2622589,25.1887616],[55.2622505,25.1887992],[55.2622455,25.1888444],[55.2622457,25.1888898],[55.2622512,25.188935],[55.262271,25.1890827]]}},{"type":"Feature","id":"osm-way-382042518","properties":{"highway":"residential","lit":"yes","maxspeed":"40","oneway":"yes","sidewalk":"right","surface":"asphalt","osm_type":"way","osm_id":382042518,"road_class":"residential","source_priority":"osm-general"},"geometry":{"type":"LineString","coordinates":[[55.2588091,25.1861929],[55.2588425,25.1861434],[55.2588639,25.186089],[55.2588721,25.1860317],[55.2588665,25.1859741],[55.2588475,25.1859189]]}},{"type":"Feature","id":"osm-way-382042522","properties":{"highway":"residential","lit":"yes","maxspeed":"40","oneway":"yes","sidewalk":"right","surface":"asphalt","osm_type":"way","osm_id":382042522,"road_class":"residential","source_priority":"osm-general"},"geometry":{"type":"LineString","coordinates":[[55.2591053,25.1862013],[55.2590604,25.1861765],[55.2590109,25.1861605],[55.2589587,25.1861541],[55.2589062,25.1861576],[55.2588556,25.1861707],[55.2588091,25.1861929]]}},{"type":"Feature","id":"osm-way-382042524","properties":{"highway":"residential","lanes":"2","lit":"yes","maxspeed":"40","oneway":"no","sidewalk":"both","surface":"asphalt","osm_type":"way","osm_id":382042524,"road_class":"residential","source_priority":"osm-general"},"geometry":{"type":"LineString","coordinates":[[55.2584596,25.1868671],[55.2585993,25.1870149],[55.2586989,25.1871211],[55.2588983,25.1873321],[55.258993,25.1874323],[55.2590562,25.1874881],[55.2591248,25.1875383],[55.2591982,25.1875827],[55.2598467,25.1878991]]}},{"type":"Feature","id":"osm-way-382042534","properties":{"highway":"residential","lanes":"1","lit":"yes","maxspeed":"40","oneway":"yes","sidewalk":"right","surface":"asphalt","osm_type":"way","osm_id":382042534,"road_class":"residential","source_priority":"osm-general"},"geometry":{"type":"LineString","coordinates":[[55.2609813,25.1882564],[55.2609397,25.1882403],[55.2608998,25.1882212],[55.2608617,25.1881993],[55.2608258,25.1881745],[55.2607312,25.1881021],[55.2606913,25.1880779],[55.2606498,25.1880628],[55.2605999,25.1880524],[55.2605543,25.1880519],[55.2605093,25.1880589],[55.2604665,25.1880733],[55.2604275,25.1880861],[55.2603873,25.1880956],[55.2603464,25.188101],[55.2602973,25.1881033]]}},{"type":"Feature","id":"osm-way-382042536","properties":{"highway":"tertiary","lanes":"2","name":"طريق مراسي","name:ar":"طريق مراسي","name:en":"Marasi Drive","oneway":"yes","surface":"asphalt","osm_type":"way","osm_id":382042536,"road_class":"tertiary","source_priority":"osm-general"},"geometry":{"type":"LineString","coordinates":[[55.2650677,25.1864666],[55.26493,25.1863033]]}},{"type":"Feature","id":"osm-way-382042540","properties":{"highway":"secondary","lanes":"3","name":"شارع الخليج التجاري 1","name:ar":"شارع الخليج التجاري 1","name:en":"Al Khaleej Al Tejari 1 Street","oneway":"yes","surface":"asphalt","osm_type":"way","osm_id":382042540,"road_class":"secondary","source_priority":"osm-general"},"geometry":{"type":"LineString","coordinates":[[55.2650677,25.1864666],[55.2649939,25.1865288],[55.26468,25.1867531]]}},{"type":"Feature","id":"osm-way-382042542","properties":{"highway":"secondary","lanes":"3","name":"شارع الخليج التجاري 1","name:ar":"شارع الخليج التجاري 1","name:en":"Al Khaleej Al Tejari 1 Street","oneway":"yes","surface":"asphalt","osm_type":"way","osm_id":382042542,"road_class":"secondary","source_priority":"osm-general"},"geometry":{"type":"LineString","coordinates":[[55.265163,25.186387],[55.2650677,25.1864666]]}},{"type":"Feature","id":"osm-way-382042546","properties":{"highway":"secondary","lanes":"3","name":"طريق مراسي","name:ar":"طريق مراسي","name:en":"Marasi Drive","oneway":"yes","surface":"asphalt","turn:lanes":"left;through||","osm_type":"way","osm_id":382042546,"road_class":"secondary","source_priority":"osm-general"},"geometry":{"type":"LineString","coordinates":[[55.265163,25.186387],[55.2652516,25.1864969],[55.2654152,25.1866981],[55.2656231,25.186914],[55.2657477,25.1870351],[55.2658779,25.1871512],[55.2660192,25.1872654],[55.2661674,25.1873798],[55.2663003,25.1874672],[55.2664507,25.1875612],[55.2666055,25.1876491],[55.2667644,25.187731],[55.266927,25.1878065],[55.2670931,25.1878755],[55.2672624,25.187938],[55.2674078,25.1879851],[55.2674345,25.1879938],[55.2677006,25.1880731],[55.267859,25.1881151],[55.2680192,25.1881512],[55.2681806,25.1881832],[55.2683609,25.1882066],[55.268542,25.1882236],[55.2687237,25.1882343],[55.2689057,25.1882387],[55.2690878,25.1882366],[55.2692697,25.1882282],[55.2694511,25.1882134],[55.2696317,25.1881925],[55.2698322,25.18816],[55.2700311,25.1881202],[55.2702281,25.1880729],[55.2704227,25.1880184],[55.2706147,25.1879568],[55.2708037,25.187888],[55.2709895,25.1878123],[55.2711716,25.1877298],[55.2713493,25.1876349],[55.2713817,25.1876176],[55.2714841,25.1875625]]}},{"type":"Feature","id":"osm-way-382055236","properties":{"highway":"tertiary","lanes":"2","maxspeed":"40","maxspeed:type":"sign","name":"3 Street","surface":"asphalt","osm_type":"way","osm_id":382055236,"road_class":"tertiary","source_priority":"osm-general"},"geometry":{"type":"LineString","coordinates":[[55.2676333,25.1893631],[55.2676408,25.189335],[55.2677224,25.1890335],[55.267801,25.1887444],[55.2678547,25.1884919],[55.2678627,25.1884532]]}},{"type":"Feature","id":"osm-way-382055238","properties":{"highway":"tertiary","lanes":"1","oneway":"yes","surface":"asphalt","osm_type":"way","osm_id":382055238,"road_class":"tertiary","source_priority":"osm-general"},"geometry":{"type":"LineString","coordinates":[[55.268008,25.1879323],[55.2680143,25.1879835],[55.2680305,25.1880327],[55.2680563,25.1880786],[55.2680907,25.1881195],[55.2681327,25.1881542],[55.2681806,25.1881832]]}},{"type":"Feature","id":"osm-way-382055239","properties":{"highway":"tertiary","lanes":"1","maxspeed":"40","maxspeed:type":"sign","name":"3 Street","oneway":"yes","surface":"asphalt","osm_type":"way","osm_id":382055239,"road_class":"tertiary","source_priority":"osm-general"},"geometry":{"type":"LineString","coordinates":[[55.2681145,25.1883232],[55.2680574,25.1883366],[55.2680027,25.1883567],[55.2679514,25.1883832],[55.2679045,25.1884155],[55.2678627,25.1884532]]}},{"type":"Feature","id":"osm-way-382055240","properties":{"highway":"tertiary","lanes":"1","maxspeed":"40","maxspeed:type":"sign","name":"3 Street","oneway":"yes","surface":"asphalt","osm_type":"way","osm_id":382055240,"road_class":"tertiary","source_priority":"osm-general"},"geometry":{"type":"LineString","coordinates":[[55.2678627,25.1884532],[55.2678494,25.1884042],[55.2678293,25.1883571],[55.2678027,25.1883127],[55.26777,25.1882718],[55.2677319,25.1882349]]}},{"type":"Feature","id":"osm-way-382055241","properties":{"highway":"tertiary","lanes":"1","oneway":"yes","surface":"asphalt","osm_type":"way","osm_id":382055241,"road_class":"tertiary","source_priority":"osm-general"},"geometry":{"type":"LineString","coordinates":[[55.2677006,25.1880731],[55.2677608,25.1880719],[55.2678197,25.188061],[55.2678757,25.1880409],[55.2679267,25.188012],[55.2679713,25.1879755],[55.268008,25.1879323]]}},{"type":"Feature","id":"osm-way-382055242","properties":{"highway":"tertiary","lanes":"1","maxspeed":"40","maxspeed:type":"sign","name":"3 Street","oneway":"yes","surface":"asphalt","osm_type":"way","osm_id":382055242,"road_class":"tertiary","source_priority":"osm-general"},"geometry":{"type":"LineString","coordinates":[[55.2676333,25.1893631],[55.2676361,25.1893983],[55.2676432,25.1894327],[55.2676548,25.1894662],[55.2676706,25.1894983],[55.2676921,25.1895306],[55.2677179,25.1895602],[55.2677476,25.1895866]]}},{"type":"Feature","id":"osm-way-382055243","properties":{"highway":"tertiary","lanes":"1","maxspeed":"40","maxspeed:type":"sign","name":"3 Street","oneway":"yes","surface":"asphalt","osm_type":"way","osm_id":382055243,"road_class":"tertiary","source_priority":"osm-general"},"geometry":{"type":"LineString","coordinates":[[55.2673729,25.1894388],[55.2674215,25.1894398],[55.2674698,25.1894347],[55.2675168,25.1894236],[55.2675584,25.1894081],[55.2675975,25.1893878],[55.2676333,25.1893631]]}},{"type":"Feature","id":"osm-way-382055244","properties":{"highway":"residential","osm_type":"way","osm_id":382055244,"road_class":"residential","source_priority":"osm-general"},"geometry":{"type":"LineString","coordinates":[[55.2635948,25.1922957],[55.2640851,25.191919]]}},{"type":"Feature","id":"osm-way-382055245","properties":{"highway":"residential","oneway":"yes","osm_type":"way","osm_id":382055245,"road_class":"residential","source_priority":"osm-general"},"geometry":{"type":"LineString","coordinates":[[55.2643254,25.1918836],[55.2642756,25.1918786],[55.2642255,25.19188],[55.2641762,25.191888],[55.2641286,25.1919023],[55.2640851,25.191919]]}},{"type":"Feature","id":"osm-way-382055246","properties":{"highway":"residential","oneway":"yes","osm_type":"way","osm_id":382055246,"road_class":"residential","source_priority":"osm-general"},"geometry":{"type":"LineString","coordinates":[[55.2640851,25.191919],[55.2641137,25.1918684],[55.2641326,25.1918102],[55.2641401,25.19175],[55.2641339,25.1916659]]}},{"type":"Feature","id":"osm-way-382055247","properties":{"highway":"residential","oneway":"yes","osm_type":"way","osm_id":382055247,"road_class":"residential","source_priority":"osm-general"},"geometry":{"type":"LineString","coordinates":[[55.2659359,25.1944323],[55.2659813,25.1943779],[55.2660043,25.1943473],[55.2660209,25.1943152],[55.2660298,25.1942808],[55.2660304,25.1942454],[55.2660229,25.1942106],[55.2660082,25.1941781],[55.2659541,25.194079]]}},{"type":"Feature","id":"osm-way-382055248","properties":{"highway":"residential","oneway":"yes","osm_type":"way","osm_id":382055248,"road_class":"residential","source_priority":"osm-general"},"geometry":{"type":"LineString","coordinates":[[55.2657807,25.1936682],[55.265796,25.1936244],[55.2658054,25.1935793],[55.2658088,25.1935335],[55.265806,25.1934877],[55.2657972,25.1934424]]}},{"type":"Feature","id":"osm-way-382055249","properties":{"highway":"residential","oneway":"yes","osm_type":"way","osm_id":382055249,"road_class":"residential","source_priority":"osm-general"},"geometry":{"type":"LineString","coordinates":[[55.2660117,25.1936766],[55.2659666,25.193665],[55.2659203,25.1936583],[55.2658735,25.1936565],[55.2658267,25.1936599],[55.2657807,25.1936682]]}},{"type":"Feature","id":"osm-way-382055250","properties":{"highway":"service","osm_type":"way","osm_id":382055250,"road_class":"service","source_priority":"osm-general"},"geometry":{"type":"LineString","coordinates":[[55.2665331,25.1931338],[55.2668234,25.1929081],[55.2668691,25.1928719]]}},{"type":"Feature","id":"osm-way-382055251","properties":{"highway":"service","oneway":"yes","osm_type":"way","osm_id":382055251,"road_class":"service","source_priority":"osm-general"},"geometry":{"type":"LineString","coordinates":[[55.2678323,25.1921934],[55.2677983,25.1922325],[55.2677617,25.1922696],[55.2677226,25.1923046],[55.2676812,25.1923373],[55.2673399,25.192594],[55.2673131,25.1926172],[55.2672921,25.1926447],[55.2672776,25.1926756],[55.2672703,25.1927085]]}},{"type":"Feature","id":"osm-way-382055252","properties":{"highway":"service","osm_type":"way","osm_id":382055252,"road_class":"service","source_priority":"osm-general"},"geometry":{"type":"LineString","coordinates":[[55.2666755,25.1933078],[55.2668805,25.1931692]]}},{"type":"Feature","id":"osm-way-382055256","properties":{"highway":"secondary_link","lanes":"1","oneway":"yes","surface":"asphalt","osm_type":"way","osm_id":382055256,"road_class":"secondary","source_priority":"osm-general"},"geometry":{"type":"LineString","coordinates":[[55.2752342,25.1857539],[55.2751022,25.1856668],[55.2750483,25.1856381],[55.27499,25.1856168],[55.2749287,25.1856039],[55.274866,25.1856006],[55.2748099,25.1856053],[55.2747548,25.1856151],[55.2747019,25.185629],[55.2744554,25.1857136]]}},{"type":"Feature","id":"osm-way-382072007","properties":{"highway":"residential","oneway":"yes","surface":"asphalt","osm_type":"way","osm_id":382072007,"road_class":"residential","source_priority":"osm-general"},"geometry":{"type":"LineString","coordinates":[[55.2706174,25.1972646],[55.2706807,25.1972729],[55.2707446,25.1972736],[55.2708081,25.1972667],[55.2708701,25.1972522],[55.2709293,25.1972305],[55.2709978,25.1971956],[55.2710622,25.1971549],[55.2711223,25.197109],[55.2711774,25.1970583],[55.2712271,25.1970032],[55.2712706,25.1969441],[55.2713062,25.1968833],[55.271336,25.1968199],[55.2713562,25.1967662],[55.2713714,25.1967112],[55.2713816,25.1966552],[55.2713916,25.1965505],[55.2713893,25.1964546],[55.2713846,25.1963975],[55.2713783,25.196308],[55.2713675,25.1962312],[55.2713697,25.1962164],[55.2713781,25.1962036],[55.2713914,25.1961949],[55.2714075,25.1961916],[55.2715015,25.1961875],[55.2715199,25.1961915],[55.2715354,25.1962013],[55.2715459,25.1962156],[55.2715498,25.1962323],[55.2715564,25.1963195],[55.2715668,25.1964572],[55.2715681,25.1965033],[55.2715673,25.1965494],[55.2715573,25.1966517],[55.2715476,25.1967099],[55.271534,25.1967675],[55.2715166,25.1968243],[55.2714953,25.19688],[55.2714669,25.1969427],[55.2714236,25.1970195],[55.2713735,25.1970929],[55.271317,25.1971624],[55.2712544,25.1972274],[55.2711862,25.1972877],[55.2711127,25.1973427],[55.2710426,25.1973921],[55.2709886,25.1974366],[55.2709611,25.1974695],[55.2709318,25.1975451],[55.2709264,25.1976054],[55.270937,25.197665]]}},{"type":"Feature","id":"osm-way-393414815","properties":{"foot":"no","highway":"tertiary_link","lit":"yes","maxspeed":"40","oneway":"yes","sidewalk":"no","source":"Bing","surface":"asphalt","osm_type":"way","osm_id":393414815,"road_class":"tertiary","source_priority":"osm-general"},"geometry":{"type":"LineString","coordinates":[[55.27458,25.2048451],[55.2745068,25.2048696],[55.274436,25.2048994],[55.2743683,25.2049346],[55.2743108,25.2049673],[55.2742578,25.2050057],[55.2742098,25.2050492],[55.2741675,25.2050974],[55.27415,25.2051211],[55.2741305,25.2051437],[55.2741088,25.2051644],[55.2740861,25.2051765],[55.2740573,25.205179],[55.2740289,25.2051741],[55.2740031,25.2051622],[55.273982,25.2051443],[55.2739672,25.2051219],[55.2739599,25.2050966],[55.2739607,25.2050704],[55.2739695,25.2050455],[55.2739855,25.2050238],[55.2741025,25.2049359]]}},{"type":"Feature","id":"osm-way-396682338","properties":{"bicycle":"no","destination:lanes":"Deira Al Shajah||||Financial Center Street;Al Safa Street;Al Sukouk Street|Exit 50","destination:ref:lanes":"||||D71|","foot":"no","highway":"motorway","horse":"no","int_ref":"M5","lanes":"6","lit":"yes","maxspeed":"100","name":"شارع الشيخ زايد","name:ar":"شارع الشيخ زايد","name:en":"Sheikh Zayed Road (north)","name:fa":"خیابان شیخ زاید","name:ml":"ഷെയ്ഖ് സായിദ് റോഡ്","oneway":"yes","ref":"E11","source":"Bing","surface":"asphalt","osm_type":"way","osm_id":396682338,"road_class":"motorway","source_priority":"osm-general"},"geometry":{"type":"LineString","coordinates":[[55.2575272,25.1886446],[55.2575706,25.1886922],[55.2603835,25.1917721]]}},{"type":"Feature","id":"osm-way-412800311","properties":{"highway":"service","osm_type":"way","osm_id":412800311,"road_class":"service","source_priority":"osm-general"},"geometry":{"type":"LineString","coordinates":[[55.273261,25.189271],[55.2728528,25.1886991]]}},{"type":"Feature","id":"osm-way-412800312","properties":{"highway":"secondary","lanes":"2","lit":"yes","name":"شارع العلم","name:ar":"شارع العلم","name:en":"AL Alam Street","oneway":"yes","sidewalk":"right","surface":"asphalt","osm_type":"way","osm_id":412800312,"road_class":"secondary","source_priority":"osm-general"},"geometry":{"type":"LineString","coordinates":[[55.2726703,25.1887474],[55.2728005,25.1889191],[55.2729139,25.1890839],[55.2729358,25.1891165],[55.2729565,25.1891498],[55.2729759,25.1891836],[55.2729953,25.1892189],[55.2730161,25.1892535],[55.2730382,25.1892874],[55.2731024,25.1893811],[55.2731631,25.1894589],[55.2732262,25.1895352],[55.2732916,25.1896098],[55.2733498,25.1896701],[55.2734108,25.1897282],[55.2734745,25.1897839],[55.2735407,25.189837],[55.2736094,25.1898876],[55.273669,25.1899379],[55.2737445,25.19001],[55.2738032,25.1900753],[55.2738459,25.1901313],[55.2738825,25.1901907],[55.2739126,25.1902531],[55.2739359,25.1903178],[55.2739521,25.1903842],[55.2739858,25.1905382],[55.2740232,25.190667]]}},{"type":"Feature","id":"osm-way-415393622","properties":{"highway":"service","service":"alley","osm_type":"way","osm_id":415393622,"road_class":"service","source_priority":"osm-general"},"geometry":{"type":"LineString","coordinates":[[55.2571802,25.1981203],[55.2565326,25.1984715],[55.25649,25.1985078],[55.2564558,25.1985507],[55.2564311,25.1985987],[55.2564168,25.19865]]}},{"type":"Feature","id":"osm-way-415393624","properties":{"highway":"service","service":"alley","osm_type":"way","osm_id":415393624,"road_class":"service","source_priority":"osm-general"},"geometry":{"type":"LineString","coordinates":[[55.2571382,25.1996417],[55.2571815,25.199664],[55.2572296,25.1996757],[55.2572795,25.1996762],[55.2573279,25.1996653],[55.2573717,25.1996438],[55.257947,25.1993146],[55.2579884,25.1992909]]}},{"type":"Feature","id":"osm-way-415393630","properties":{"highway":"service","service":"alley","osm_type":"way","osm_id":415393630,"road_class":"service","source_priority":"osm-general"},"geometry":{"type":"LineString","coordinates":[[55.2558489,25.2004747],[55.2563307,25.2011733]]}},{"type":"Feature","id":"osm-way-415394316","properties":{"highway":"service","service":"alley","osm_type":"way","osm_id":415394316,"road_class":"service","source_priority":"osm-general"},"geometry":{"type":"LineString","coordinates":[[55.2612834,25.2001208],[55.2613221,25.2001384],[55.261358,25.2001603],[55.2613905,25.2001862],[55.2614191,25.2002157],[55.2618292,25.200773],[55.2618517,25.2008036]]}},{"type":"Feature","id":"osm-way-415394319","properties":{"highway":"service","service":"alley","osm_type":"way","osm_id":415394319,"road_class":"service","source_priority":"osm-general"},"geometry":{"type":"LineString","coordinates":[[55.260722,25.1975358],[55.2613024,25.1970933],[55.2613457,25.19706]]}},{"type":"Feature","id":"osm-way-415394335","properties":{"highway":"service","service":"alley","osm_type":"way","osm_id":415394335,"road_class":"service","source_priority":"osm-general"},"geometry":{"type":"LineString","coordinates":[[55.2619436,25.1977082],[55.2620053,25.1977335],[55.2620628,25.1977658],[55.2621152,25.1978047],[55.2625682,25.1982987],[55.2626049,25.1983387]]}},{"type":"Feature","id":"osm-way-415394348","properties":{"highway":"service","service":"alley","osm_type":"way","osm_id":415394348,"road_class":"service","source_priority":"osm-general"},"geometry":{"type":"LineString","coordinates":[[55.2615654,25.1972946],[55.2621472,25.1968648],[55.2622125,25.196812]]}},{"type":"Feature","id":"osm-way-415702720","properties":{"highway":"service","service":"alley","osm_type":"way","osm_id":415702720,"road_class":"service","source_priority":"osm-general"},"geometry":{"type":"LineString","coordinates":[[55.2548833,25.2039095],[55.255469,25.203562],[55.2555262,25.2035274],[55.2555748,25.2034834],[55.2556129,25.2034315],[55.2556389,25.2033739]]}},{"type":"Feature","id":"osm-way-455713317","properties":{"highway":"service","oneway":"yes","surface":"asphalt","osm_type":"way","osm_id":455713317,"road_class":"service","source_priority":"osm-general"},"geometry":{"type":"LineString","coordinates":[[55.2638197,25.1996677],[55.2638312,25.1996256],[55.2638294,25.1995822],[55.2638145,25.1995409],[55.2637274,25.1994072],[55.2637145,25.1993776],[55.2637136,25.1993458],[55.2637249,25.1993157],[55.263747,25.1992909],[55.264027,25.199119],[55.2640646,25.1990886],[55.2640903,25.1990494],[55.2641017,25.1990049],[55.2640968,25.1989692],[55.264079,25.198934],[55.2639466,25.1987736],[55.2639104,25.1987216],[55.2638814,25.198666],[55.2638599,25.1986077]]}},{"type":"Feature","id":"osm-way-457394758","properties":{"bridge":true,"highway":"motorway","int_ref":"M5","lanes":"6","layer":1,"lit":"yes","maxheight":"5.5","maxspeed":"100","name":"شارع الشيخ زايد","name:ar":"شارع الشيخ زايد","name:en":"Sheikh Zayed Road (south)","name:fa":"خیابان شیخ زاید","name:ml":"ഷെയ്ഖ് സായിദ് റോഡ്","oneway":"yes","ref":"E11","source":"Bing","surface":"asphalt","toll":"no","wikidata":"Q18066085","wikipedia":"ar:شارع الشيخ زايد","osm_type":"way","osm_id":457394758,"road_class":"motorway","source_priority":"osm-general","elevation_m":7,"elevation_source":"configurable-estimate"},"geometry":{"type":"LineString","coordinates":[[55.2572836,25.1888378],[55.2531574,25.184376]]}},{"type":"Feature","id":"osm-way-457394759","properties":{"highway":"motorway","int_ref":"M5","lanes":"6","lit":"yes","maxheight":"5.5","maxspeed":"100","name":"شارع الشيخ زايد","name:ar":"شارع الشيخ زايد","name:en":"Sheikh Zayed Road (south)","name:fa":"خیابان شیخ زاید","name:ml":"ഷെയ്ഖ് സായിദ് റോഡ്","oneway":"yes","ref":"E11","source":"Bing","surface":"asphalt","wikidata":"Q18066085","wikipedia":"ar:شارع الشيخ زايد","osm_type":"way","osm_id":457394759,"road_class":"motorway","source_priority":"osm-general"},"geometry":{"type":"LineString","coordinates":[[55.2619141,25.19383],[55.2610238,25.1928661],[55.2575695,25.1891457]]}},{"type":"Feature","id":"osm-way-463462531","properties":{"highway":"residential","lanes":"3","name":"شارع السعادة","name:ar":"شارع السعادة","name:en":"Happiness Street","oneway":"yes","surface":"asphalt","osm_type":"way","osm_id":463462531,"road_class":"residential","source_priority":"osm-general"},"geometry":{"type":"LineString","coordinates":[[55.2609907,25.2013138],[55.261045,25.2013955]]}},{"type":"Feature","id":"osm-way-463462532","properties":{"highway":"residential","lanes":"3","lit":"yes","maxspeed":"40","name":"شارع السعادة","name:ar":"شارع السعادة","name:en":"Happiness Street","oneway":"yes","sidewalk":"right","surface":"paving_stones","osm_type":"way","osm_id":463462532,"road_class":"residential","source_priority":"osm-general"},"geometry":{"type":"LineString","coordinates":[[55.2621896,25.2033524],[55.2621048,25.2032188],[55.2620358,25.2031226],[55.2619566,25.2030029]]}},{"type":"Feature","id":"osm-way-475035453","properties":{"foot":"no","highway":"secondary","lanes":"4","lit":"yes","maxspeed":"60","name":"شارع الخليج التجاري 1","name:ar":"شارع الخليج التجاري 1","name:en":"Al Khaleej Al Tejari 1 Street","oneway":"yes","sidewalk":"no","surface":"asphalt","turn:lanes":"left|left;through|through|through","osm_type":"way","osm_id":475035453,"road_class":"secondary","source_priority":"osm-general"},"geometry":{"type":"LineString","coordinates":[[55.2632465,25.1875853],[55.2634914,25.187395],[55.2636186,25.1872962],[55.2637319,25.1872082]]}},{"type":"Feature","id":"osm-way-475035459","properties":{"foot":"yes","highway":"tertiary","lit":"yes","oneway":"yes","sidewalk":"right","surface":"asphalt","osm_type":"way","osm_id":475035459,"road_class":"tertiary","source_priority":"osm-general"},"geometry":{"type":"LineString","coordinates":[[55.2601542,25.1901762],[55.2600543,25.190267],[55.2600187,25.1903028],[55.2599943,25.1903371],[55.2599805,25.190376],[55.259978,25.1904167],[55.2599871,25.1904567],[55.2600072,25.1904933],[55.2600971,25.1906021]]}},{"type":"Feature","id":"osm-way-475035462","properties":{"destination":"North","destination:lang:ar":"شمال","destination:lang:en":"North","destination:ref":"E11","highway":"secondary","lanes":"1","lit":"yes","oneway":"yes","surface":"asphalt","osm_type":"way","osm_id":475035462,"road_class":"secondary","source_priority":"osm-general"},"geometry":{"type":"LineString","coordinates":[[55.2597791,25.1906196],[55.2597681,25.1906759],[55.259763,25.190733],[55.2597639,25.1907796],[55.2597728,25.1908254],[55.2597927,25.1908687],[55.2598196,25.1909077],[55.2599492,25.1910578],[55.259972,25.1910855],[55.2599925,25.1911147],[55.2600107,25.1911451]]}},{"type":"Feature","id":"osm-way-475035464","properties":{"destination":"Al Khaleej Al Tejari 1 Street","destination:lang:ar":"شارع الخليج التجاري 1","destination:lang:en":"Al Khaleej Al Tejari 1 Street","highway":"motorway_link","lanes":"2","lit":"yes","maxspeed":"60","oneway":"yes","surface":"asphalt","osm_type":"way","osm_id":475035464,"road_class":"motorway","source_priority":"osm-general"},"geometry":{"type":"LineString","coordinates":[[55.2575706,25.1886922],[55.2576244,25.1886977],[55.2576764,25.1887111],[55.2577254,25.1887318],[55.25777,25.1887595],[55.2578091,25.1887933],[55.2587083,25.1897626],[55.2587845,25.1898438]]}},{"type":"Feature","id":"osm-way-475035467","properties":{"destination":"North","destination:lang:ar":"شمال","destination:lang:en":"North","destination:ref":"E11","highway":"tertiary","lanes":"1","lit":"yes","oneway":"yes","surface":"asphalt","osm_type":"way","osm_id":475035467,"road_class":"tertiary","source_priority":"osm-general"},"geometry":{"type":"LineString","coordinates":[[55.2600971,25.1906021],[55.2599785,25.1905451],[55.2599403,25.1905384],[55.2599013,25.1905398],[55.2598638,25.1905494],[55.2598298,25.1905666],[55.259801,25.1905904],[55.2597791,25.1906196]]}},{"type":"Feature","id":"osm-way-475035469","properties":{"highway":"tertiary","lanes":"2","lit":"yes","oneway":"no","sidewalk":"both","surface":"asphalt","osm_type":"way","osm_id":475035469,"road_class":"tertiary","source_priority":"osm-general"},"geometry":{"type":"LineString","coordinates":[[55.2601877,25.1906999],[55.2610301,25.1916003],[55.2611041,25.19166],[55.2611612,25.1917028],[55.2612314,25.1917488]]}},{"type":"Feature","id":"osm-way-475035471","properties":{"highway":"tertiary","lanes":"1","lit":"yes","oneway":"yes","sidewalk":"right","surface":"asphalt","osm_type":"way","osm_id":475035471,"road_class":"tertiary","source_priority":"osm-general"},"geometry":{"type":"LineString","coordinates":[[55.2612314,25.1917488],[55.2612818,25.1917605],[55.2613334,25.1917663],[55.2613854,25.191766],[55.2614376,25.1917601]]}},{"type":"Feature","id":"osm-way-475035474","properties":{"destination:ref":"E11 (North)","highway":"tertiary","lanes":"1","lit":"yes","oneway":"yes","sidewalk":"right","surface":"asphalt","osm_type":"way","osm_id":475035474,"road_class":"tertiary","source_priority":"osm-general"},"geometry":{"type":"LineString","coordinates":[[55.2614499,25.1918944],[55.2612314,25.1917488]]}},{"type":"Feature","id":"osm-way-475035477","properties":{"highway":"tertiary","lit":"yes","oneway":"yes","sidewalk":"right","surface":"asphalt","osm_type":"way","osm_id":475035477,"road_class":"tertiary","source_priority":"osm-general"},"geometry":{"type":"LineString","coordinates":[[55.2625836,25.1934295],[55.2625229,25.193377],[55.2624646,25.1933223],[55.2624086,25.1932657],[55.2621265,25.1929718],[55.2620526,25.1928926],[55.2619846,25.1928091],[55.261923,25.1927216],[55.2618689,25.1926305]]}},{"type":"Feature","id":"osm-way-475035478","properties":{"highway":"tertiary","lit":"yes","sidewalk":"both","surface":"asphalt","osm_type":"way","osm_id":475035478,"road_class":"tertiary","source_priority":"osm-general"},"geometry":{"type":"LineString","coordinates":[[55.2625836,25.1934295],[55.2627043,25.1935588],[55.2627833,25.1936327],[55.2628673,25.1937019],[55.2629559,25.1937663],[55.2630489,25.1938254],[55.2631457,25.1938791],[55.263224,25.1939187],[55.2641043,25.1943259],[55.2648596,25.1946768],[55.2649588,25.1947265],[55.2650545,25.1947793],[55.2651465,25.1948374],[55.2652342,25.1949005],[55.2653264,25.1949763],[55.2655569,25.1952147],[55.2655671,25.1952253]]}},{"type":"Feature","id":"osm-way-479511853","properties":{"highway":"tertiary_link","lanes":"1","lit":"yes","oneway":"yes","surface":"asphalt","osm_type":"way","osm_id":479511853,"road_class":"tertiary","source_priority":"osm-general"},"geometry":{"type":"LineString","coordinates":[[55.2590577,25.1913851],[55.2589425,25.191355],[55.2588534,25.1913418],[55.2587801,25.1913417],[55.2587075,25.191351],[55.2586372,25.1913697],[55.2585934,25.1913866],[55.2585515,25.1914072],[55.258445,25.1914722]]}},{"type":"Feature","id":"osm-way-480133776","properties":{"alt_name:en":"Doha Street","highway":"primary","lanes":"6","lit":"yes","maxspeed":"80","name":"شارع المركز المالي","name:ar":"شارع المركز المالي","name:en":"Financial Center Street","oneway":"yes","ref":"D71","surface":"asphalt","turn:lanes":"left|left|through|through|through|right","osm_type":"way","osm_id":480133776,"road_class":"primary","source_priority":"osm-general"},"geometry":{"type":"LineString","coordinates":[[55.2744948,25.2027441],[55.2756884,25.2020962],[55.2767666,25.201511]]}},{"type":"Feature","id":"osm-way-480133777","properties":{"alt_name":"شارع الدوحة","alt_name:ar":"شارع الدوحة","alt_name:en":"Doha Street","foot":"no","highway":"primary","lanes":"2","lit":"yes","maxspeed":"80","name":"شارع المركز المالي","name:ar":"شارع المركز المالي","name:en":"Financial Center Street","oneway":"yes","ref":"D71","surface":"asphalt","osm_type":"way","osm_id":480133777,"road_class":"primary","source_priority":"osm-general"},"geometry":{"type":"LineString","coordinates":[[55.2728567,25.2036539],[55.2736678,25.20321],[55.2744948,25.2027441]]}},{"type":"Feature","id":"osm-way-484081075","properties":{"highway":"tertiary","lanes":"3","lit":"yes","maxspeed":"60","name":"شارع المستقبل","name:ar":"شارع المستقبل","name:en":"Al Mustaqbal Street","oneway":"yes","ref":"D86","sidewalk":"no","surface":"asphalt","turn:lanes":"through|through|through","osm_type":"way","osm_id":484081075,"road_class":"tertiary","source_priority":"osm-general"},"geometry":{"type":"LineString","coordinates":[[55.2620555,25.1894564],[55.2618114,25.1891891],[55.261775,25.1891493]]}},{"type":"Feature","id":"osm-way-484081078","properties":{"highway":"tertiary","lanes":"3","lit":"yes","maxspeed":"60","name":"شارع المستقبل","name:ar":"شارع المستقبل","name:en":"Al Mustaqbal Street","oneway":"yes","ref":"D86","sidewalk":"right","surface":"asphalt","osm_type":"way","osm_id":484081078,"road_class":"tertiary","source_priority":"osm-general"},"geometry":{"type":"LineString","coordinates":[[55.2641339,25.1916659],[55.2637741,25.1912401]]}},{"type":"Feature","id":"osm-way-484081079","properties":{"highway":"tertiary","lanes":"7","lit":"yes","maxspeed":"60","name":"شارع المستقبل","name:ar":"شارع المستقبل","name:en":"Al Mustaqbal Street","oneway":"yes","ref":"D86","sidewalk":"right","surface":"asphalt","turn:lanes":"left|left|through|through|through|right|right","osm_type":"way","osm_id":484081079,"road_class":"tertiary","source_priority":"osm-general"},"geometry":{"type":"LineString","coordinates":[[55.2637741,25.1912401],[55.2627856,25.1902172],[55.2623004,25.1897116]]}},{"type":"Feature","id":"osm-way-484081080","properties":{"highway":"tertiary","lanes":"4","lit":"yes","maxspeed":"60","name":"شارع المستقبل","name:ar":"شارع المستقبل","name:en":"Al Mustaqbal Street","oneway":"yes","ref":"D86","sidewalk":"right","surface":"asphalt","turn:lanes":"left|left|through|through;right","osm_type":"way","osm_id":484081080,"road_class":"tertiary","source_priority":"osm-general"},"geometry":{"type":"LineString","coordinates":[[55.2605301,25.1872028],[55.261317,25.1880646]]}},{"type":"Feature","id":"osm-way-484081081","properties":{"destination":"Happiness Street;Bur Dubai","destination:lang:ar":"شارع السعادة;بر دبي","destination:lang:en":"Happiness Street;Bur Dubai","highway":"tertiary","lanes":"2","lit":"yes","maxspeed":"60","name":"شارع المستقبل","name:ar":"شارع المستقبل","name:en":"Al Mustaqbal Street","oneway":"yes","ref":"D86","sidewalk":"no","surface":"asphalt","turn:lanes":"through|through","osm_type":"way","osm_id":484081081,"road_class":"tertiary","source_priority":"osm-general"},"geometry":{"type":"LineString","coordinates":[[55.261655,25.1883918],[55.2617545,25.1884925],[55.261784,25.1885223]]}},{"type":"Feature","id":"osm-way-484081082","properties":{"highway":"tertiary","lanes":"2","lit":"yes","maxspeed":"40","name":"شارع المستقبل","name:ar":"شارع المستقبل","name:en":"Al Mustaqbal Street","oneway":"yes","ref":"D86","sidewalk":"right","surface":"asphalt","osm_type":"way","osm_id":484081082,"road_class":"tertiary","source_priority":"osm-general"},"geometry":{"type":"LineString","coordinates":[[55.2591053,25.1862013],[55.2588475,25.1859189],[55.2585889,25.1856489],[55.2581547,25.185187],[55.2581194,25.1851444],[55.258093,25.1850985],[55.2580855,25.1850461],[55.2580916,25.1850047],[55.2581078,25.1849656],[55.2581335,25.1849308],[55.2581671,25.1849022],[55.2582296,25.1848738],[55.2582991,25.1848664],[55.2583672,25.1848808],[55.2584258,25.1849153],[55.2587311,25.1852227],[55.2590032,25.185532],[55.2594742,25.1860174],[55.2600357,25.1865839],[55.260142,25.1867027],[55.2602446,25.1868241],[55.2603435,25.186948],[55.2604387,25.1870743],[55.2605301,25.1872028]]}},{"type":"Feature","id":"osm-way-484081086","properties":{"highway":"tertiary","lanes":"2","lit":"yes","maxspeed":"60","name":"شارع المستقبل","name:ar":"شارع المستقبل","name:en":"Al Mustaqbal Street","oneway":"yes","ref":"D86","sidewalk":"right","surface":"asphalt","turn:lanes":"through|through|right","osm_type":"way","osm_id":484081086,"road_class":"tertiary","source_priority":"osm-general"},"geometry":{"type":"LineString","coordinates":[[55.2614644,25.1888088],[55.2612781,25.1885955],[55.2609813,25.1882564],[55.26027,25.1874494],[55.2598556,25.1870243],[55.2591053,25.1862013]]}},{"type":"Feature","id":"osm-way-484081087","properties":{"destination:lanes":"|Al Sa'ada Street;Bur Dubai||Al Khaleej Al Tejari 1 Street||Al Sa'ada Street","highway":"secondary","lanes":"6","lit":"yes","maxspeed":"60","name":"شارع الخليج التجاري 1","name:ar":"شارع الخليج التجاري 1","name:en":"Al Khaleej Al Tejari 1 Street","oneway":"yes","sidewalk":"right","surface":"asphalt","turn:lanes":"left|left|through|through|through;right|right","osm_type":"way","osm_id":484081087,"road_class":"secondary","source_priority":"osm-general"},"geometry":{"type":"LineString","coordinates":[[55.2606302,25.1896323],[55.2607771,25.1895109]]}},{"type":"Feature","id":"osm-way-484081088","properties":{"highway":"secondary","lanes":"3","lit":"yes","maxspeed":"60","name":"شارع الخليج التجاري 1","name:ar":"شارع الخليج التجاري 1","name:en":"Al Khaleej Al Tejari 1 Street","oneway":"yes","sidewalk":"right","surface":"asphalt","osm_type":"way","osm_id":484081088,"road_class":"secondary","source_priority":"osm-general"},"geometry":{"type":"LineString","coordinates":[[55.2601523,25.1899953],[55.2603465,25.189851],[55.2606302,25.1896323]]}},{"type":"Feature","id":"osm-way-484081090","properties":{"foot":"yes","highway":"secondary","lanes":"2","lit":"yes","maxspeed":"60","name":"شارع الخليج التجاري 1","name:ar":"شارع الخليج التجاري 1","name:en":"Al Khaleej Al Tejari 1 Street","oneway":"yes","sidewalk":"right","surface":"asphalt","osm_type":"way","osm_id":484081090,"road_class":"secondary","source_priority":"osm-general"},"geometry":{"type":"LineString","coordinates":[[55.2604926,25.1899493],[55.2601542,25.1901762]]}},{"type":"Feature","id":"osm-way-484081091","properties":{"highway":"secondary","lanes":"5","lit":"yes","maxspeed":"60","name":"شارع الخليج التجاري 1","name:ar":"شارع الخليج التجاري 1","name:en":"Al Khaleej Al Tejari 1 Street","oneway":"yes","sidewalk":"right","surface":"asphalt","turn:lanes":"left|left;through|through|through|right","osm_type":"way","osm_id":484081091,"road_class":"secondary","source_priority":"osm-general"},"geometry":{"type":"LineString","coordinates":[[55.2628462,25.1878785],[55.2632465,25.1875853]]}},{"type":"Feature","id":"osm-way-484081092","properties":{"highway":"secondary","lanes":"4","lit":"yes","maxspeed":"60","name":"شارع الخليج التجاري 1","name:ar":"شارع الخليج التجاري 1","name:en":"Al Khaleej Al Tejari 1 Street","oneway":"yes","sidewalk":"right","surface":"asphalt","osm_type":"way","osm_id":484081092,"road_class":"secondary","source_priority":"osm-general"},"geometry":{"type":"LineString","coordinates":[[55.2622099,25.1883444],[55.2624999,25.188132],[55.2628462,25.1878785]]}},{"type":"Feature","id":"osm-way-484081093","properties":{"foot":"no","highway":"secondary","lanes":"3","lit":"yes","maxspeed":"60","name":"شارع الخليج التجاري 1","name:ar":"شارع الخليج التجاري 1","name:en":"Al Khaleej Al Tejari 1 Street","oneway":"yes","sidewalk":"no","surface":"asphalt","osm_type":"way","osm_id":484081093,"road_class":"secondary","source_priority":"osm-general"},"geometry":{"type":"LineString","coordinates":[[55.2618684,25.1886178],[55.261943,25.1885586]]}},{"type":"Feature","id":"osm-way-484081094","properties":{"highway":"secondary","lanes":"4","lit":"yes","maxspeed":"60","name":"شارع الخليج التجاري 1","name:ar":"شارع الخليج التجاري 1","name:en":"Al Khaleej Al Tejari 1 Street","oneway":"yes","sidewalk":"right","surface":"asphalt","turn:lanes":"through|through|through;right|right","osm_type":"way","osm_id":484081094,"road_class":"secondary","source_priority":"osm-general"},"geometry":{"type":"LineString","coordinates":[[55.2629766,25.1880967],[55.2623754,25.1885326]]}},{"type":"Feature","id":"osm-way-484081095","properties":{"highway":"secondary","lanes":"5","lit":"yes","maxspeed":"60","name":"شارع الخليج التجاري 1","name:ar":"شارع الخليج التجاري 1","name:en":"Al Khaleej Al Tejari 1 Street","oneway":"yes","sidewalk":"right","surface":"asphalt","osm_type":"way","osm_id":484081095,"road_class":"secondary","source_priority":"osm-general"},"geometry":{"type":"LineString","coordinates":[[55.2632593,25.1878769],[55.2629766,25.1880967]]}},{"type":"Feature","id":"osm-way-484081096","properties":{"foot":"no","highway":"secondary","lanes":"3","lit":"yes","maxspeed":"60","name":"شارع الخليج التجاري 1","name:ar":"شارع الخليج التجاري 1","name:en":"Al Khaleej Al Tejari 1 Street","oneway":"yes","sidewalk":"no","surface":"asphalt","osm_type":"way","osm_id":484081096,"road_class":"secondary","source_priority":"osm-general"},"geometry":{"type":"LineString","coordinates":[[55.2638697,25.1873582],[55.2637549,25.1874455],[55.2635063,25.1876548],[55.2632593,25.1878769]]}},{"type":"Feature","id":"osm-way-484081097","properties":{"foot":"no","highway":"secondary","lanes":"3","lit":"yes","maxspeed":"60","name":"شارع الخليج التجاري 1","name:ar":"شارع الخليج التجاري 1","name:en":"Al Khaleej Al Tejari 1 Street","oneway":"yes","sidewalk":"right","surface":"asphalt","turn:lanes":"through|through|right","osm_type":"way","osm_id":484081097,"road_class":"secondary","source_priority":"osm-general"},"geometry":{"type":"LineString","coordinates":[[55.2616878,25.1890543],[55.2616005,25.1891186]]}},{"type":"Feature","id":"osm-way-484081109","properties":{"highway":"secondary","lanes":"5","name":"شارع الخليج التجاري 1","name:ar":"شارع الخليج التجاري 1","name:en":"Al Khaleej Al Tejari 1 Street","oneway":"yes","surface":"asphalt","turn:lanes":"left|left;through|through|through|right|right","osm_type":"way","osm_id":484081109,"road_class":"secondary","source_priority":"osm-general"},"geometry":{"type":"LineString","coordinates":[[55.2669394,25.1850172],[55.2668986,25.1850311],[55.2668618,25.1850436],[55.2668269,25.18506],[55.2667944,25.18508],[55.2667648,25.1851035],[55.2665569,25.1852732],[55.2660441,25.1856919],[55.2659818,25.1857428],[55.2657483,25.1859274],[55.265689,25.185974],[55.2655786,25.1860607]]}},{"type":"Feature","id":"osm-way-484081110","properties":{"highway":"secondary","lanes":"6","name":"شارع الخليج التجاري 1","name:ar":"شارع الخليج التجاري 1","name:en":"Al Khaleej Al Tejari 1 Street","oneway":"yes","surface":"asphalt","turn:lanes":"left|left|through|through|through|right","osm_type":"way","osm_id":484081110,"road_class":"secondary","source_priority":"osm-general"},"geometry":{"type":"LineString","coordinates":[[55.2642523,25.1868039],[55.2644952,25.1866242]]}},{"type":"Feature","id":"osm-way-484081111","properties":{"highway":"secondary","lanes":"3","lit":"yes","maxspeed":"60","name":"شارع الخليج التجاري 1","name:ar":"شارع الخليج التجاري 1","name:en":"Al Khaleej Al Tejari 1 Street","oneway":"yes","sidewalk":"no","surface":"asphalt","osm_type":"way","osm_id":484081111,"road_class":"secondary","source_priority":"osm-general"},"geometry":{"type":"LineString","coordinates":[[55.2638649,25.1871049],[55.2639898,25.1870078],[55.2642523,25.1868039]]}},{"type":"Feature","id":"osm-way-484081112","properties":{"destination":"Happiness Street (north);Bur Dubai;Al Khaleej Al Tejari 1 Street (east)","destination:lang:ar":"شارع السعادة (شمال);بر دبي;شارع الخليج التجاري 1 (شرق)","destination:lang:en":"Happiness Street (north);Bur Dubai;Al Khaleej Al Tejari 1 Street (east)","highway":"secondary","lanes":"3","lit":"yes","maxspeed":"60","name":"شارع الخليج التجاري 1","name:ar":"شارع الخليج التجاري 1","name:en":"Al Khaleej Al Tejari 1 Street","note":"blocked due to construction since summer 2017","oneway":"yes","sidewalk":"no","surface":"asphalt","turn:lanes":"through|through|through","osm_type":"way","osm_id":484081112,"road_class":"secondary","source_priority":"osm-general"},"geometry":{"type":"LineString","coordinates":[[55.2609932,25.1893325],[55.2614019,25.1889795],[55.2614396,25.1889469]]}},{"type":"Feature","id":"osm-way-484081113","properties":{"highway":"secondary","lanes":"5","name":"شارع الخليج التجاري 1","name:ar":"شارع الخليج التجاري 1","name:en":"Al Khaleej Al Tejari 1 Street","oneway":"yes","surface":"asphalt","turn:lanes":"left|left|through|through|through","osm_type":"way","osm_id":484081113,"road_class":"secondary","source_priority":"osm-general"},"geometry":{"type":"LineString","coordinates":[[55.2644952,25.1866242],[55.2648237,25.186381],[55.2648609,25.1863535],[55.26493,25.1863033]]}},{"type":"Feature","id":"osm-way-484081114","properties":{"highway":"secondary","lanes":"4","lit":"yes","maxspeed":"60","name":"شارع الخليج التجاري 1","name:ar":"شارع الخليج التجاري 1","name:en":"Al Khaleej Al Tejari 1 Street","oneway":"yes","sidewalk":"no","surface":"asphalt","turn:lanes":"left|through|through|through","osm_type":"way","osm_id":484081114,"road_class":"secondary","source_priority":"osm-general"},"geometry":{"type":"LineString","coordinates":[[55.2644435,25.186922],[55.2641902,25.1871146],[55.2641537,25.1871423],[55.264011,25.1872508]]}},{"type":"Feature","id":"osm-way-484081115","properties":{"highway":"tertiary","lanes":"4","lit":"yes","maxspeed":"60","name":"شارع الأعمال","name:ar":"شارع الأعمال","name:en":"Al A'amal Street","oneway":"yes","sidewalk":"no","surface":"asphalt","turn:lanes":"left|left;through|through|through","osm_type":"way","osm_id":484081115,"road_class":"tertiary","source_priority":"osm-general"},"geometry":{"type":"LineString","coordinates":[[55.2642562,25.1877792],[55.2640142,25.1875156],[55.2639771,25.1874752],[55.2638697,25.1873582]]}},{"type":"Feature","id":"osm-way-484081116","properties":{"highway":"tertiary","lanes":"6","lit":"yes","maxspeed":"60","name":"شارع الأعمال","name:ar":"شارع الأعمال","name:en":"Al A'amal Street","oneway":"yes","sidewalk":"right","surface":"asphalt","turn:lanes":"left|left;through|through|through|right|right","osm_type":"way","osm_id":484081116,"road_class":"tertiary","source_priority":"osm-general"},"geometry":{"type":"LineString","coordinates":[[55.265372,25.1886502],[55.2651093,25.1884731],[55.2649592,25.188366],[55.2648116,25.1882558],[55.2646667,25.1881429],[55.2645311,25.1880272],[55.2643929,25.1879039],[55.2642562,25.1877792]]}},{"type":"Feature","id":"osm-way-484081117","properties":{"highway":"tertiary","lanes":"3","lit":"yes","maxspeed":"60","name":"شارع الأعمال","name:ar":"شارع الأعمال","name:en":"Al A'amal Street","oneway":"yes","sidewalk":"right","surface":"asphalt","osm_type":"way","osm_id":484081117,"road_class":"tertiary","source_priority":"osm-general"},"geometry":{"type":"LineString","coordinates":[[55.2637319,25.1872082],[55.2636441,25.1871126],[55.2634608,25.186913],[55.2633341,25.1867609],[55.2632587,25.1866624],[55.2631867,25.1865617],[55.2630861,25.1864081],[55.2630673,25.1863769]]}},{"type":"Feature","id":"osm-way-484081118","properties":{"foot":"no","highway":"tertiary","lanes":"2","lit":"yes","maxspeed":"60","name":"شارع الأعمال","name:ar":"شارع الأعمال","name:en":"Al A'amal Street","oneway":"yes","sidewalk":"right","surface":"asphalt","osm_type":"way","osm_id":484081118,"road_class":"tertiary","source_priority":"osm-general"},"geometry":{"type":"LineString","coordinates":[[55.2630673,25.1863769],[55.2628894,25.1860917],[55.2627448,25.1858338]]}},{"type":"Feature","id":"osm-way-484081120","properties":{"highway":"tertiary","lanes":"4","lit":"yes","maxspeed":"60","name":"شارع الأعمال","name:ar":"شارع الأعمال","name:en":"Al A'amal Street","oneway":"yes","sidewalk":"right","surface":"asphalt","turn:lanes":"|||merge_to_left","osm_type":"way","osm_id":484081120,"road_class":"tertiary","source_priority":"osm-general"},"geometry":{"type":"LineString","coordinates":[[55.2644709,25.1877086],[55.2646278,25.1878656],[55.2646924,25.1879249],[55.2647202,25.1879503],[55.2647922,25.1880163],[55.2649636,25.1881603],[55.2651417,25.1882975],[55.265393,25.1884741]]}},{"type":"Feature","id":"osm-way-484081121","properties":{"foot":"no","highway":"tertiary","lanes":"2","lit":"yes","maxspeed":"60","name":"شارع الأعمال","name:ar":"شارع الأعمال","name:en":"Al A'amal Street","oneway":"yes","sidewalk":"no","surface":"asphalt","osm_type":"way","osm_id":484081121,"road_class":"tertiary","source_priority":"osm-general"},"geometry":{"type":"LineString","coordinates":[[55.264011,25.1872508],[55.2641229,25.187362],[55.2644709,25.1877086]]}},{"type":"Feature","id":"osm-way-484081122","properties":{"highway":"tertiary","lanes":"2","lit":"yes","maxspeed":"60","name":"شارع الأعمال","name:ar":"شارع الأعمال","name:en":"Al A'amal Street","oneway":"yes","sidewalk":"right","sidewalk:right:surface":"paving_stones","surface":"asphalt","turn:lanes":"left|left|through|through|right","osm_type":"way","osm_id":484081122,"road_class":"tertiary","source_priority":"osm-general"},"geometry":{"type":"LineString","coordinates":[[55.2628667,25.1857717],[55.262957,25.1859163],[55.2630746,25.1860986],[55.2631632,25.1862411]]}},{"type":"Feature","id":"osm-way-484081123","properties":{"foot":"no","highway":"tertiary","lanes":"4","lit":"yes","maxspeed":"60","name":"شارع الأعمال","name:ar":"شارع الأعمال","name:en":"Al A'amal Street","oneway":"yes","sidewalk":"no","surface":"asphalt","turn:lanes":"left|left|through|through","osm_type":"way","osm_id":484081123,"road_class":"tertiary","source_priority":"osm-general"},"geometry":{"type":"LineString","coordinates":[[55.2634943,25.1866787],[55.2635855,25.1867946],[55.2636755,25.1869061],[55.2637436,25.186981],[55.2637723,25.1870127],[55.2638649,25.1871049]]}},{"type":"Feature","id":"osm-way-484081124","properties":{"highway":"service","noname":"yes","oneway":"yes","surface":"paving_stones","osm_type":"way","osm_id":484081124,"road_class":"service","source_priority":"osm-general"},"geometry":{"type":"LineString","coordinates":[[55.2642171,25.1879436],[55.2635067,25.1878675]]}},{"type":"Feature","id":"osm-way-484081125","properties":{"highway":"service","lit":"yes","oneway":"yes","sidewalk":"right","surface":"paving_stones","osm_type":"way","osm_id":484081125,"road_class":"service","source_priority":"osm-general"},"geometry":{"type":"LineString","coordinates":[[55.2651093,25.1884731],[55.2650233,25.1884558],[55.2649397,25.1884303],[55.2648596,25.1883972],[55.2647837,25.1883566],[55.2644873,25.1881709],[55.2643946,25.1881053],[55.2642171,25.1879436],[55.2639906,25.1877444],[55.2639571,25.1877216],[55.2639195,25.1877049],[55.2638791,25.1876949],[55.2638373,25.1876921],[55.2637979,25.187696],[55.26376,25.1877062],[55.2637247,25.1877224],[55.2636909,25.1877406],[55.2635067,25.1878675]]}},{"type":"Feature","id":"osm-way-484101019","properties":{"foot":"no","highway":"tertiary","lanes":"5","lit":"yes","maxspeed":"60","name":"شارع برج خليفة","name:ar":"شارع برج خليفة","name:en":"Burj Khalifa Street","oneway":"yes","sidewalk":"right","surface":"asphalt","turn:lanes":"left|left|through|through|through","osm_type":"way","osm_id":484101019,"road_class":"tertiary","source_priority":"osm-general"},"geometry":{"type":"LineString","coordinates":[[55.2703293,25.1900438],[55.2701869,25.1901402],[55.2700686,25.1902197],[55.2699705,25.1902857],[55.2698725,25.1903546],[55.26977,25.1904293],[55.2695363,25.1906084],[55.2695012,25.1906354],[55.2694066,25.1907233]]}},{"type":"Feature","id":"osm-way-484101021","properties":{"foot":"no","highway":"tertiary","lanes":"3","lit":"yes","maxspeed":"60","name":"شارع برج خليفة","name:ar":"شارع برج خليفة","name:en":"Burj Khalifa Street","oneway":"yes","sidewalk":"right","surface":"asphalt","osm_type":"way","osm_id":484101021,"road_class":"tertiary","source_priority":"osm-general"},"geometry":{"type":"LineString","coordinates":[[55.2724899,25.1887239],[55.2724007,25.1887807],[55.2721264,25.1889422],[55.2714184,25.1893822],[55.2707869,25.1897694]]}},{"type":"Feature","id":"osm-way-484101022","properties":{"highway":"tertiary","lanes":"5","lit":"yes","maxspeed":"60","name":"شارع برج خليفة","name:ar":"شارع برج خليفة","name:en":"Burj Khalifa Street","oneway":"yes","sidewalk":"right","surface":"asphalt","turn:lanes":"left|left|through|through|through;right","osm_type":"way","osm_id":484101022,"road_class":"tertiary","source_priority":"osm-general"},"geometry":{"type":"LineString","coordinates":[[55.2737645,25.1878731],[55.2734072,25.1881259],[55.2729788,25.188415]]}},{"type":"Feature","id":"osm-way-484101023","properties":{"highway":"tertiary","lanes":"5","lit":"yes","maxspeed":"60","name":"شارع برج خليفة","name:ar":"شارع برج خليفة","name:en":"Burj Khalifa Street","oneway":"yes","sidewalk":"no","surface":"asphalt","turn:lanes":"left|left|through|through|through","osm_type":"way","osm_id":484101023,"road_class":"tertiary","source_priority":"osm-general"},"geometry":{"type":"LineString","coordinates":[[55.2729788,25.188415],[55.2727465,25.1885603],[55.2727085,25.1885823]]}},{"type":"Feature","id":"osm-way-484101024","properties":{"foot":"yes","highway":"tertiary","lanes":"3","lit":"yes","maxspeed":"60","name":"شارع برج خليفة","name:ar":"شارع برج خليفة","name:en":"Burj Khalifa Street","oneway":"yes","sidewalk":"right","surface":"asphalt","osm_type":"way","osm_id":484101024,"road_class":"tertiary","source_priority":"osm-general"},"geometry":{"type":"LineString","coordinates":[[55.2755101,25.1867798],[55.2746532,25.1873165],[55.2739922,25.1877304],[55.2737645,25.1878731]]}},{"type":"Feature","id":"osm-way-484101048","properties":{"highway":"tertiary","lanes":"3","lit":"yes","maxspeed":"60","name":"شارع برج خليفة","name:ar":"شارع برج خليفة","name:en":"Burj Khalifa Street","oneway":"yes","sidewalk":"right","surface":"asphalt","osm_type":"way","osm_id":484101048,"road_class":"tertiary","source_priority":"osm-general"},"geometry":{"type":"LineString","coordinates":[[55.2725933,25.1884258],[55.2728253,25.1882904],[55.2729325,25.1882198],[55.2744271,25.1872664]]}},{"type":"Feature","id":"osm-way-484101051","properties":{"foot":"yes","highway":"tertiary","lanes":"5","lit":"yes","maxspeed":"60","name":"شارع برج خليفة","name:ar":"شارع برج خليفة","name:en":"Burj Khalifa Street","oneway":"yes","sidewalk":"right","surface":"asphalt","turn:lanes":"left|left|through|through|right","osm_type":"way","osm_id":484101051,"road_class":"tertiary","source_priority":"osm-general"},"geometry":{"type":"LineString","coordinates":[[55.2744271,25.1872664],[55.2752998,25.1866852]]}},{"type":"Feature","id":"osm-way-484101054","properties":{"foot":"no","highway":"tertiary","lanes":"5","lit":"yes","maxspeed":"60","name":"شارع برج خليفة","name:ar":"شارع برج خليفة","name:en":"Burj Khalifa Street","oneway":"yes","sidewalk":"right","surface":"asphalt","turn:lanes":"left|left|through|through|through;right","osm_type":"way","osm_id":484101054,"road_class":"tertiary","source_priority":"osm-general"},"geometry":{"type":"LineString","coordinates":[[55.2710784,25.1893608],[55.2720653,25.188758]]}},{"type":"Feature","id":"osm-way-484101057","properties":{"foot":"no","highway":"tertiary","lanes":"5","lit":"yes","maxspeed":"60","name":"شارع برج خليفة","name:ar":"شارع برج خليفة","name:en":"Burj Khalifa Street","oneway":"yes","sidewalk":"no","surface":"asphalt","turn:lanes":"left|left|through|through|through","osm_type":"way","osm_id":484101057,"road_class":"tertiary","source_priority":"osm-general"},"geometry":{"type":"LineString","coordinates":[[55.2720653,25.188758],[55.2722401,25.1886465],[55.2722795,25.1886255],[55.2723805,25.1885654]]}},{"type":"Feature","id":"osm-way-484101060","properties":{"highway":"tertiary","lanes":"3","lit":"yes","maxspeed":"60","name":"شارع برج خليفة","name:ar":"شارع برج خليفة","name:en":"Burj Khalifa Street","oneway":"yes","sidewalk":"right","surface":"asphalt","osm_type":"way","osm_id":484101060,"road_class":"tertiary","source_priority":"osm-general"},"geometry":{"type":"LineString","coordinates":[[55.269536,25.190337],[55.2696749,25.1902303],[55.269817,25.190127],[55.2699621,25.1900273],[55.2701102,25.1899312],[55.2710784,25.1893608]]}},{"type":"Feature","id":"osm-way-484101063","properties":{"highway":"tertiary","lanes":"3","lit":"yes","maxspeed":"60","name":"شارع برج خليفة","name:ar":"شارع برج خليفة","name:en":"Burj Khalifa Street","oneway":"yes","sidewalk":"right","surface":"asphalt","turn:lanes":"through|through|through","osm_type":"way","osm_id":484101063,"road_class":"tertiary","source_priority":"osm-general"},"geometry":{"type":"LineString","coordinates":[[55.2688179,25.1910685],[55.2689163,25.1909479],[55.2689885,25.1908565],[55.2691049,25.1907357],[55.2691764,25.1906607]]}},{"type":"Feature","id":"osm-way-484101067","properties":{"highway":"tertiary","lanes":"4","lit":"yes","maxspeed":"60","name":"شارع برج خليفة","name:ar":"شارع برج خليفة","name:en":"Burj Khalifa Street","oneway":"yes","sidewalk":"right","surface":"asphalt","turn:lanes":"through|through|through|right","osm_type":"way","osm_id":484101067,"road_class":"tertiary","source_priority":"osm-general"},"geometry":{"type":"LineString","coordinates":[[55.268217,25.1919846],[55.2682733,25.1918783],[55.268327,25.1917873],[55.2684377,25.1916068],[55.2685608,25.1914216],[55.2686795,25.1912603],[55.2687871,25.1911029],[55.2688179,25.1910685]]}},{"type":"Feature","id":"osm-way-484101070","properties":{"highway":"tertiary","lanes":"3","lit":"yes","maxspeed":"60","name":"شارع برج خليفة","name:ar":"شارع برج خليفة","name:en":"Burj Khalifa Street","oneway":"yes","sidewalk":"right","surface":"asphalt","osm_type":"way","osm_id":484101070,"road_class":"tertiary","source_priority":"osm-general"},"geometry":{"type":"LineString","coordinates":[[55.2671494,25.1942788],[55.2672441,25.1942011],[55.2674213,25.1940309],[55.2674535,25.1939969],[55.267483,25.1939609],[55.2675093,25.1939228],[55.2675651,25.1938392],[55.2676181,25.1937542],[55.2676681,25.1936677],[55.267715,25.1935798],[55.2677588,25.1934907],[55.2678082,25.1933707],[55.2678491,25.193248],[55.2678815,25.1931233],[55.2679051,25.1929971],[55.26792,25.1928697],[55.2679585,25.1926709],[55.2680097,25.1924744],[55.268059,25.1923214],[55.2681215,25.1921706],[55.268217,25.1919846]]}},{"type":"Feature","id":"osm-way-484101081","properties":{"highway":"service","oneway":"yes","osm_type":"way","osm_id":484101081,"road_class":"service","source_priority":"osm-general"},"geometry":{"type":"LineString","coordinates":[[55.2668691,25.1928719],[55.2670004,25.1930192]]}},{"type":"Feature","id":"osm-way-484101083","properties":{"highway":"service","oneway":"yes","osm_type":"way","osm_id":484101083,"road_class":"service","source_priority":"osm-general"},"geometry":{"type":"LineString","coordinates":[[55.2669519,25.1930562],[55.2668234,25.1929081]]}},{"type":"Feature","id":"osm-way-484101085","properties":{"highway":"service","oneway":"yes","surface":"asphalt","osm_type":"way","osm_id":484101085,"road_class":"service","source_priority":"osm-general"},"geometry":{"type":"LineString","coordinates":[[55.2671114,25.1929346],[55.2671376,25.1929352],[55.2671616,25.1929446],[55.2671799,25.1929615],[55.2671899,25.1929834],[55.2671901,25.1930071],[55.2671804,25.1930291]]}},{"type":"Feature","id":"osm-way-484101088","properties":{"highway":"service","oneway":"yes","surface":"asphalt","osm_type":"way","osm_id":484101088,"road_class":"service","source_priority":"osm-general"},"geometry":{"type":"LineString","coordinates":[[55.2672585,25.1929762],[55.2671804,25.1930291],[55.2669516,25.1931777],[55.2669338,25.1931853],[55.2669142,25.1931864],[55.2668955,25.1931808],[55.2668805,25.1931692],[55.2668708,25.1931513],[55.2668702,25.1931313],[55.2668789,25.1931129],[55.2668953,25.1930994],[55.2669519,25.1930562],[55.2670004,25.1930192],[55.2671114,25.1929346],[55.2671902,25.1928844],[55.2672163,25.1928731],[55.2672452,25.1928738],[55.2672705,25.1928865],[55.2672866,25.1929082],[55.26729,25.1929341],[55.2672799,25.1929586],[55.2672585,25.1929762]]}},{"type":"Feature","id":"osm-way-484101090","properties":{"highway":"tertiary","lanes":"3","lit":"yes","maxspeed":"60","name":"شارع الأعمال","name:ar":"شارع الأعمال","name:en":"Al A'amal Street","oneway":"yes","sidewalk":"right","surface":"asphalt","turn:lanes":"||merge_to_left","osm_type":"way","osm_id":484101090,"road_class":"tertiary","source_priority":"osm-general"},"geometry":{"type":"LineString","coordinates":[[55.2688499,25.1903984],[55.268744,25.1903147],[55.2686354,25.1902339],[55.268524,25.1901562],[55.2684292,25.1900926]]}},{"type":"Feature","id":"osm-way-484101093","properties":{"foot":"no","highway":"tertiary","lanes":"2","lit":"yes","maxspeed":"60","name":"شارع الأعمال","name:ar":"شارع الأعمال","name:en":"Al A'amal Street","oneway":"yes","sidewalk":"no","surface":"asphalt","osm_type":"way","osm_id":484101093,"road_class":"tertiary","source_priority":"osm-general"},"geometry":{"type":"LineString","coordinates":[[55.2693279,25.1907944],[55.2691764,25.1906607]]}},{"type":"Feature","id":"osm-way-484101096","properties":{"highway":"tertiary","lanes":"3","lit":"yes","maxspeed":"60","name":"شارع الأعمال","name:ar":"شارع الأعمال","name:en":"Al A'amal Street","oneway":"yes","sidewalk":"no","surface":"asphalt","turn:lanes":"left|left|left","osm_type":"way","osm_id":484101096,"road_class":"tertiary","source_priority":"osm-general"},"geometry":{"type":"LineString","coordinates":[[55.2689545,25.1903393],[55.2691163,25.1904732],[55.2691794,25.1905216],[55.269251,25.1905819]]}},{"type":"Feature","id":"osm-way-484101099","properties":{"highway":"tertiary","lanes":"3","lit":"yes","maxspeed":"60","name":"شارع الأعمال","name:ar":"شارع الأعمال","name:en":"Al A'amal Street","oneway":"yes","sidewalk":"right","surface":"asphalt","turn:lanes":"left|left|left;right","osm_type":"way","osm_id":484101099,"road_class":"tertiary","source_priority":"osm-general"},"geometry":{"type":"LineString","coordinates":[[55.2684187,25.1899464],[55.2685467,25.1900317],[55.2686721,25.1901201],[55.2687946,25.1902117],[55.2689137,25.1903064],[55.2689545,25.1903393]]}},{"type":"Feature","id":"osm-way-484101101","properties":{"highway":"service","oneway":"yes","osm_type":"way","osm_id":484101101,"road_class":"service","source_priority":"osm-general"},"geometry":{"type":"LineString","coordinates":[[55.2644788,25.1908345],[55.2645092,25.1908597],[55.2645366,25.1908827],[55.2645736,25.1909147],[55.2646182,25.1909533]]}},{"type":"Feature","id":"osm-way-484101103","properties":{"highway":"service","oneway":"yes","service":"parking_aisle","osm_type":"way","osm_id":484101103,"road_class":"service","source_priority":"osm-general"},"geometry":{"type":"LineString","coordinates":[[55.2641676,25.1902579],[55.2645525,25.1906526]]}},{"type":"Feature","id":"osm-way-484101105","properties":{"highway":"service","oneway":"yes","service":"parking_aisle","osm_type":"way","osm_id":484101105,"road_class":"service","source_priority":"osm-general"},"geometry":{"type":"LineString","coordinates":[[55.2638954,25.1901864],[55.2644788,25.1908345]]}},{"type":"Feature","id":"osm-way-484101107","properties":{"highway":"service","name":"Visitors parking","oneway":"yes","osm_type":"way","osm_id":484101107,"road_class":"service","source_priority":"osm-general"},"geometry":{"type":"LineString","coordinates":[[55.263775,25.1901547],[55.2638954,25.1901864],[55.2641676,25.1902579],[55.2644778,25.1903394],[55.2645429,25.1903604],[55.2645918,25.1904034],[55.2646136,25.1904619],[55.2646051,25.1905229],[55.2645525,25.1906526],[55.2644788,25.1908345],[55.2644446,25.1909189],[55.264422,25.1909432],[55.2643893,25.1909549],[55.2643544,25.1909512],[55.2643257,25.1909329],[55.263708,25.1902518],[55.2636907,25.1902247],[55.2636913,25.1901934],[55.2637096,25.1901668],[55.2637405,25.1901525],[55.263775,25.1901547]]}},{"type":"Feature","id":"osm-way-484101114","properties":{"foot":"no","highway":"tertiary","lanes":"5","lit":"yes","maxspeed":"40","name":"شارع برج خليفة","name:ar":"شارع برج خليفة","name:en":"Burj Khalifa Street","oneway":"yes","sidewalk":"no","surface":"asphalt","turn:lanes":"left|left|left|through|through","osm_type":"way","osm_id":484101114,"road_class":"tertiary","source_priority":"osm-general"},"geometry":{"type":"LineString","coordinates":[[55.2678116,25.1939294],[55.267736,25.1939702],[55.2676723,25.194055],[55.2676018,25.1941352],[55.2675248,25.1942104],[55.2674034,25.1943142],[55.2673656,25.1943465],[55.2672743,25.1944239]]}},{"type":"Feature","id":"osm-way-484101117","properties":{"highway":"tertiary","lanes":"7","lit":"yes","maxspeed":"60","name":"شارع برج خليفة","name:ar":"شارع برج خليفة","name:en":"Burj Khalifa Street","oneway":"yes","sidewalk":"right","surface":"asphalt","turn:lanes":"left|left|left|through|through|right|right","osm_type":"way","osm_id":484101117,"road_class":"tertiary","source_priority":"osm-general"},"geometry":{"type":"LineString","coordinates":[[55.2679197,25.1936248],[55.2678894,25.193743],[55.2678695,25.1938069],[55.2678385,25.1938704],[55.2678116,25.1939294]]}},{"type":"Feature","id":"osm-way-484101121","properties":{"highway":"tertiary","lanes":"3","lit":"yes","maxspeed":"60","name":"شارع المستقبل","name:ar":"شارع المستقبل","name:en":"Al Mustaqbal Street","oneway":"yes","ref":"D86","sidewalk":"right","surface":"asphalt","osm_type":"way","osm_id":484101121,"road_class":"tertiary","source_priority":"osm-general"},"geometry":{"type":"LineString","coordinates":[[55.2668078,25.1945527],[55.2667365,25.1944703],[55.2665461,25.1942594],[55.2660117,25.1936766]]}},{"type":"Feature","id":"osm-way-484101124","properties":{"highway":"tertiary","lanes":"5","lit":"yes","maxspeed":"40","name":"شارع برج خليفة","name:ar":"شارع برج خليفة","name:en":"Burj Khalifa Street","oneway":"yes","sidewalk":"right","surface":"asphalt","turn:lanes":"left|left|through|through|right","osm_type":"way","osm_id":484101124,"road_class":"tertiary","source_priority":"osm-general"},"geometry":{"type":"LineString","coordinates":[[55.2661543,25.1950622],[55.2664847,25.1947982]]}},{"type":"Feature","id":"osm-way-484101127","properties":{"highway":"tertiary","lanes":"4","lit":"yes","maxspeed":"40","name":"شارع برج خليفة","name:ar":"شارع برج خليفة","name:en":"Burj Khalifa Street","oneway":"yes","sidewalk":"no","surface":"asphalt","turn:lanes":"left|left|through|through","osm_type":"way","osm_id":484101127,"road_class":"tertiary","source_priority":"osm-general"},"geometry":{"type":"LineString","coordinates":[[55.2664847,25.1947982],[55.2667009,25.1946363],[55.2667406,25.1946065],[55.2668078,25.1945527]]}},{"type":"Feature","id":"osm-way-484101133","properties":{"highway":"tertiary","lanes":"2","lit":"yes","maxspeed":"40","name":"شارع برج خليفة","name:ar":"شارع برج خليفة","name:en":"Burj Khalifa Street","oneway":"yes","sidewalk":"right","surface":"asphalt","osm_type":"way","osm_id":484101133,"road_class":"tertiary","source_priority":"osm-general"},"geometry":{"type":"LineString","coordinates":[[55.2669352,25.1947005],[55.2668727,25.1947537],[55.2667246,25.194864],[55.2661311,25.1953016],[55.2660414,25.1953829],[55.2659838,25.1954151],[55.2659225,25.195441],[55.2658726,25.1954577],[55.2657919,25.195472]]}},{"type":"Feature","id":"osm-way-484101135","properties":{"highway":"tertiary","lanes":"5","name":"شارع المستقبل","name:ar":"شارع المستقبل","name:en":"Al Mustaqbal Street","oneway":"yes","ref":"D86","surface":"asphalt","turn:lanes":"left|left|through|through|right","osm_type":"way","osm_id":484101135,"road_class":"tertiary","source_priority":"osm-general"},"geometry":{"type":"LineString","coordinates":[[55.2675666,25.195398],[55.2673401,25.1951439]]}},{"type":"Feature","id":"osm-way-484101139","properties":{"highway":"tertiary","lanes":"4","lit":"yes","maxspeed":"60","name":"شارع المستقبل","name:ar":"شارع المستقبل","name:en":"Al Mustaqbal Street","oneway":"yes","ref":"D86","sidewalk":"no","surface":"asphalt","turn:lanes":"left|left|through|through","osm_type":"way","osm_id":484101139,"road_class":"tertiary","source_priority":"osm-general"},"geometry":{"type":"LineString","coordinates":[[55.2673401,25.1951439],[55.2670323,25.1948098],[55.2669987,25.1947733]]}},{"type":"Feature","id":"osm-way-484101142","properties":{"highway":"tertiary","lanes":"2","lit":"yes","maxspeed":"60","name":"شارع المستقبل","name:ar":"شارع المستقبل","name:en":"Al Mustaqbal Street","oneway":"yes","ref":"D86","sidewalk":"right","surface":"asphalt","osm_type":"way","osm_id":484101142,"road_class":"tertiary","source_priority":"osm-general"},"geometry":{"type":"LineString","coordinates":[[55.2660117,25.1936766],[55.2657972,25.1934424],[55.265266,25.1928299],[55.2651004,25.1926508],[55.2649288,25.1924765],[55.2647514,25.192307],[55.2643254,25.1918836],[55.2641339,25.1916659]]}},{"type":"Feature","id":"osm-way-484101145","properties":{"highway":"tertiary","lanes":"5","lit":"yes","maxspeed":"60","name":"شارع المستقبل","name:ar":"شارع المستقبل","name:en":"Al Mustaqbal Street","oneway":"yes","ref":"D86","sidewalk":"right","surface":"asphalt","turn:lanes":"left|left|through|through|right","osm_type":"way","osm_id":484101145,"road_class":"tertiary","source_priority":"osm-general"},"geometry":{"type":"LineString","coordinates":[[55.266515,25.1936134],[55.2667365,25.1938256]]}},{"type":"Feature","id":"osm-way-484101149","properties":{"foot":"no","highway":"tertiary","lanes":"4","lit":"yes","maxspeed":"60","name":"شارع المستقبل","name:ar":"شارع المستقبل","name:en":"Al Mustaqbal Street","oneway":"yes","ref":"D86","sidewalk":"no","surface":"asphalt","turn:lanes":"left|left|through|through","osm_type":"way","osm_id":484101149,"road_class":"tertiary","source_priority":"osm-general"},"geometry":{"type":"LineString","coordinates":[[55.2667365,25.1938256],[55.2670552,25.1941715],[55.2670858,25.1942047],[55.2671494,25.1942788]]}},{"type":"Feature","id":"osm-way-484101152","properties":{"highway":"tertiary","lanes":"2","lit":"yes","maxspeed":"60","name":"شارع المستقبل","name:ar":"شارع المستقبل","name:en":"Al Mustaqbal Street","oneway":"yes","ref":"D86","sidewalk":"right","surface":"asphalt","osm_type":"way","osm_id":484101152,"road_class":"tertiary","source_priority":"osm-general"},"geometry":{"type":"LineString","coordinates":[[55.2620966,25.188882],[55.262271,25.1890827],[55.2624327,25.1892585],[55.2635408,25.1904631],[55.2640768,25.1910174],[55.264164,25.19109],[55.2642488,25.1911649],[55.2643313,25.1912419],[55.2646465,25.191556],[55.2664001,25.1934883],[55.266515,25.1936134]]}},{"type":"Feature","id":"osm-way-484348159","properties":{"highway":"secondary","lanes":"5","name":"طريق مراسي","name:ar":"طريق مراسي","name:en":"Marasi Drive","oneway":"yes","surface":"asphalt","turn:lanes":"left|left;through|through|right|right","osm_type":"way","osm_id":484348159,"road_class":"secondary","source_priority":"osm-general"},"geometry":{"type":"LineString","coordinates":[[55.265525,25.1869962],[55.2653877,25.1868462]]}},{"type":"Feature","id":"osm-way-484348160","properties":{"highway":"secondary","lanes":"4","name":"طريق مراسي","name:ar":"طريق مراسي","name:en":"Marasi Drive","oneway":"yes","surface":"asphalt","turn:lanes":"through|through|through|right","osm_type":"way","osm_id":484348160,"road_class":"secondary","source_priority":"osm-general"},"geometry":{"type":"LineString","coordinates":[[55.2660689,25.1874581],[55.2659241,25.1873508],[55.2657847,25.1872386],[55.2656516,25.1871203],[55.265525,25.1869962]]}},{"type":"Feature","id":"osm-way-484348161","properties":{"highway":"secondary","lanes":"3","name":"طريق مراسي","name:ar":"طريق مراسي","name:en":"Marasi Drive","oneway":"yes","surface":"asphalt","turn:lanes":"left|left;through|through","osm_type":"way","osm_id":484348161,"road_class":"secondary","source_priority":"osm-general"},"geometry":{"type":"LineString","coordinates":[[55.2653877,25.1868462],[55.2651838,25.1866044],[55.2651548,25.1865701],[55.2650677,25.1864666]]}},{"type":"Feature","id":"osm-way-484348162","properties":{"highway":"secondary","lanes":"3","name":"طريق مراسي","name:ar":"طريق مراسي","name:en":"Marasi Drive","oneway":"yes","surface":"asphalt","turn:lanes":"reverse;through|through|through","osm_type":"way","osm_id":484348162,"road_class":"secondary","source_priority":"osm-general"},"geometry":{"type":"LineString","coordinates":[[55.2722115,25.1872487],[55.2720349,25.1873777],[55.271855,25.1875028],[55.2717343,25.1875829],[55.2716684,25.1876266]]}},{"type":"Feature","id":"osm-way-484348163","properties":{"highway":"secondary","lanes":"4","name":"طريق مراسي","name:ar":"طريق مراسي","name:en":"Marasi Drive","oneway":"yes","surface":"asphalt","turn:lanes":"reverse;through|through|through|right","osm_type":"way","osm_id":484348163,"road_class":"secondary","source_priority":"osm-general"},"geometry":{"type":"LineString","coordinates":[[55.2727629,25.1868738],[55.2723395,25.1871617],[55.2722115,25.1872487]]}},{"type":"Feature","id":"osm-way-484348165","properties":{"foot":"no","highway":"secondary","lanes":"3","name":"طريق مراسي","name:ar":"طريق مراسي","name:en":"Marasi Drive","oneway":"yes","surface":"asphalt","osm_type":"way","osm_id":484348165,"road_class":"secondary","source_priority":"osm-general"},"geometry":{"type":"LineString","coordinates":[[55.275001,25.1853374],[55.2749094,25.1853991]]}},{"type":"Feature","id":"osm-way-484348169","properties":{"highway":"secondary","lanes":"4","name":"طريق مراسي","name:ar":"طريق مراسي","name:en":"Marasi Drive","oneway":"yes","surface":"asphalt","turn:lanes":"left|left;through|through|through","osm_type":"way","osm_id":484348169,"road_class":"secondary","source_priority":"osm-general"},"geometry":{"type":"LineString","coordinates":[[55.2739169,25.1858927],[55.2742131,25.1856872]]}},{"type":"Feature","id":"osm-way-484589296","properties":{"highway":"secondary","lanes":"3","lit":"yes","name":"شارع العلم","name:ar":"شارع العلم","name:en":"AL Alam Street","oneway":"yes","sidewalk":"right","surface":"asphalt","turn:lanes":"left|left|right","osm_type":"way","osm_id":484589296,"road_class":"secondary","source_priority":"osm-general"},"geometry":{"type":"LineString","coordinates":[[55.2721222,25.1882853],[55.2720392,25.1881906],[55.2718944,25.1880254]]}},{"type":"Feature","id":"osm-way-484589297","properties":{"foot":"no","highway":"secondary","lanes":"3","lit":"yes","name":"شارع العلم","name:ar":"شارع العلم","name:en":"AL Alam Street","oneway":"yes","sidewalk":"no","surface":"asphalt","osm_type":"way","osm_id":484589297,"road_class":"secondary","source_priority":"osm-general"},"geometry":{"type":"LineString","coordinates":[[55.2723805,25.1885654],[55.2723015,25.188471]]}},{"type":"Feature","id":"osm-way-484589298","properties":{"highway":"secondary","lanes":"4","lit":"yes","name":"شارع العلم","name:ar":"شارع العلم","name:en":"AL Alam Street","oneway":"yes","sidewalk":"right","surface":"asphalt","turn:lanes":"left|left;through|through|through;right","osm_type":"way","osm_id":484589298,"road_class":"secondary","source_priority":"osm-general"},"geometry":{"type":"LineString","coordinates":[[55.2729169,25.1892889],[55.2727217,25.1890308]]}},{"type":"Feature","id":"osm-way-484589299","properties":{"highway":"secondary","lanes":"4","lit":"yes","name":"شارع العلم","name:ar":"شارع العلم","name:en":"AL Alam Street","oneway":"yes","sidewalk":"no","surface":"asphalt","turn:lanes":"left|left;through|through|through","osm_type":"way","osm_id":484589299,"road_class":"secondary","source_priority":"osm-general"},"geometry":{"type":"LineString","coordinates":[[55.2727217,25.1890308],[55.2725858,25.1888534],[55.2725571,25.1888161]]}},{"type":"Feature","id":"osm-way-484589300","properties":{"highway":"secondary","lanes":"2","name":"شارع العلم","name:ar":"شارع العلم","name:en":"AL Alam Street","oneway":"yes","surface":"asphalt","osm_type":"way","osm_id":484589300,"road_class":"secondary","source_priority":"osm-general"},"geometry":{"type":"LineString","coordinates":[[55.2718944,25.1880254],[55.2717063,25.187812],[55.2716776,25.1877795],[55.2715841,25.1876767]]}},{"type":"Feature","id":"osm-way-484589302","properties":{"highway":"secondary","lanes":"3","lit":"yes","name":"شارع العلم","name:ar":"شارع العلم","name:en":"AL Alam Street","oneway":"yes","sidewalk":"right","surface":"asphalt","turn:lanes":"left|left;through|through;right","osm_type":"way","osm_id":484589302,"road_class":"secondary","source_priority":"osm-general"},"geometry":{"type":"LineString","coordinates":[[55.2720932,25.1880932],[55.2722339,25.1882278]]}},{"type":"Feature","id":"osm-way-484589303","properties":{"highway":"secondary","lanes":"3","lit":"yes","name":"شارع العلم","name:ar":"شارع العلم","name:en":"AL Alam Street","oneway":"yes","sidewalk":"no","surface":"asphalt","turn:lanes":"left|left;through|through","osm_type":"way","osm_id":484589303,"road_class":"secondary","source_priority":"osm-general"},"geometry":{"type":"LineString","coordinates":[[55.2722339,25.1882278],[55.2723566,25.1883711],[55.2723976,25.1884166]]}},{"type":"Feature","id":"osm-way-484802055","properties":{"alt_name":"شارع الدوحة","alt_name:ar":"شارع الدوحة","alt_name:en":"Doha Street","foot":"no","highway":"primary","lanes":"2","lit":"yes","maxspeed":"80","name":"شارع المركز المالي","name:ar":"شارع المركز المالي","name:en":"Financial Center Street","oneway":"yes","ref":"D71","surface":"asphalt","osm_type":"way","osm_id":484802055,"road_class":"primary","source_priority":"osm-general"},"geometry":{"type":"LineString","coordinates":[[55.2743104,25.2029894],[55.2741381,25.2030736],[55.2739675,25.2031605],[55.2737986,25.2032501],[55.2736264,25.2033405],[55.2729022,25.2037381]]}},{"type":"Feature","id":"osm-way-484802056","properties":{"bridge":true,"destination":"Dubai Mall;Financial Center Street (Upper Level);Al Sharjah;Sheikh Zayed Road","destination:lang:ar":"دبي مول;شارع المركز المالي (المستوى العلوي);الشارقة;شارع الشيخ زايد","destination:lang:en":"Dubai Mall;Financial Center Street (Upper Level);Al Sharjah;Sheikh Zayed Road","destination:ref":"E11 (North);D71 (East)","foot":"no","highway":"trunk_link","lanes":"3","layer":1,"lit":"yes","oneway":"yes","source":"Bing","surface":"asphalt","turn:lanes":"through|through|right","osm_type":"way","osm_id":484802056,"road_class":"trunk","source_priority":"osm-general","elevation_m":7,"elevation_source":"configurable-estimate"},"geometry":{"type":"LineString","coordinates":[[55.2697631,25.2051931],[55.2710996,25.2044678]]}},{"type":"Feature","id":"osm-way-484802060","properties":{"bridge":true,"destination":"Financial Center Street (Upper Level);The Dubai Mall","destination:lang:ar":"شارع المركز المالي (المستوى العلوي);دبي مول","destination:lang:en":"Financial Center Street (Upper Level);The Dubai Mall","destination:ref":"D71","highway":"motorway_link","lanes":"3","layer":1,"lit":"yes","maxspeed":"60","oneway":"yes","source":"Bing","surface":"asphalt","osm_type":"way","osm_id":484802060,"road_class":"motorway","source_priority":"osm-general","elevation_m":7,"elevation_source":"configurable-estimate"},"geometry":{"type":"LineString","coordinates":[[55.2721897,25.2029938],[55.272364,25.2030099],[55.2725389,25.2030183],[55.2727141,25.2030192],[55.2728891,25.2030125],[55.2730636,25.2029982],[55.2732371,25.2029765],[55.2734092,25.2029472],[55.2735796,25.2029105],[55.2737479,25.2028666],[55.2739137,25.2028154],[55.2740766,25.202757],[55.2742469,25.2027066]]}},{"type":"Feature","id":"osm-way-484802064","properties":{"bridge":true,"foot":"no","highway":"trunk","lanes":"3","layer":1,"lit":"yes","maxspeed":"60","name":"شارع المركز المالي - المستوى العلوي","name:ar":"شارع المركز المالي - المستوى العلوي","name:en":"Financial Center Road (Upper Level)","oneway":"yes","ref":"D71","surface":"asphalt","osm_type":"way","osm_id":484802064,"road_class":"trunk","source_priority":"osm-general","elevation_m":7,"elevation_source":"configurable-estimate"},"geometry":{"type":"LineString","coordinates":[[55.2742469,25.2027066],[55.2756367,25.2019807]]}},{"type":"Feature","id":"osm-way-485386362","properties":{"destination":"Financial Center Street (Lower Level);Al Safa Street;Al Sukook Street;Burj Khalifa","destination:lang:ar":"شارع المركز المالي (المستوى الأرضي);شارع الصفا;شارع الصكوك;برج خليفة","destination:lang:en":"Financial Center Street (Lower Level);Al Safa Street;Al Sukook Street","destination:ref":"D71","highway":"motorway_link","lanes":"2","lit":"yes","oneway":"yes","surface":"asphalt","turn:lanes":"through;right|right","osm_type":"way","osm_id":485386362,"road_class":"motorway","source_priority":"osm-general"},"geometry":{"type":"LineString","coordinates":[[55.267879,25.2000336],[55.2685061,25.2009082]]}},{"type":"Feature","id":"osm-way-485386363","properties":{"destination":"Financial Center Street (Lower Level);Al Safa Street;Al Sukook Street;Burj Khalifa","destination:lang:ar":"شارع المركز المالي (المستوى الأرضي);شارع الصفا;شارع الصكوك;برج خليفة","destination:lang:en":"Financial Center Street (Lower Level);Al Safa Street;Al Sukook Street","destination:ref":"D71","highway":"motorway_link","lanes":"2","lit":"yes","oneway":"yes","surface":"asphalt","osm_type":"way","osm_id":485386363,"road_class":"motorway","source_priority":"osm-general"},"geometry":{"type":"LineString","coordinates":[[55.2670345,25.1988766],[55.267879,25.2000336]]}},{"type":"Feature","id":"osm-way-485386364","properties":{"destination":"Financial Center Street;Al Safa Street;Al Sukook Street;The Dubai Mall;Burj Khalifa","destination:lang:ar":"شارع المركز المالي;شارع الصفا;شارع الصكوك;دبي مول;برج خليفة","destination:lang:en":"Financial Center Street;Al Safa Street;Al Sukook Street;The Dubai Mall;Burj Khalifa","highway":"motorway_link","lanes":"3","lit":"yes","oneway":"yes","surface":"asphalt","turn:lanes":"through|through;right|through","osm_type":"way","osm_id":485386364,"road_class":"motorway","source_priority":"osm-general"},"geometry":{"type":"LineString","coordinates":[[55.2664758,25.1981623],[55.2670345,25.1988766]]}},{"type":"Feature","id":"osm-way-485386365","properties":{"destination":"Financial Center Street (Upper Level);The Dubai Mall","destination:lang:ar":"شارع المركز المالي (المستوى العلوي);دبي مول","destination:lang:en":"Financial Center Street (Upper Level);The Dubai Mall","destination:ref":"D71","highway":"motorway_link","lanes":"2","lit":"yes","oneway":"yes","source":"Bing","surface":"asphalt","turn:lanes":"through|through;right","osm_type":"way","osm_id":485386365,"road_class":"motorway","source_priority":"osm-general"},"geometry":{"type":"LineString","coordinates":[[55.2687126,25.2009026],[55.2690055,25.2012905],[55.2691036,25.2014196],[55.2692046,25.201547],[55.2693088,25.2016722]]}},{"type":"Feature","id":"osm-way-485386366","properties":{"destination":"Financial Center Street (Upper Level);The Dubai Mall","destination:lang:ar":"شارع المركز المالي (المستوى العلوي);دبي مول","destination:lang:en":"Financial Center Street (Upper Level);The Dubai Mall","destination:ref":"D71 (East)","highway":"motorway_link","lanes":"2","lit":"yes","oneway":"yes","source":"Bing","surface":"asphalt","osm_type":"way","osm_id":485386366,"road_class":"motorway","source_priority":"osm-general"},"geometry":{"type":"LineString","coordinates":[[55.2670345,25.1988766],[55.2671627,25.1990012],[55.2672874,25.1991286],[55.2674084,25.1992589],[55.2675258,25.1993919],[55.2680178,25.1999879],[55.2681974,25.2002136],[55.2683722,25.2004423],[55.2685422,25.2006741],[55.2687126,25.2009026]]}},{"type":"Feature","id":"osm-way-485386367","properties":{"destination":"Abu Dhabi;Sheikh Zayed Road","destination:lang:ar":"أبو ظبي;شارع الشيخ زايد","destination:lang:en":"Abu Dhabi;Sheikh Zayed Road","destination:ref":"E11 (South)","highway":"motorway_link","lanes":"2","lit":"yes","maxspeed":"60","oneway":"yes","source":"Bing","surface":"asphalt","osm_type":"way","osm_id":485386367,"road_class":"motorway","source_priority":"osm-general"},"geometry":{"type":"LineString","coordinates":[[55.2695112,25.2038274],[55.2692854,25.203344]]}},{"type":"Feature","id":"osm-way-485386368","properties":{"destination":"Abu Dhabi;Sheikh Zayed Road","destination:lang:ar":"أبو ظبي;شارع الشيخ زايد","destination:lang:en":"Abu Dhabi;Sheikh Zayed Road","destination:ref":"E11 (South)","highway":"motorway_link","lanes":"3","lit":"yes","maxspeed":"60","oneway":"yes","source":"Bing","surface":"asphalt","turn:lanes":"||merge_to_left","osm_type":"way","osm_id":485386368,"road_class":"motorway","source_priority":"osm-general"},"geometry":{"type":"LineString","coordinates":[[55.2697298,25.204208],[55.2696524,25.2040832],[55.2695796,25.2039563],[55.2695112,25.2038274]]}},{"type":"Feature","id":"osm-way-485386369","properties":{"bridge":true,"destination":"Abu Dhabi;Sheikh Zayed Road","destination:lang:ar":"أبو ظبي;شارع الشيخ زايد","destination:lang:en":"Abu Dhabi;Sheikh Zayed Road","destination:ref":"E11 (South)","highway":"motorway_link","lanes":"1","layer":1,"lit":"yes","maxheight":"5.5","maxspeed":"60","oneway":"yes","source":"Bing","surface":"asphalt","osm_type":"way","osm_id":485386369,"road_class":"motorway","source_priority":"osm-general","elevation_m":7,"elevation_source":"configurable-estimate"},"geometry":{"type":"LineString","coordinates":[[55.2728767,25.2044362],[55.2728401,25.2044871],[55.2728138,25.2045257],[55.2726146,25.2048327],[55.2725803,25.2048875],[55.2725388,25.2049588],[55.2724983,25.2050308],[55.2724579,25.2051035],[55.2724191,25.2051769],[55.2723819,25.2052509],[55.2722576,25.2055029],[55.2722236,25.2055714],[55.2721873,25.2056386],[55.2721474,25.2057043],[55.2721044,25.2057684]]}},{"type":"Feature","id":"osm-way-485386370","properties":{"bridge":true,"destination":"The Dubai Mall","destination:lang:ar":"دبي مول","destination:lang:en":"The Dubai Mall","destination:ref":"(Upper Level)","destination:symbol":"airport","highway":"motorway_link","lanes":"1","layer":1,"lit":"yes","maxheight":"5.5","maxspeed":"60","oneway":"yes","surface":"asphalt","osm_type":"way","osm_id":485386370,"road_class":"motorway","source_priority":"osm-general","elevation_m":7,"elevation_source":"configurable-estimate"},"geometry":{"type":"LineString","coordinates":[[55.270087,25.2033057],[55.2701301,25.2032643],[55.2701738,25.2032243],[55.2702201,25.2031869],[55.2702688,25.2031521],[55.2703199,25.2031201],[55.2703953,25.2030766],[55.270474,25.2030379],[55.2705555,25.2030044],[55.2706394,25.2029762],[55.2707236,25.2029519],[55.2708126,25.2029355],[55.2709093,25.2029235],[55.2710065,25.2029158],[55.2711039,25.2029124],[55.2712015,25.2029135],[55.2712989,25.2029189],[55.2713958,25.2029286],[55.2714926,25.2029384],[55.2718498,25.2029836],[55.2719345,25.2029921],[55.2720195,25.2029967],[55.2721047,25.2029972],[55.2721897,25.2029938]]}},{"type":"Feature","id":"osm-way-485386371","properties":{"destination":"Burj Khalifa","destination:lang:ar":"برج خليفة","destination:lang:en":"Burj Khalifa","destination:ref":"(lower level)","highway":"motorway_link","lanes":"2","lit":"yes","oneway":"yes","source":"Bing","surface":"asphalt","turn:lanes":"through|right","osm_type":"way","osm_id":485386371,"road_class":"motorway","source_priority":"osm-general"},"geometry":{"type":"LineString","coordinates":[[55.2713017,25.2032295],[55.2715217,25.2033195]]}},{"type":"Feature","id":"osm-way-485391619","properties":{"bridge":true,"destination":"Sheikh Zayed Road;Al Sukook Street","destination:lang:ar":"شارع الشيخ زايد;شارع الصكوك","destination:lang:en":"Sheikh Zayed Road;Al Sukook Street","destination:ref":"E11","highway":"motorway_link","lanes":"2","layer":1,"lit":"yes","maxspeed":"60","oneway":"yes","source":"Bing","surface":"asphalt","turn:lanes":"through|right","osm_type":"way","osm_id":485391619,"road_class":"motorway","source_priority":"osm-general","elevation_m":7,"elevation_source":"configurable-estimate"},"geometry":{"type":"LineString","coordinates":[[55.2751442,25.2028711],[55.2747202,25.2031104]]}},{"type":"Feature","id":"osm-way-485391622","properties":{"destination":"Al Sukook Street","destination:lang:ar":"شارع الصكوك","destination:lang:en":"Al Sukook Street","highway":"motorway_link","lanes":"1","lit":"yes","maxspeed":"60","oneway":"yes","sidewalk":"right","surface":"asphalt","osm_type":"way","osm_id":485391622,"road_class":"motorway","source_priority":"osm-general"},"geometry":{"type":"LineString","coordinates":[[55.2735076,25.2048246],[55.2740662,25.2056667],[55.2741856,25.2058412],[55.2742863,25.2060196],[55.27451,25.2064976]]}},{"type":"Feature","id":"osm-way-496577112","properties":{"highway":"residential","surface":"asphalt","osm_type":"way","osm_id":496577112,"road_class":"residential","source_priority":"osm-general"},"geometry":{"type":"LineString","coordinates":[[55.274708,25.1923388],[55.2746851,25.1922974],[55.2746657,25.1922545],[55.2746499,25.1922104],[55.2746431,25.1921895],[55.2746012,25.1920612],[55.274584,25.1920208],[55.2745601,25.191985],[55.2745261,25.1919568],[55.2744847,25.1919383],[55.2744392,25.1919311],[55.2742762,25.1919332],[55.2741134,25.191928],[55.2739525,25.1919157],[55.2737851,25.191893]]}},{"type":"Feature","id":"osm-way-496577120","properties":{"access":"private","highway":"residential","oneway":"yes","osm_type":"way","osm_id":496577120,"road_class":"residential","source_priority":"osm-general"},"geometry":{"type":"LineString","coordinates":[[55.2730979,25.1922129],[55.2731354,25.1922816],[55.2731539,25.1923203],[55.2731778,25.1923564],[55.2732067,25.1923895],[55.27324,25.1924189],[55.2732748,25.1924542]]}},{"type":"Feature","id":"osm-way-496577121","properties":{"access":"private","highway":"residential","oneway":"yes","osm_type":"way","osm_id":496577121,"road_class":"residential","source_priority":"osm-general"},"geometry":{"type":"LineString","coordinates":[[55.2731336,25.1925386],[55.2730773,25.1924828],[55.273047,25.192458],[55.2730218,25.1924288],[55.2730024,25.1923963],[55.2729892,25.1923613],[55.2729538,25.1922913]]}},{"type":"Feature","id":"osm-way-496577122","properties":{"access":"private","highway":"residential","oneway":"yes","osm_type":"way","osm_id":496577122,"road_class":"residential","source_priority":"osm-general"},"geometry":{"type":"LineString","coordinates":[[55.2731567,25.1925039],[55.27319,25.1924769],[55.2732306,25.1924598],[55.2732748,25.1924542],[55.2733253,25.1924624],[55.2733699,25.1924854],[55.2734034,25.1925205],[55.2734221,25.1925638],[55.2734238,25.1926102],[55.2734082,25.1926544],[55.2733773,25.1926915],[55.2733345,25.192717],[55.2732847,25.1927282],[55.2732337,25.1927238],[55.2731872,25.1927041],[55.2731506,25.1926716],[55.273128,25.1926299],[55.2731222,25.1925838],[55.2731336,25.1925386],[55.2731567,25.1925039]]}},{"type":"Feature","id":"osm-way-496577123","properties":{"highway":"residential","oneway":"yes","osm_type":"way","osm_id":496577123,"road_class":"residential","source_priority":"osm-general"},"geometry":{"type":"LineString","coordinates":[[55.274698,25.1924512],[55.2746827,25.1924301],[55.2746758,25.1924057],[55.274678,25.1923806],[55.274689,25.1923575],[55.274708,25.1923388],[55.2747323,25.1923268],[55.2747597,25.1923226],[55.2747872,25.1923266],[55.2748118,25.1923385],[55.2748307,25.192357],[55.274842,25.1923801],[55.2748444,25.1924052],[55.2748376,25.1924296],[55.2748225,25.1924508],[55.2748006,25.1924663],[55.2747743,25.1924746],[55.2747464,25.1924747],[55.2747201,25.1924666],[55.274698,25.1924512]]}},{"type":"Feature","id":"osm-way-496577130","properties":{"highway":"service","oneway":"yes","surface":"paving_stones","osm_type":"way","osm_id":496577130,"road_class":"service","source_priority":"osm-general"},"geometry":{"type":"LineString","coordinates":[[55.2752189,25.1908862],[55.2750951,25.1909718],[55.2750506,25.1909989],[55.2750041,25.1910166],[55.2749543,25.191024],[55.2749039,25.1910206],[55.2744915,25.1910027]]}},{"type":"Feature","id":"osm-way-496774658","properties":{"highway":"residential","lanes":"2","lit":"yes","maxspeed":"40","name":"شارع المدينة","name:ar":"شارع المدينة","name:en":"Al Madina Street","oneway":"yes","sidewalk":"right","surface":"paving_stones","osm_type":"way","osm_id":496774658,"road_class":"residential","source_priority":"osm-general"},"geometry":{"type":"LineString","coordinates":[[55.2633377,25.2051567],[55.2634896,25.2050768],[55.2635982,25.2050169],[55.264148,25.2047136]]}},{"type":"Feature","id":"osm-way-496774660","properties":{"highway":"residential","lanes":"2","lit":"yes","maxspeed":"40","name":"شارع السلام","name:ar":"شارع السلام","name:en":"Al Salam Street","oneway":"yes","sidewalk":"right","surface":"paving_stones","osm_type":"way","osm_id":496774660,"road_class":"residential","source_priority":"osm-general"},"geometry":{"type":"LineString","coordinates":[[55.264148,25.2047136],[55.2642268,25.204663],[55.2642633,25.2046282],[55.2642901,25.2045868],[55.264296,25.204572],[55.2643057,25.2045303],[55.2643061,25.2044877],[55.2642971,25.2044459],[55.2635577,25.2033506],[55.2633299,25.2030131],[55.2632259,25.202845],[55.2631961,25.2028046],[55.2631561,25.202766],[55.2631127,25.2027443],[55.2630291,25.2027037]]}},{"type":"Feature","id":"osm-way-496774661","properties":{"highway":"residential","lanes":"2","name":"شارع السلام","name:ar":"شارع السلام","name:en":"Al Salam Street","oneway":"yes","surface":"paving_stones","osm_type":"way","osm_id":496774661,"road_class":"residential","source_priority":"osm-general"},"geometry":{"type":"LineString","coordinates":[[55.2620285,25.2008308],[55.2620096,25.2009193],[55.2620108,25.2009567],[55.2620277,25.2009938],[55.2620667,25.2010551],[55.2620921,25.2010942],[55.2621641,25.2012053]]}},{"type":"Feature","id":"osm-way-496774663","properties":{"highway":"residential","lanes":"2","lit":"yes","maxspeed":"40","name":"شارع السلام","name:ar":"شارع السلام","name:en":"Al Salam Street","oneway":"yes","sidewalk":"right","sidewalk:right:surface":"paving_stones","surface":"paving_stones","osm_type":"way","osm_id":496774663,"road_class":"residential","source_priority":"osm-general"},"geometry":{"type":"LineString","coordinates":[[55.2647142,25.2048424],[55.2649326,25.20518],[55.2649918,25.2052716],[55.2650819,25.2054108],[55.2654617,25.2059972],[55.2656001,25.2062192],[55.2657218,25.2063926],[55.2657693,25.2064605],[55.2657898,25.2064878],[55.2658138,25.2065126],[55.2658409,25.2065347],[55.2658709,25.2065534],[55.2658951,25.2065688],[55.2659121,25.2065907],[55.2659202,25.2066165],[55.2659182,25.2066432],[55.2659066,25.2066678],[55.2658865,25.2066875],[55.2658603,25.2067],[55.265831,25.2067039],[55.265802,25.2066988],[55.2657765,25.2066851],[55.2657575,25.2066646]]}},{"type":"Feature","id":"osm-way-496774664","properties":{"highway":"residential","lanes":"2","lit":"yes","maxspeed":"40","name":"شارع السلام","name:ar":"شارع السلام","name:en":"Al Salam Street","oneway":"yes","sidewalk":"right","sidewalk:right:surface":"paving_stones","surface":"paving_stones","osm_type":"way","osm_id":496774664,"road_class":"residential","source_priority":"osm-general"},"geometry":{"type":"LineString","coordinates":[[55.2657575,25.2066646],[55.2656164,25.2064505],[55.2655292,25.2063191],[55.264944,25.2054379],[55.26488,25.2053415],[55.2645276,25.2048249],[55.2644913,25.2047884],[55.2644457,25.2047617],[55.2643941,25.2047465],[55.2643399,25.204744],[55.2642868,25.2047544],[55.2641773,25.2047991]]}},{"type":"Feature","id":"osm-way-496774665","properties":{"highway":"residential","lanes":"2","lit":"yes","maxspeed":"40","name":"شارع المدينة","name:ar":"شارع المدينة","name:en":"Al Madina Street","oneway":"yes","sidewalk":"right","surface":"paving_stones","osm_type":"way","osm_id":496774665,"road_class":"residential","source_priority":"osm-general"},"geometry":{"type":"LineString","coordinates":[[55.2641773,25.2047991],[55.2637209,25.2050516],[55.2636957,25.2050672],[55.2636509,25.2050951],[55.2636036,25.2051426],[55.2635661,25.2051832]]}},{"type":"Feature","id":"osm-way-496777517","properties":{"highway":"service","oneway":"yes","osm_type":"way","osm_id":496777517,"road_class":"service","source_priority":"osm-general"},"geometry":{"type":"LineString","coordinates":[[55.2744444,25.204928],[55.2743877,25.2049904],[55.2743489,25.2050413],[55.2743372,25.2050567],[55.274309,25.205097],[55.2742854,25.2051396],[55.2742659,25.2051837],[55.2741956,25.2054017],[55.27418,25.20545],[55.2741713,25.2054996],[55.2741697,25.2055499],[55.2741753,25.2055999],[55.274188,25.2056489],[55.2742336,25.2057492],[55.2742847,25.2058472],[55.2743411,25.2059429],[55.274492,25.2062195],[55.274512,25.2062414],[55.2745378,25.2062575],[55.2745675,25.2062667],[55.2745989,25.2062682],[55.2746141,25.2062646],[55.2746571,25.2062484],[55.2747884,25.2061897],[55.2748164,25.2061746],[55.2748404,25.2061546],[55.2748593,25.2061306],[55.2750131,25.2058774],[55.27502,25.2058554],[55.2750199,25.2058326],[55.2750129,25.2058106],[55.2749996,25.2057913],[55.2749808,25.205776]]}},{"type":"Feature","id":"osm-way-496946057","properties":{"highway":"residential","lanes":"2","maxspeed":"40","maxspeed:type":"sign","name":"شارع النور","name:ar":"شارع النور","name:en":"Al Noor Street","surface":"asphalt","osm_type":"way","osm_id":496946057,"road_class":"residential","source_priority":"osm-general"},"geometry":{"type":"LineString","coordinates":[[55.2623912,25.205512],[55.2621868,25.205189],[55.2621159,25.2050823],[55.2616693,25.2044246],[55.2615237,25.2042047],[55.2613701,25.2039825],[55.261315,25.2039038],[55.2612935,25.2038729]]}},{"type":"Feature","id":"osm-way-497017400","properties":{"highway":"residential","oneway":"yes","osm_type":"way","osm_id":497017400,"road_class":"residential","source_priority":"osm-general"},"geometry":{"type":"LineString","coordinates":[[55.2654262,25.1948058],[55.2653866,25.1948595],[55.2653532,25.1949165],[55.2653264,25.1949763]]}},{"type":"Feature","id":"osm-way-497017401","properties":{"highway":"residential","oneway":"yes","osm_type":"way","osm_id":497017401,"road_class":"residential","source_priority":"osm-general"},"geometry":{"type":"LineString","coordinates":[[55.2652342,25.1949005],[55.265299,25.1948716],[55.2653633,25.1948398],[55.2654262,25.1948058]]}},{"type":"Feature","id":"osm-way-497343384","properties":{"highway":"residential","lanes":"2","name":"15b شارع","name:ar":"15b شارع","name:en":"15b Street","source":"YWMS","surface":"asphalt","osm_type":"way","osm_id":497343384,"road_class":"residential","source_priority":"osm-general"},"geometry":{"type":"LineString","coordinates":[[55.2582826,25.201813],[55.2582706,25.2018552],[55.2582452,25.2018922],[55.2582087,25.2019207],[55.2575803,25.2022803],[55.2574291,25.2023668],[55.2565262,25.2028801],[55.2562423,25.2030472],[55.2557231,25.2033528],[55.2556966,25.2033646],[55.2556683,25.2033717],[55.2556389,25.2033739]]}},{"type":"Feature","id":"osm-way-497343386","properties":{"highway":"residential","lanes":"2","name":"21b شارع","name:ar":"21b شارع","name:en":"21b Street","source":"YWMS","surface":"asphalt","osm_type":"way","osm_id":497343386,"road_class":"residential","source_priority":"osm-general"},"geometry":{"type":"LineString","coordinates":[[55.2558108,25.2004564],[55.2557951,25.2004855],[55.2557732,25.2005105],[55.2557458,25.2005307],[55.2554172,25.2007222],[55.2547422,25.2011155]]}},{"type":"Feature","id":"osm-way-497343390","properties":{"highway":"residential","lanes":"2","lit":"yes","maxspeed":"40","name":"شارع الراية","name:ar":"شارع الراية","name:en":"Al Raya Street","oneway":"yes","sidewalk":"right","surface":"paving_stones","osm_type":"way","osm_id":497343390,"road_class":"residential","source_priority":"osm-general"},"geometry":{"type":"LineString","coordinates":[[55.2621048,25.2032188],[55.2619683,25.2032939],[55.2613733,25.2035945],[55.2613096,25.2036331],[55.2612512,25.203673]]}},{"type":"Feature","id":"osm-way-497343391","properties":{"highway":"residential","lanes":"2","name":"16a شارع","name:ar":"16a شارع","name:en":"16a Street","source":"YWMS","surface":"asphalt","osm_type":"way","osm_id":497343391,"road_class":"residential","source_priority":"osm-general"},"geometry":{"type":"LineString","coordinates":[[55.2556389,25.2033739],[55.2556068,25.2033668],[55.2555781,25.2033521],[55.255555,25.2033308],[55.2551933,25.2028158],[55.2547032,25.2021255]]}},{"type":"Feature","id":"osm-way-497343923","properties":{"highway":"residential","lanes":"3","lit":"yes","maxspeed":"40","name":"شارع الراية","name:ar":"شارع الراية","name:en":"Al Raya Street","oneway":"yes","sidewalk":"right","surface":"paving_stones","osm_type":"way","osm_id":497343923,"road_class":"residential","source_priority":"osm-general"},"geometry":{"type":"LineString","coordinates":[[55.2630291,25.2027037],[55.2629919,25.2027202],[55.2626534,25.2028832],[55.2625018,25.2029675],[55.2623941,25.2030364],[55.2623488,25.2030653],[55.2622164,25.2031505],[55.2621048,25.2032188]]}},{"type":"Feature","id":"osm-way-497344518","properties":{"highway":"residential","lanes":"2","lit":"yes","maxspeed":"40","name":"شارع السلام","name:ar":"شارع السلام","name:en":"Al Salam Street","oneway":"yes","sidewalk":"right","surface":"paving_stones","osm_type":"way","osm_id":497344518,"road_class":"residential","source_priority":"osm-general"},"geometry":{"type":"LineString","coordinates":[[55.26338,25.2025279],[55.2633583,25.2026097],[55.2633532,25.2026344],[55.2633543,25.2026595],[55.2633628,25.2026862],[55.2633796,25.2027218],[55.2634214,25.2027886],[55.2634614,25.2028545],[55.2634966,25.2029253],[55.2638975,25.2035905],[55.2640231,25.203783],[55.2645345,25.2045668],[55.2647142,25.2048424]]}},{"type":"Feature","id":"osm-way-497732381","properties":{"bicycle":"no","foot":"no","highway":"motorway","horse":"no","int_ref":"M5","lanes":"7","lit":"yes","maxspeed":"100","name":"شارع الشيخ زايد","name:ar":"شارع الشيخ زايد","name:en":"Sheikh Zayed Road (north)","name:fa":"خیابان شیخ زاید","name:ml":"ഷെയ്ഖ് സായിദ് റോഡ്","oneway":"yes","ref":"E11","source":"Bing","surface":"asphalt","osm_type":"way","osm_id":497732381,"road_class":"motorway","source_priority":"osm-general"},"geometry":{"type":"LineString","coordinates":[[55.2619954,25.1935026],[55.2642174,25.1959218]]}},{"type":"Feature","id":"osm-way-497732382","properties":{"bicycle":"no","foot":"no","highway":"motorway","horse":"no","int_ref":"M5","lanes":"5","lit":"yes","maxheight":"5.5","maxspeed":"100","name":"شارع الشيخ زايد","name:ar":"شارع الشيخ زايد","name:en":"Sheikh Zayed Road (north)","name:fa":"خیابان شیخ زاید","name:ml":"ഷെയ്ഖ് സായിദ് റോഡ്","oneway":"yes","ref":"E11","source":"Bing","surface":"asphalt","wikidata":"Q18066085","wikipedia":"ar:شارع الشيخ زايد","osm_type":"way","osm_id":497732382,"road_class":"motorway","source_priority":"osm-general"},"geometry":{"type":"LineString","coordinates":[[55.2663357,25.1983425],[55.2664334,25.1984649],[55.2666209,25.1987151],[55.2672616,25.1995704],[55.2678956,25.200438],[55.2685415,25.2013593],[55.2739285,25.20921],[55.2741322,25.2094914]]}},{"type":"Feature","id":"osm-way-499989217","properties":{"highway":"tertiary","lanes":"2","lit":"yes","oneway":"yes","surface":"asphalt","osm_type":"way","osm_id":499989217,"road_class":"tertiary","source_priority":"osm-general"},"geometry":{"type":"LineString","coordinates":[[55.2603313,25.1895635],[55.2602811,25.1895056],[55.2602075,25.1894311],[55.26013,25.1893599],[55.2600488,25.1892921],[55.2599642,25.1892279],[55.2598763,25.1891674],[55.2596002,25.1890027],[55.2595596,25.18898],[55.2590178,25.1887012],[55.2584104,25.1884116],[55.2583355,25.1883906]]}},{"type":"Feature","id":"osm-way-499989218","properties":{"foot":"no","highway":"secondary","lanes":"3","lit":"yes","maxspeed":"60","name":"شارع الخليج التجاري 1","name:ar":"شارع الخليج التجاري 1","name:en":"Al Khaleej Al Tejari 1 Street","note":"blocked due to construction since summer 2017","oneway":"yes","sidewalk":"no","surface":"asphalt","turn:lanes":"through|through|through","osm_type":"way","osm_id":499989218,"road_class":"secondary","source_priority":"osm-general"},"geometry":{"type":"LineString","coordinates":[[55.2615282,25.1888787],[55.2617556,25.1887049],[55.2618684,25.1886178]]}},{"type":"Feature","id":"osm-way-499989219","properties":{"foot":"no","highway":"secondary","lanes":"3","lit":"yes","maxspeed":"60","name":"شارع الخليج التجاري 1","name:ar":"شارع الخليج التجاري 1","name:en":"Al Khaleej Al Tejari 1 Street","note":"blocked due to construction since summer 2017","oneway":"yes","sidewalk":"no","surface":"asphalt","turn:lanes":"through|through|through","osm_type":"way","osm_id":499989219,"road_class":"secondary","source_priority":"osm-general"},"geometry":{"type":"LineString","coordinates":[[55.2620235,25.1887979],[55.2618422,25.1889366],[55.2616878,25.1890543]]}},{"type":"Feature","id":"osm-way-499989220","properties":{"foot":"no","highway":"tertiary","lanes":"2","lit":"yes","maxspeed":"60","name":"شارع المستقبل","name:ar":"شارع المستقبل","name:en":"Al Mustaqbal Street","oneway":"yes","ref":"D86","sidewalk":"no","surface":"asphalt","osm_type":"way","osm_id":499989220,"road_class":"tertiary","source_priority":"osm-general"},"geometry":{"type":"LineString","coordinates":[[55.2620235,25.1887979],[55.2620966,25.188882]]}},{"type":"Feature","id":"osm-way-499989221","properties":{"foot":"no","highway":"tertiary","lanes":"2","lit":"yes","maxspeed":"60","name":"شارع المستقبل","name:ar":"شارع المستقبل","name:en":"Al Mustaqbal Street","oneway":"yes","ref":"D86","sidewalk":"no","surface":"asphalt","turn:lanes":"through|through","osm_type":"way","osm_id":499989221,"road_class":"tertiary","source_priority":"osm-general"},"geometry":{"type":"LineString","coordinates":[[55.2618684,25.1886178],[55.2619549,25.1887183],[55.2620235,25.1887979]]}},{"type":"Feature","id":"osm-way-499989222","properties":{"foot":"no","highway":"tertiary","lanes":"3","lit":"yes","maxspeed":"60","name":"شارع المستقبل","name:ar":"شارع المستقبل","name:en":"Al Mustaqbal Street","oneway":"yes","ref":"D86","sidewalk":"no","surface":"asphalt","turn:lanes":"through|through|through","osm_type":"way","osm_id":499989222,"road_class":"tertiary","source_priority":"osm-general"},"geometry":{"type":"LineString","coordinates":[[55.2616878,25.1890543],[55.2616047,25.1889629],[55.2615282,25.1888787]]}},{"type":"Feature","id":"osm-way-499989223","properties":{"foot":"no","highway":"secondary","lanes":"4","lit":"yes","maxspeed":"60","name":"شارع الخليج التجاري 1","name:ar":"شارع الخليج التجاري 1","name:en":"Al Khaleej Al Tejari 1 Street","oneway":"yes","sidewalk":"no","surface":"asphalt","turn:lanes":"left|left;through|through|through","osm_type":"way","osm_id":499989223,"road_class":"secondary","source_priority":"osm-general"},"geometry":{"type":"LineString","coordinates":[[55.2637319,25.1872082],[55.2638649,25.1871049]]}},{"type":"Feature","id":"osm-way-499989224","properties":{"foot":"no","highway":"tertiary","lanes":"3","lit":"yes","maxspeed":"60","name":"شارع الأعمال","name:ar":"شارع الأعمال","name:en":"Al A'amal Street","oneway":"yes","sidewalk":"no","surface":"asphalt","turn:lanes":"left|left|through|through","osm_type":"way","osm_id":499989224,"road_class":"tertiary","source_priority":"osm-general"},"geometry":{"type":"LineString","coordinates":[[55.2638649,25.1871049],[55.264011,25.1872508]]}},{"type":"Feature","id":"osm-way-499989225","properties":{"foot":"no","highway":"secondary","lanes":"4","lit":"yes","maxspeed":"60","name":"شارع الخليج التجاري 1","name:ar":"شارع الخليج التجاري 1","name:en":"Al Khaleej Al Tejari 1 Street","oneway":"yes","sidewalk":"no","surface":"asphalt","turn:lanes":"left|through|through|through","osm_type":"way","osm_id":499989225,"road_class":"secondary","source_priority":"osm-general"},"geometry":{"type":"LineString","coordinates":[[55.264011,25.1872508],[55.2638697,25.1873582]]}},{"type":"Feature","id":"osm-way-499989226","properties":{"foot":"no","highway":"tertiary","lanes":"4","lit":"yes","maxspeed":"60","name":"شارع الأعمال","name:ar":"شارع الأعمال","name:en":"Al A'amal Street","oneway":"yes","sidewalk":"no","surface":"asphalt","turn:lanes":"left|left;through|through|through","osm_type":"way","osm_id":499989226,"road_class":"tertiary","source_priority":"osm-general"},"geometry":{"type":"LineString","coordinates":[[55.2638697,25.1873582],[55.2637319,25.1872082]]}},{"type":"Feature","id":"osm-way-499992112","properties":{"foot":"no","highway":"tertiary","lanes":"3","lit":"yes","maxspeed":"60","name":"شارع الأعمال","name:ar":"شارع الأعمال","name:en":"Al A'amal Street","oneway":"yes","sidewalk":"no","surface":"asphalt","turn:lanes":"left|left|left","osm_type":"way","osm_id":499992112,"road_class":"tertiary","source_priority":"osm-general"},"geometry":{"type":"LineString","coordinates":[[55.269251,25.1905819],[55.2693223,25.190649],[55.2694066,25.1907233]]}},{"type":"Feature","id":"osm-way-499992113","properties":{"highway":"tertiary","lanes":"3","lit":"yes","maxspeed":"60","name":"شارع برج خليفة","name:ar":"شارع برج خليفة","name:en":"Burj Khalifa Street","oneway":"yes","sidewalk":"no","surface":"asphalt","turn:lanes":"through|through|through","osm_type":"way","osm_id":499992113,"road_class":"tertiary","source_priority":"osm-general"},"geometry":{"type":"LineString","coordinates":[[55.2691764,25.1906607],[55.269251,25.1905819]]}},{"type":"Feature","id":"osm-way-499992114","properties":{"highway":"tertiary","lanes":"2","lit":"yes","maxspeed":"60","name":"شارع الأعمال","name:ar":"شارع الأعمال","name:en":"Al A'amal Street","oneway":"yes","sidewalk":"no","surface":"asphalt","osm_type":"way","osm_id":499992114,"road_class":"tertiary","source_priority":"osm-general"},"geometry":{"type":"LineString","coordinates":[[55.2691764,25.1906607],[55.2691053,25.1905987],[55.2689599,25.1904806],[55.2688499,25.1903984]]}},{"type":"Feature","id":"osm-way-500229248","properties":{"bicycle":"no","foot":"no","highway":"primary","horse":"no","lanes":"4","lit":"yes","maxheight":"5.5","maxspeed":"40","motor_vehicle":"designated","name":"شارع الشيخ محمد بن راشد","name:ar":"شارع الشيخ محمد بن راشد","name:de":"Sheikh Mohammed bin Rashid Boulevard","name:en":"Sheikh Mohammed bin Rashid Boulevard","name:he":"שייך שייח 'מוחמד בן ראשיד","name:ml":"ഷെയ്ഖ് മുഹമ്മദ് ബിൻ റാഷിദ് ബൊളിവാർഡ്","oneway":"yes","sidewalk":"right","surface":"asphalt","turn:lanes":"left;through|through|through|through;right","osm_type":"way","osm_id":500229248,"road_class":"primary","source_priority":"osm-general"},"geometry":{"type":"LineString","coordinates":[[55.2801109,25.193616],[55.2800082,25.1935558],[55.2798641,25.1934777],[55.279653,25.1933653],[55.2794345,25.193254],[55.2792095,25.1931551],[55.2789881,25.1930588],[55.2788262,25.1929771],[55.2786687,25.1928879],[55.2785158,25.1927923],[55.2783694,25.1926887],[55.2782854,25.1926266],[55.2782054,25.1925604],[55.2781298,25.19249],[55.2780589,25.1924159],[55.27788,25.1922369],[55.2777008,25.1920637],[55.2775488,25.191928],[55.2773908,25.1918041],[55.2773202,25.1917471],[55.2771357,25.1916217],[55.2769939,25.1915322],[55.2768469,25.1914459],[55.276695,25.1913667],[55.2765388,25.1912894],[55.2764731,25.1912575],[55.2762456,25.1911662],[55.2760886,25.1911052],[55.2759288,25.1910503],[55.2757667,25.1910016],[55.2756024,25.1909592],[55.2754754,25.1909311],[55.2753475,25.1909068],[55.2752189,25.1908862],[55.2749991,25.1908593],[55.2747877,25.1908417],[55.2745508,25.1908326],[55.2742824,25.1908358],[55.2740992,25.1908456],[55.2739865,25.1908554],[55.2737533,25.1908833],[55.2734896,25.1909264],[55.2732671,25.1909758],[55.2730469,25.1910332],[55.2728296,25.1910988],[55.2726158,25.1911732],[55.2725219,25.1912111],[55.2724627,25.1912363],[55.2723076,25.1913067],[55.2721556,25.1913823],[55.2720068,25.1914631],[55.2718616,25.191549],[55.27172,25.1916397],[55.2714479,25.1918209],[55.2713438,25.1919048]]}},{"type":"Feature","id":"osm-way-500229249","properties":{"highway":"residential","lit":"yes","oneway":"yes","surface":"asphalt","osm_type":"way","osm_id":500229249,"road_class":"residential","source_priority":"osm-general"},"geometry":{"type":"LineString","coordinates":[[55.2741055,25.1913637],[55.2740846,25.1913187],[55.2740675,25.1912723],[55.2740544,25.1912249],[55.2740454,25.1911767],[55.2740205,25.1909945],[55.2740041,25.1909189],[55.2739865,25.1908554]]}},{"type":"Feature","id":"osm-way-501060710","properties":{"alt_name:en":"58a Street","highway":"secondary","lanes":"2","lit":"yes","maxspeed":"60","name":"شارع البدع","name:ar":"شارع البدع","name:en":"Al Badaa' Street","old_name":"308 Road","oneway":"yes","sidewalk":"right","surface":"asphalt","osm_type":"way","osm_id":501060710,"road_class":"secondary","source_priority":"osm-general"},"geometry":{"type":"LineString","coordinates":[[55.266821,25.2025554],[55.2665466,25.2021581],[55.2664441,25.2019998],[55.2661466,25.2015258],[55.2659671,25.2012787],[55.2658824,25.2011621],[55.2658016,25.2010508],[55.2657594,25.2009928],[55.2656681,25.2008671],[55.2655321,25.200686],[55.2653375,25.2004268],[55.2651347,25.2001567],[55.2649602,25.1999243],[55.2648792,25.1998164],[55.2647514,25.1996504],[55.2646284,25.1995062],[55.2646015,25.1994746],[55.2644933,25.1993477]]}},{"type":"Feature","id":"osm-way-501718884","properties":{"highway":"tertiary","lanes":"2","name":"شارع الانجاز","name:ar":"شارع الانجاز","name:en":"Al Enjaaz Street","old_name":"13 Street","oneway":"yes","surface":"asphalt","osm_type":"way","osm_id":501718884,"road_class":"tertiary","source_priority":"osm-general"},"geometry":{"type":"LineString","coordinates":[[55.2641813,25.1995779],[55.2638552,25.1997696],[55.263575,25.1999342],[55.2633391,25.2000715],[55.2632249,25.2001379],[55.2629929,25.2002829],[55.2628183,25.200392],[55.2625846,25.2005204],[55.2622939,25.2006804],[55.2620285,25.2008308]]}},{"type":"Feature","id":"osm-way-501718885","properties":{"highway":"residential","lanes":"1","name":"17c شارع","name:ar":"17c شارع","name:en":"17c Street","oneway":"yes","surface":"asphalt","osm_type":"way","osm_id":501718885,"road_class":"residential","source_priority":"osm-general"},"geometry":{"type":"LineString","coordinates":[[55.2632909,25.1979749],[55.2632109,25.1979705],[55.2631687,25.1979697],[55.2631272,25.1979761],[55.2630876,25.1979893],[55.2630175,25.1980265]]}},{"type":"Feature","id":"osm-way-501730305","properties":{"highway":"tertiary","lanes":"2","maxspeed":"60","name":"شارع الانجاز","name:ar":"شارع الانجاز","name:en":"Al Enjaaz Street","old_name":"13 Street","oneway":"yes","surface":"asphalt","osm_type":"way","osm_id":501730305,"road_class":"tertiary","source_priority":"osm-general"},"geometry":{"type":"LineString","coordinates":[[55.2554095,25.2044674],[55.2554673,25.2044498],[55.2555242,25.2044305],[55.2555804,25.2044093],[55.2556356,25.2043862],[55.2558194,25.2042947],[55.2563877,25.2039801],[55.2567702,25.203752],[55.2568061,25.2037306],[55.2568697,25.2036947],[55.256985,25.2036198],[55.2580818,25.2029806],[55.2588783,25.202481],[55.2596216,25.2020501],[55.2598718,25.201906]]}},{"type":"Feature","id":"osm-way-501730307","properties":{"highway":"service","service":"alley","osm_type":"way","osm_id":501730307,"road_class":"service","source_priority":"osm-general"},"geometry":{"type":"LineString","coordinates":[[55.2580818,25.2029806],[55.2575803,25.2022803]]}},{"type":"Feature","id":"osm-way-501730308","properties":{"highway":"residential","lanes":"1","name":"شارع الانجاز","name:ar":"شارع الانجاز","name:en":"Al Enjaaz Street","oneway":"yes","surface":"asphalt","osm_type":"way","osm_id":501730308,"road_class":"residential","source_priority":"osm-general"},"geometry":{"type":"LineString","coordinates":[[55.2602657,25.2017064],[55.2603075,25.2016391],[55.2603338,25.2016063],[55.2603647,25.2015771],[55.2604005,25.2015526],[55.2607687,25.2013548],[55.2610004,25.2012304],[55.2616378,25.2008672],[55.2616706,25.2008528],[55.2617049,25.200842],[55.2617404,25.2008349],[55.2618199,25.2008231]]}},{"type":"Feature","id":"osm-way-501730309","properties":{"highway":"tertiary_link","lanes":"1","oneway":"yes","surface":"asphalt","osm_type":"way","osm_id":501730309,"road_class":"tertiary","source_priority":"osm-general"},"geometry":{"type":"LineString","coordinates":[[55.260942,25.201646],[55.2609025,25.2016324],[55.2608614,25.2016242],[55.2607999,25.2016209],[55.2607389,25.2016288],[55.2606501,25.2016439],[55.2605647,25.2016565]]}},{"type":"Feature","id":"osm-way-501730310","properties":{"highway":"residential","lanes":"3","name":"شارع السعادة","name:ar":"شارع السعادة","name:en":"Happiness Street","oneway":"yes","surface":"asphalt","osm_type":"way","osm_id":501730310,"road_class":"residential","source_priority":"osm-general"},"geometry":{"type":"LineString","coordinates":[[55.2609354,25.2014523],[55.2608875,25.201375]]}},{"type":"Feature","id":"osm-way-501730311","properties":{"highway":"tertiary","lanes":"2","name":"شارع الانجاز","name:ar":"شارع الانجاز","name:en":"Al Enjaaz Street","old_name":"13 Street","oneway":"yes","surface":"asphalt","osm_type":"way","osm_id":501730311,"road_class":"tertiary","source_priority":"osm-general"},"geometry":{"type":"LineString","coordinates":[[55.2609354,25.2014523],[55.2608582,25.2014945],[55.2605647,25.2016565],[55.2602349,25.2018317],[55.2600973,25.2019126],[55.2599879,25.201977]]}},{"type":"Feature","id":"osm-way-501730312","properties":{"bicycle":"yes","foot":"yes","highway":"tertiary_link","lanes":"1","oneway":"yes","sidewalk":"right","surface":"asphalt","osm_type":"way","osm_id":501730312,"road_class":"tertiary","source_priority":"osm-general"},"geometry":{"type":"LineString","coordinates":[[55.2614442,25.2011861],[55.261334,25.2013033],[55.2612909,25.2013553],[55.2612602,25.201414],[55.2612431,25.2014771],[55.2612403,25.2015421],[55.2612518,25.2016062],[55.2612863,25.2017249]]}},{"type":"Feature","id":"osm-way-501730313","properties":{"highway":"tertiary","lanes":"2","name":"شارع الانجاز","name:ar":"شارع الانجاز","name:en":"Al Enjaaz Street","old_name":"13 Street","oneway":"yes","surface":"asphalt","osm_type":"way","osm_id":501730313,"road_class":"tertiary","source_priority":"osm-general"},"geometry":{"type":"LineString","coordinates":[[55.261045,25.2013955],[55.2609354,25.2014523]]}},{"type":"Feature","id":"osm-way-501730314","properties":{"highway":"residential","lanes":"3","lit":"yes","maxspeed":"40","name":"شارع السعادة","name:ar":"شارع السعادة","name:en":"Happiness Street","oneway":"yes","sidewalk":"right","surface":"paving_stones","osm_type":"way","osm_id":501730314,"road_class":"residential","source_priority":"osm-general"},"geometry":{"type":"LineString","coordinates":[[55.2634012,25.204943],[55.2634896,25.2050768],[55.2635661,25.2051832],[55.263649,25.2052994]]}},{"type":"Feature","id":"osm-way-501731980","properties":{"highway":"residential","lanes":"1","name":"40a شارع","name:ar":"40a شارع","name:en":"40a Street","oneway":"yes","surface":"asphalt","osm_type":"way","osm_id":501731980,"road_class":"residential","source_priority":"osm-general"},"geometry":{"type":"LineString","coordinates":[[55.2596216,25.2020501],[55.2596721,25.2019662],[55.2596881,25.2019269],[55.2596986,25.201886],[55.2597035,25.2018408],[55.2597017,25.2017954],[55.2596931,25.2017506],[55.2596376,25.2016343]]}},{"type":"Feature","id":"osm-way-501731981","properties":{"highway":"tertiary","lanes":"3","name":"شارع الانجاز","name:ar":"شارع الانجاز","name:en":"Al Enjaaz Street","old_name":"13 Street","oneway":"yes","surface":"asphalt","osm_type":"way","osm_id":501731981,"road_class":"tertiary","source_priority":"osm-general"},"geometry":{"type":"LineString","coordinates":[[55.2602657,25.2017064],[55.2607713,25.2014369],[55.2608089,25.2014169],[55.2608875,25.201375],[55.2609907,25.2013138],[55.2618199,25.2008231]]}},{"type":"Feature","id":"osm-way-501731982","properties":{"highway":"tertiary","lanes":"2","name":"شارع الانجاز","name:ar":"شارع الانجاز","name:en":"Al Enjaaz Street","old_name":"13 Street","oneway":"yes","surface":"asphalt","osm_type":"way","osm_id":501731982,"road_class":"tertiary","source_priority":"osm-general"},"geometry":{"type":"LineString","coordinates":[[55.2618199,25.2008231],[55.2618517,25.2008036],[55.2623718,25.2004945],[55.2625939,25.2003619],[55.2630812,25.2000742],[55.2634222,25.1998728],[55.2637809,25.1996907],[55.2638197,25.1996677],[55.2642454,25.199441],[55.2642972,25.1994011],[55.2643334,25.1993489],[55.2643506,25.1992893],[55.2643472,25.1992277],[55.2643225,25.1991405]]}},{"type":"Feature","id":"osm-way-501745979","properties":{"destination":"Al Wasl","destination:lang:ar":"الوصل","destination:lang:en":"Al Wasl","highway":"secondary_link","lanes":"1","lit":"yes","maxspeed":"60","oneway":"yes","sidewalk":"right","surface":"asphalt","osm_type":"way","osm_id":501745979,"road_class":"secondary","source_priority":"osm-general"},"geometry":{"type":"LineString","coordinates":[[55.2686276,25.2054072],[55.2684174,25.2050572],[55.2681963,25.2047195],[55.268057,25.2045124],[55.2673401,25.2034661],[55.2672604,25.2033458],[55.2672089,25.2032687],[55.2670804,25.2030639],[55.2670294,25.202984],[55.2668691,25.2027248],[55.266846,25.2026701],[55.2668299,25.2026134],[55.266821,25.2025554]]}},{"type":"Feature","id":"osm-way-501745981","properties":{"access":"permissive","highway":"service","lanes":"1","name":"شارع 5","name:ar":"شارع 5","name:en":"Street 5","oneway":"yes","surface":"asphalt","osm_type":"way","osm_id":501745981,"road_class":"service","source_priority":"osm-general"},"geometry":{"type":"LineString","coordinates":[[55.2669761,25.2032439],[55.2670224,25.203207],[55.2670409,25.2031837],[55.2670625,25.2031464],[55.2670759,25.2031059],[55.2670804,25.2030639]]}},{"type":"Feature","id":"osm-way-501745982","properties":{"highway":"residential","lanes":"1","name":"شارع 23","name:ar":"شارع 23","name:en":"23rd Street","oneway":"yes","surface":"asphalt","osm_type":"way","osm_id":501745982,"road_class":"residential","source_priority":"osm-general"},"geometry":{"type":"LineString","coordinates":[[55.2613641,25.1959144],[55.2612907,25.195898],[55.2612573,25.195894],[55.2612237,25.1958955],[55.261191,25.1959026],[55.2611602,25.195915],[55.2610518,25.1959798]]}},{"type":"Feature","id":"osm-way-501762767","properties":{"destination":"South","destination:lang:ar":"جنوب","destination:lang:en":"South","destination:ref":"E11","highway":"motorway_link","lanes":"2","lit":"yes","oneway":"yes","surface":"asphalt","osm_type":"way","osm_id":501762767,"road_class":"motorway","source_priority":"osm-general"},"geometry":{"type":"LineString","coordinates":[[55.2587591,25.1909667],[55.258795,25.1908545],[55.2588022,25.1908055],[55.2588,25.190756],[55.2587883,25.1907076],[55.2587676,25.1906617],[55.2587384,25.1906198],[55.2583915,25.1902361],[55.258227,25.1900759],[55.2576822,25.1894509],[55.2576525,25.1894032],[55.2576278,25.1893533],[55.2576082,25.1893016],[55.2575695,25.1891457]]}},{"type":"Feature","id":"osm-way-501775751","properties":{"highway":"residential","lanes":"2","lit":"yes","maxspeed":"40","name":"شارع الراية","name:ar":"شارع الراية","name:en":"Al Raya Street","oneway":"yes","sidewalk":"right","surface":"paving_stones","osm_type":"way","osm_id":501775751,"road_class":"residential","source_priority":"osm-general"},"geometry":{"type":"LineString","coordinates":[[55.2658824,25.2011621],[55.2658104,25.2012023],[55.2656964,25.2012632],[55.2651741,25.2015545],[55.265021,25.2016386],[55.2649793,25.2016615],[55.2649224,25.2016953],[55.264867,25.2017256],[55.2641076,25.2021416],[55.2639532,25.2022235],[55.26338,25.2025279],[55.2630291,25.2027037]]}},{"type":"Feature","id":"osm-way-501775753","properties":{"highway":"residential","lanes":"2","lit":"yes","maxspeed":"40","name":"شارع الراية","name:ar":"شارع الراية","name:en":"Al Raya Street","oneway":"yes","sidewalk":"right","surface":"paving_stones","osm_type":"way","osm_id":501775753,"road_class":"residential","source_priority":"osm-general"},"geometry":{"type":"LineString","coordinates":[[55.2611739,25.2035555],[55.2612251,25.2035299],[55.2612994,25.2034956],[55.2618586,25.2032174],[55.2618969,25.2031969],[55.2620358,25.2031226],[55.2621455,25.2030555],[55.2622853,25.202979],[55.262931,25.2026234],[55.2629597,25.2026065],[55.263163,25.2024937],[55.2647062,25.201671],[55.264735,25.2016556],[55.2650004,25.201512],[55.2655817,25.2011745],[55.2657263,25.2010931],[55.2658016,25.2010508],[55.2659051,25.2009918]]}},{"type":"Feature","id":"osm-way-501775754","properties":{"foot":"no","highway":"secondary_link","lanes":"2","lit":"yes","maxspeed":"40","oneway":"yes","sidewalk":"right","surface":"asphalt","osm_type":"way","osm_id":501775754,"road_class":"secondary","source_priority":"osm-general"},"geometry":{"type":"LineString","coordinates":[[55.2655817,25.2011745],[55.2656386,25.2011046],[55.2656595,25.2010667],[55.265673,25.2010224],[55.2656788,25.2009839],[55.2656765,25.2009415],[55.2656681,25.2008671]]}},{"type":"Feature","id":"osm-way-501775755","properties":{"highway":"service","oneway":"yes","service":"parking_aisle","surface":"asphalt","osm_type":"way","osm_id":501775755,"road_class":"service","source_priority":"osm-general"},"geometry":{"type":"LineString","coordinates":[[55.2624657,25.1994507],[55.2627024,25.1997805],[55.2627111,25.1997913],[55.2627239,25.1997984],[55.2627387,25.1997999],[55.2627528,25.1997953],[55.2628454,25.199742],[55.2628531,25.1997329],[55.2628569,25.199722],[55.2628563,25.1997105],[55.2628513,25.1997],[55.262606,25.1993437]]}},{"type":"Feature","id":"osm-way-501779148","properties":{"highway":"service","oneway":"yes","service":"parking_aisle","surface":"asphalt","osm_type":"way","osm_id":501779148,"road_class":"service","source_priority":"osm-general"},"geometry":{"type":"LineString","coordinates":[[55.2606698,25.1978428],[55.2606141,25.1978859],[55.2605934,25.1979008],[55.2605686,25.1979092],[55.2605421,25.1979102],[55.2605166,25.1979038],[55.2604946,25.1978905],[55.2603507,25.1977371],[55.2603408,25.1977213],[55.2603358,25.1977037],[55.2603361,25.1976845],[55.2603422,25.1976662],[55.2603536,25.1976501],[55.2603695,25.1976374],[55.2603932,25.1976278],[55.2604191,25.197626],[55.2604456,25.1976287],[55.2604674,25.1976367],[55.2604885,25.1976521],[55.2606698,25.1978428]]}},{"type":"Feature","id":"osm-way-501779149","properties":{"highway":"service","oneway":"yes","osm_type":"way","osm_id":501779149,"road_class":"service","source_priority":"osm-general"},"geometry":{"type":"LineString","coordinates":[[55.2603358,25.1977037],[55.2603145,25.1976756],[55.2602869,25.1976512],[55.2602555,25.1976308],[55.2602211,25.197615]]}},{"type":"Feature","id":"osm-way-501821806","properties":{"highway":"tertiary","note":"please don't delete again, this street exists since January 2017. Check Mapbox Satelite instead of Bing.","surface":"asphalt","osm_type":"way","osm_id":501821806,"road_class":"tertiary","source_priority":"osm-general"},"geometry":{"type":"LineString","coordinates":[[55.2561537,25.1882827],[55.2557477,25.1878368],[55.2557039,25.1877951],[55.2553075,25.1873659]]}},{"type":"Feature","id":"osm-way-502122691","properties":{"highway":"service","surface":"asphalt","osm_type":"way","osm_id":502122691,"road_class":"service","source_priority":"osm-general"},"geometry":{"type":"LineString","coordinates":[[55.2544462,25.1937609],[55.2551078,25.1933877],[55.2551406,25.1933793],[55.2551745,25.1933832],[55.255204,25.1933988],[55.2552243,25.1934236],[55.2552324,25.1934536],[55.2552267,25.1934841],[55.2552084,25.1935101],[55.2551802,25.1935275],[55.2549066,25.1936945],[55.2548177,25.1937479],[55.2536265,25.1944391]]}},{"type":"Feature","id":"osm-way-502122694","properties":{"highway":"service","oneway":"yes","surface":"asphalt","osm_type":"way","osm_id":502122694,"road_class":"service","source_priority":"osm-general"},"geometry":{"type":"LineString","coordinates":[[55.2549066,25.1936945],[55.2549083,25.1937302],[55.2549169,25.1937622],[55.2549337,25.1937915],[55.2549577,25.1938163],[55.2549876,25.1938353],[55.2550216,25.1938472],[55.2550823,25.1938588]]}},{"type":"Feature","id":"osm-way-516052582","properties":{"highway":"service","lit":"yes","oneway":"yes","surface":"asphalt","osm_type":"way","osm_id":516052582,"road_class":"service","source_priority":"osm-general"},"geometry":{"type":"LineString","coordinates":[[55.2729803,25.2004699],[55.2731812,25.2003955]]}},{"type":"Feature","id":"osm-way-516070196","properties":{"destination":"Sheikh Zayed Road;Abu Dhabi","destination:lang:ar":"شارع الشيخ زايد;أبو ظبي","destination:lang:en":"Sheikh Zayed Road;Abu Dhabi","destination:ref":"E11 (South)","highway":"motorway_link","lanes":"1","lit":"yes","oneway":"yes","sidewalk":"no","source":"Bing","surface":"asphalt","osm_type":"way","osm_id":516070196,"road_class":"motorway","source_priority":"osm-general"},"geometry":{"type":"LineString","coordinates":[[55.2699189,25.204778],[55.269929,25.2047225],[55.269929,25.2046662],[55.2699189,25.2046106],[55.2698989,25.2045573],[55.2698068,25.2044042],[55.2697908,25.2043726],[55.2697772,25.2043401],[55.269766,25.2043069],[55.2697298,25.204208]]}},{"type":"Feature","id":"osm-way-543446096","properties":{"highway":"service","oneway":"yes","osm_type":"way","osm_id":543446096,"road_class":"service","source_priority":"osm-general"},"geometry":{"type":"LineString","coordinates":[[55.2618367,25.1883728],[55.2618696,25.1883478],[55.262341,25.1879926],[55.2630699,25.1874446],[55.2631039,25.1873971],[55.2631252,25.1873451],[55.2631337,25.1872815],[55.2631351,25.1872531],[55.2631373,25.1872018],[55.2631515,25.1868553],[55.2631474,25.1868149],[55.2631402,25.1867428],[55.2631075,25.1866594],[55.2628575,25.1862884]]}},{"type":"Feature","id":"osm-way-543446098","properties":{"highway":"service","motor_vehicle":"private","oneway":"yes","osm_type":"way","osm_id":543446098,"road_class":"service","source_priority":"osm-general"},"geometry":{"type":"LineString","coordinates":[[55.261383,25.1879736],[55.2614207,25.1879824],[55.2614564,25.1879964],[55.2614894,25.1880151],[55.2615188,25.1880381],[55.2617146,25.1882327],[55.2617286,25.1882435],[55.2617482,25.1882498],[55.2617698,25.1882488],[55.26179,25.1882395],[55.2618465,25.188196],[55.2621718,25.1879453],[55.2621945,25.1879292],[55.262222,25.1879217],[55.2622507,25.1879238],[55.2622765,25.1879351],[55.262341,25.1879926]]}},{"type":"Feature","id":"osm-way-550111165","properties":{"highway":"service","service":"alley","osm_type":"way","osm_id":550111165,"road_class":"service","source_priority":"osm-general"},"geometry":{"type":"LineString","coordinates":[[55.2612346,25.200026],[55.2618513,25.1996367],[55.2618849,25.1996153]]}},{"type":"Feature","id":"osm-way-550111168","properties":{"highway":"service","service":"alley","osm_type":"way","osm_id":550111168,"road_class":"service","source_priority":"osm-general"},"geometry":{"type":"LineString","coordinates":[[55.2605824,25.2006289],[55.2610004,25.2012304]]}},{"type":"Feature","id":"osm-way-597237523","properties":{"foot":"no","highway":"secondary","lanes":"2","lit":"yes","name":"شارع المستقبل","name:ar":"شارع المستقبل","name:en":"Al Mustaqbal Street","oneway":"yes","osm_type":"way","osm_id":597237523,"road_class":"secondary","source_priority":"osm-general"},"geometry":{"type":"LineString","coordinates":[[55.2621045,25.1890989],[55.262629,25.1896404],[55.2646624,25.1918343],[55.264942,25.1921086],[55.2653158,25.1924964],[55.2663175,25.1935928]]}},{"type":"Feature","id":"osm-way-597237524","properties":{"foot":"no","highway":"secondary","lanes":"2","layer":"-1","lit":"yes","name":"شارع المستقبل","name:ar":"شارع المستقبل","name:en":"Al Mustaqbal Street","oneway":"yes","tunnel":true,"osm_type":"way","osm_id":597237524,"road_class":"secondary","source_priority":"osm-general","render_policy":"hidden-below-ground"},"geometry":{"type":"LineString","coordinates":[[55.2615399,25.1885347],[55.2621045,25.1890989]]}},{"type":"Feature","id":"osm-way-597237525","properties":{"foot":"no","highway":"secondary","lanes":"2","lit":"yes","name":"شارع المستقبل","name:ar":"شارع المستقبل","name:en":"Al Mustaqbal Street","oneway":"yes","surface":"asphalt","osm_type":"way","osm_id":597237525,"road_class":"secondary","source_priority":"osm-general"},"geometry":{"type":"LineString","coordinates":[[55.258366,25.1850288],[55.2595686,25.1863072],[55.2609446,25.1878813],[55.2615399,25.1885347]]}},{"type":"Feature","id":"osm-way-597237526","properties":{"highway":"secondary_link","lanes":"2","lit":"yes","oneway":"yes","surface":"asphalt","osm_type":"way","osm_id":597237526,"road_class":"secondary","source_priority":"osm-general"},"geometry":{"type":"LineString","coordinates":[[55.2595686,25.1863072],[55.2605301,25.1872028]]}},{"type":"Feature","id":"osm-way-597237527","properties":{"bridge":true,"foot":"no","highway":"secondary","lanes":"3","layer":1,"lit":"yes","name":"شارع المستقبل","name:ar":"شارع المستقبل","name:en":"Al Mustaqbal Street","oneway":"yes","surface":"asphalt","osm_type":"way","osm_id":597237527,"road_class":"secondary","source_priority":"osm-general","elevation_m":7,"elevation_source":"configurable-estimate"},"geometry":{"type":"LineString","coordinates":[[55.2587238,25.1823848],[55.2586041,25.1824737],[55.2584805,25.1825758],[55.2583638,25.1826843],[55.2582762,25.1827897],[55.2581969,25.1829004],[55.2581266,25.1830159],[55.2580656,25.1831357],[55.2580143,25.1832592],[55.2579729,25.1833856],[55.2579416,25.1835144],[55.2579206,25.183645],[55.2579101,25.1837765],[55.25791,25.1839084],[55.2579203,25.1840399],[55.2579411,25.1841705],[55.2579722,25.1842994],[55.2580134,25.1844259],[55.2580645,25.1845494],[55.2581253,25.1846692],[55.2582004,25.1847924],[55.2582858,25.18491],[55.258366,25.1850288]]}},{"type":"Feature","id":"osm-way-597239283","properties":{"foot":"no","highway":"secondary","lanes":"3","name":"شارع المستقبل","name:ar":"شارع المستقبل","name:en":"Al Mustaqbal Street","oneway":"yes","osm_type":"way","osm_id":597239283,"road_class":"secondary","source_priority":"osm-general"},"geometry":{"type":"LineString","coordinates":[[55.2678447,25.1952822],[55.2681494,25.1956721],[55.2682982,25.1958693],[55.2684446,25.196068],[55.2685885,25.1962681],[55.26873,25.1964697],[55.268869,25.1966726],[55.269245,25.1972346]]}},{"type":"Feature","id":"osm-way-597239284","properties":{"bridge":true,"foot":"no","highway":"secondary","lanes":"3","layer":1,"name":"شارع المستقبل","name:ar":"شارع المستقبل","name:en":"Al Mustaqbal Street","oneway":"yes","surface":"asphalt","osm_type":"way","osm_id":597239284,"road_class":"secondary","source_priority":"osm-general","elevation_m":7,"elevation_source":"configurable-estimate"},"geometry":{"type":"LineString","coordinates":[[55.2663175,25.1935928],[55.2678447,25.1952822]]}},{"type":"Feature","id":"osm-way-597250895","properties":{"foot":"no","highway":"secondary","lanes":"3","name":"شارع المستقبل","name:ar":"شارع المستقبل","name:en":"Al Mustaqbal Street","oneway":"yes","osm_type":"way","osm_id":597250895,"road_class":"secondary","source_priority":"osm-general"},"geometry":{"type":"LineString","coordinates":[[55.2691269,25.1973021],[55.2686191,25.1965385],[55.2684789,25.1963376],[55.2683363,25.196138],[55.2681913,25.1959399],[55.268044,25.1957432],[55.2677424,25.1953541]]}},{"type":"Feature","id":"osm-way-597250905","properties":{"bridge":true,"foot":"no","highway":"secondary","lanes":"3","layer":1,"lit":"yes","name":"شارع المستقبل","name:ar":"شارع المستقبل","name:en":"Al Mustaqbal Street","oneway":"yes","surface":"asphalt","osm_type":"way","osm_id":597250905,"road_class":"secondary","source_priority":"osm-general","elevation_m":7,"elevation_source":"configurable-estimate"},"geometry":{"type":"LineString","coordinates":[[55.2582459,25.1851047],[55.2581871,25.1850254],[55.2581158,25.1849333],[55.2580519,25.184837],[55.2579954,25.1847369],[55.2579292,25.1846097],[55.2578733,25.1844786],[55.257828,25.1843442],[55.2577934,25.1842072],[55.2577698,25.1840683],[55.2577572,25.1839282],[55.2577558,25.1837877],[55.2577655,25.1836475],[55.2577863,25.1835082],[55.2578181,25.1833707],[55.2578607,25.1832355],[55.2579139,25.1831035],[55.2579774,25.1829753],[55.258051,25.1828515],[55.2581341,25.1827328],[55.2582265,25.1826198],[55.2583284,25.1825183],[55.2584365,25.1824222],[55.2585289,25.182356],[55.2586328,25.1822882]]}},{"type":"Feature","id":"osm-way-597250907","properties":{"foot":"no","highway":"secondary","lanes":"2","lit":"yes","name":"شارع المستقبل","name:ar":"شارع المستقبل","name:en":"Al Mustaqbal Street","oneway":"yes","surface":"asphalt","osm_type":"way","osm_id":597250907,"road_class":"secondary","source_priority":"osm-general"},"geometry":{"type":"LineString","coordinates":[[55.2614603,25.1885986],[55.2608637,25.1879414],[55.260089,25.1870519],[55.2594667,25.1863958],[55.2582459,25.1851047]]}},{"type":"Feature","id":"osm-way-597250909","properties":{"foot":"no","highway":"secondary","lanes":"2","layer":"-1","lit":"yes","name":"شارع المستقبل","name:ar":"شارع المستقبل","name:en":"Al Mustaqbal Street","oneway":"yes","tunnel":true,"osm_type":"way","osm_id":597250909,"road_class":"secondary","source_priority":"osm-general","render_policy":"hidden-below-ground"},"geometry":{"type":"LineString","coordinates":[[55.2620611,25.1891996],[55.2614603,25.1885986]]}},{"type":"Feature","id":"osm-way-597250912","properties":{"foot":"no","highway":"secondary","lanes":"2","lit":"yes","name":"شارع المستقبل","name:ar":"شارع المستقبل","name:en":"Al Mustaqbal Street","oneway":"yes","osm_type":"way","osm_id":597250912,"road_class":"secondary","source_priority":"osm-general"},"geometry":{"type":"LineString","coordinates":[[55.2662128,25.1936702],[55.2648289,25.1921955],[55.2645819,25.1918926],[55.2625498,25.1896995],[55.2620611,25.1891996]]}},{"type":"Feature","id":"osm-way-597250914","properties":{"bridge":true,"foot":"no","highway":"secondary","lanes":"3","layer":1,"name":"شارع المستقبل","name:ar":"شارع المستقبل","name:en":"Al Mustaqbal Street","oneway":"yes","surface":"asphalt","osm_type":"way","osm_id":597250914,"road_class":"secondary","source_priority":"osm-general","elevation_m":7,"elevation_source":"configurable-estimate"},"geometry":{"type":"LineString","coordinates":[[55.2677424,25.1953541],[55.2662128,25.1936702]]}},{"type":"Feature","id":"osm-way-597254547","properties":{"highway":"secondary_link","lanes":"2","lit":"yes","oneway":"yes","osm_type":"way","osm_id":597254547,"road_class":"secondary","source_priority":"osm-general"},"geometry":{"type":"LineString","coordinates":[[55.2640768,25.1910174],[55.2646781,25.1917365],[55.2647477,25.1918274],[55.2648149,25.1919198],[55.2648797,25.1920135],[55.264942,25.1921086]]}},{"type":"Feature","id":"osm-way-598501972","properties":{"foot":"no","highway":"secondary_link","lanes":"2","lit":"yes","oneway":"yes","osm_type":"way","osm_id":598501972,"road_class":"secondary","source_priority":"osm-general"},"geometry":{"type":"LineString","coordinates":[[55.2648289,25.1921955],[55.2647394,25.192128],[55.2646528,25.1920575],[55.2645692,25.1919841],[55.2644887,25.1919079],[55.2640616,25.1914814],[55.2639126,25.1913526],[55.2637741,25.1912401]]}},{"type":"Feature","id":"osm-way-612399408","properties":{"highway":"service","osm_type":"way","osm_id":612399408,"road_class":"service","source_priority":"osm-general"},"geometry":{"type":"LineString","coordinates":[[55.2675854,25.2033322],[55.2676223,25.2033105],[55.2677034,25.2032628]]}},{"type":"Feature","id":"osm-way-612399409","properties":{"highway":"service","osm_type":"way","osm_id":612399409,"road_class":"service","source_priority":"osm-general"},"geometry":{"type":"LineString","coordinates":[[55.2677221,25.2032899],[55.2677034,25.2032628],[55.2672785,25.202627],[55.2672653,25.202587],[55.2672747,25.2025461],[55.2673044,25.2025141],[55.2673473,25.2024987],[55.2673932,25.2025034],[55.2674311,25.2025273],[55.2678851,25.2031815],[55.267905,25.2032192],[55.2679043,25.203261],[55.2678831,25.2032982],[55.2678459,25.2033229],[55.2678004,25.2033301],[55.267756,25.2033183],[55.2677221,25.2032899]]}},{"type":"Feature","id":"osm-way-612399411","properties":{"highway":"service","osm_type":"way","osm_id":612399411,"road_class":"service","source_priority":"osm-general"},"geometry":{"type":"LineString","coordinates":[[55.2658416,25.199994],[55.2658916,25.2000682],[55.2659151,25.2001043],[55.2659351,25.2001349],[55.2664332,25.2008034]]}},{"type":"Feature","id":"osm-way-612399412","properties":{"highway":"service","service":"parking_aisle","osm_type":"way","osm_id":612399412,"road_class":"service","source_priority":"osm-general"},"geometry":{"type":"LineString","coordinates":[[55.2662768,25.2008742],[55.265794,25.2002205]]}},{"type":"Feature","id":"osm-way-612399413","properties":{"highway":"service","osm_type":"way","osm_id":612399413,"road_class":"service","source_priority":"osm-general"},"geometry":{"type":"LineString","coordinates":[[55.2665851,25.2016503],[55.2664425,25.2014532],[55.2664438,25.2014363],[55.2664527,25.2014213],[55.2664674,25.2014108],[55.2666016,25.201336],[55.2667058,25.201278],[55.2667274,25.2012718],[55.26675,25.2012735],[55.2667702,25.2012828],[55.266785,25.2012984],[55.2671274,25.2017895],[55.2671357,25.2018114],[55.2671347,25.2018345],[55.2671247,25.2018558],[55.267107,25.2018725],[55.2670036,25.2019268],[55.2668961,25.2019943],[55.2668774,25.2019999],[55.2668577,25.2019989],[55.2668398,25.2019916],[55.2668259,25.2019789],[55.2666224,25.2016752]]}},{"type":"Feature","id":"osm-way-612399414","properties":{"highway":"service","oneway":"yes","osm_type":"way","osm_id":612399414,"road_class":"service","source_priority":"osm-general"},"geometry":{"type":"LineString","coordinates":[[55.2663619,25.2016717],[55.2664232,25.2016889],[55.2664484,25.201694],[55.2664743,25.201695],[55.2664999,25.2016918],[55.2665244,25.2016845],[55.2665851,25.2016503],[55.2665919,25.2016481],[55.266599,25.2016491],[55.2666049,25.2016528],[55.2666224,25.2016752]]}},{"type":"Feature","id":"osm-way-612399415","properties":{"highway":"service","oneway":"yes","osm_type":"way","osm_id":612399415,"road_class":"service","source_priority":"osm-general"},"geometry":{"type":"LineString","coordinates":[[55.2666224,25.2016752],[55.2665472,25.2017153],[55.2665233,25.2017342],[55.266512,25.2017463],[55.2664999,25.201764],[55.2664911,25.2017832],[55.2664744,25.201842]]}},{"type":"Feature","id":"osm-way-612399416","properties":{"highway":"service","oneway":"yes","osm_type":"way","osm_id":612399416,"road_class":"service","source_priority":"osm-general"},"geometry":{"type":"LineString","coordinates":[[55.2671093,25.2024197],[55.2669989,25.2024846],[55.2669417,25.2025182]]}},{"type":"Feature","id":"osm-way-612399417","properties":{"highway":"service","oneway":"yes","osm_type":"way","osm_id":612399417,"road_class":"service","source_priority":"osm-general"},"geometry":{"type":"LineString","coordinates":[[55.2669553,25.2020919],[55.2670485,25.2020329],[55.267138,25.2019777],[55.2671597,25.2019728],[55.267182,25.2019743],[55.2672026,25.2019821],[55.2672195,25.2019954],[55.2673752,25.202213],[55.267381,25.2022391],[55.267372,25.2022644],[55.2673553,25.2022799],[55.2672541,25.2023351],[55.2671093,25.2024197],[55.2669392,25.2021557],[55.2669339,25.2021388],[55.266935,25.2021213],[55.2669424,25.202105],[55.2669553,25.2020919]]}},{"type":"Feature","id":"osm-way-612399418","properties":{"highway":"service","service":"parking_aisle","osm_type":"way","osm_id":612399418,"road_class":"service","source_priority":"osm-general"},"geometry":{"type":"LineString","coordinates":[[55.2670485,25.2020329],[55.2672541,25.2023351]]}},{"type":"Feature","id":"osm-way-612399419","properties":{"highway":"service","service":"parking_aisle","osm_type":"way","osm_id":612399419,"road_class":"service","source_priority":"osm-general"},"geometry":{"type":"LineString","coordinates":[[55.2670036,25.2019268],[55.2666016,25.201336]]}},{"type":"Feature","id":"osm-way-612779952","properties":{"highway":"residential","lit":"yes","oneway":"yes","sidewalk":"right","surface":"asphalt","osm_type":"way","osm_id":612779952,"road_class":"residential","source_priority":"osm-general"},"geometry":{"type":"LineString","coordinates":[[55.2740992,25.1908456],[55.2741138,25.190907],[55.2741229,25.1909878],[55.2741259,25.1911694],[55.2741275,25.1912184],[55.2741247,25.1912673],[55.2741173,25.1913159],[55.2741055,25.1913637]]}},{"type":"Feature","id":"osm-way-612864908","properties":{"destination":"AL Meydan Street;First Al Khail Street","destination:lang:ar":"شارع الميدان;شارع الخيل الأول","destination:lang:en":"AL Meydan Street;First Al Khail Street","destination:ref":"D86 (South)","highway":"secondary_link","lanes":"2","lit":"yes","oneway":"yes","surface":"asphalt","osm_type":"way","osm_id":612864908,"road_class":"secondary","source_priority":"osm-general"},"geometry":{"type":"LineString","coordinates":[[55.26027,25.1874494],[55.2602148,25.187362],[55.2601553,25.187277],[55.2600914,25.1871946],[55.2600235,25.1871149],[55.2596829,25.1867027],[55.2596207,25.1866265],[55.2595661,25.1865514],[55.2595148,25.1864744],[55.2594667,25.1863958]]}},{"type":"Feature","id":"osm-way-613130425","properties":{"highway":"secondary_link","lanes":"1","lit":"yes","maxspeed":"40","oneway":"yes","sidewalk":"right","source":"Bing","surface":"asphalt","osm_type":"way","osm_id":613130425,"road_class":"secondary","source_priority":"osm-general"},"geometry":{"type":"LineString","coordinates":[[55.2707154,25.1995261],[55.2706128,25.1994788],[55.2705142,25.1994242],[55.27042,25.1993637],[55.2703305,25.1992975],[55.2702462,25.1992261],[55.2701674,25.1991497],[55.2700944,25.1990686]]}},{"type":"Feature","id":"osm-way-613136169","properties":{"highway":"service","lanes":"1","lit":"yes","oneway":"yes","sidewalk":"right","surface":"asphalt","osm_type":"way","osm_id":613136169,"road_class":"service","source_priority":"osm-general"},"geometry":{"type":"LineString","coordinates":[[55.2728876,25.2004494],[55.2729197,25.200451],[55.272951,25.2004579],[55.2729803,25.2004699],[55.2730096,25.2004888],[55.2730339,25.2005128],[55.2730524,25.2005408],[55.2733216,25.2009905],[55.2734593,25.2012172],[55.273516,25.2013113],[55.2735249,25.2013344],[55.2735262,25.2013588],[55.2735199,25.2013826],[55.2735058,25.2014038],[55.2734622,25.2014176],[55.2734157,25.2014255],[55.2733683,25.2014284],[55.2733136,25.2014334],[55.2732601,25.2014434],[55.2732089,25.2014606]]}},{"type":"Feature","id":"osm-way-613468077","properties":{"highway":"tertiary","lanes":"2","lit":"yes","maxspeed":"40","name":"شارع الملتقى","name:ar":"شارع 20","name:en":"20th Street","oneway":"yes","sidewalk":"no","surface":"asphalt","osm_type":"way","osm_id":613468077,"road_class":"tertiary","source_priority":"osm-general"},"geometry":{"type":"LineString","coordinates":[[55.2570395,25.2037033],[55.2570922,25.2037792],[55.2573697,25.2041647],[55.2576703,25.2046176],[55.2585673,25.2059689],[55.2586143,25.2060397],[55.2590023,25.2066506],[55.259191,25.206925],[55.2592584,25.2070285],[55.2592844,25.2070683],[55.2592971,25.207088],[55.25942,25.2072895]]}},{"type":"Feature","id":"osm-way-613486671","properties":{"highway":"tertiary_link","oneway":"yes","osm_type":"way","osm_id":613486671,"road_class":"tertiary","source_priority":"osm-general"},"geometry":{"type":"LineString","coordinates":[[55.2579244,25.203201],[55.2578414,25.20328],[55.2577658,25.2033367],[55.2576829,25.2033842],[55.2573839,25.203557],[55.2573281,25.2035943],[55.2572824,25.2036415],[55.2572493,25.2036966],[55.2572377,25.2037336],[55.2572304,25.203757],[55.2572242,25.2038196],[55.2572308,25.2038822],[55.2572501,25.2039426],[55.2573697,25.2041647]]}},{"type":"Feature","id":"osm-way-613486672","properties":{"destination":"Al Enjaz Street (West)","destination:lang:ar":"شارع الإنجاز (غرب)","destination:lang:en":"Al Enjaz Street (West)","highway":"tertiary_link","oneway":"yes","surface":"asphalt","osm_type":"way","osm_id":613486672,"road_class":"tertiary","source_priority":"osm-general"},"geometry":{"type":"LineString","coordinates":[[55.2572302,25.204247],[55.2570531,25.2040463],[55.2569912,25.2039914],[55.2569252,25.2039603],[55.2568822,25.2039495],[55.2568533,25.2039429],[55.256779,25.2039401],[55.2567058,25.2039521],[55.2566372,25.2039782],[55.2562654,25.2041988],[55.2562177,25.204221],[55.2561754,25.2042376],[55.2560769,25.2042627]]}},{"type":"Feature","id":"osm-way-613486673","properties":{"highway":"tertiary","lanes":"2","lit":"yes","maxspeed":"40","name":"شارع الملتقى","name:ar":"شارع 20","name:en":"20th Street","oneway":"yes","ref":"D90","sidewalk":"right","surface":"asphalt","osm_type":"way","osm_id":613486673,"road_class":"tertiary","source_priority":"osm-general"},"geometry":{"type":"LineString","coordinates":[[55.2592766,25.2073679],[55.259152,25.2071765],[55.2591321,25.2071475],[55.2585157,25.2061932],[55.2584711,25.2061241],[55.2572302,25.204247],[55.2570064,25.2038865],[55.2569816,25.2038466],[55.2569265,25.2037675],[55.2568697,25.2036947]]}},{"type":"Feature","id":"osm-way-613519999","properties":{"highway":"residential","lanes":"1","name":"شارع 23","name:ar":"شارع 23","name:en":"23rd Street","oneway":"yes","surface":"asphalt","osm_type":"way","osm_id":613519999,"road_class":"residential","source_priority":"osm-general"},"geometry":{"type":"LineString","coordinates":[[55.2610518,25.1959798],[55.261139,25.1958853],[55.2611563,25.1958597],[55.261168,25.1958316],[55.2611735,25.1958019],[55.2611727,25.1957719],[55.2611618,25.1956963]]}},{"type":"Feature","id":"osm-way-614007347","properties":{"destination":"Business Bay Station;Sofitel Downtown","destination:lang:ar":"محطة الخليج التجاري;سوفيتيل داون تاون","destination:lang:en":"Business Bay Station;Sofitel Downtown","highway":"motorway_link","lanes":"1","oneway":"yes","surface":"asphalt","osm_type":"way","osm_id":614007347,"road_class":"motorway","source_priority":"osm-general"},"geometry":{"type":"LineString","coordinates":[[55.2612282,25.1924499],[55.2612752,25.1924808],[55.26132,25.1925144],[55.2613623,25.1925505],[55.2614603,25.1926368],[55.2615809,25.1927497],[55.2618629,25.1930741],[55.261886,25.1930972],[55.2619154,25.1931133],[55.2619488,25.1931212],[55.2619832,25.1931201],[55.2620158,25.1931102],[55.2620439,25.1930922],[55.2620652,25.1930677],[55.2620779,25.1930387],[55.2620808,25.1930077],[55.2620739,25.1929772],[55.2620575,25.1929497],[55.2619214,25.1927679],[55.2618976,25.1927242],[55.26188,25.1926782],[55.2618689,25.1926305]]}},{"type":"Feature","id":"osm-way-624327899","properties":{"highway":"service","lit":"yes","oneway":"yes","osm_type":"way","osm_id":624327899,"road_class":"service","source_priority":"osm-general"},"geometry":{"type":"LineString","coordinates":[[55.2594742,25.1860174],[55.2595308,25.1860369],[55.259585,25.1860612],[55.2596365,25.18609],[55.2596847,25.186123],[55.2597293,25.18616],[55.2597698,25.1862007],[55.2601333,25.186585],[55.2602089,25.186671],[55.2606277,25.1871475],[55.261383,25.1879736],[55.2616534,25.188282],[55.2616838,25.188309],[55.261718,25.1883319],[55.2617554,25.1883504],[55.2617952,25.1883641],[55.2618367,25.1883728],[55.2618736,25.1883769],[55.2619389,25.188372],[55.2619905,25.1883597],[55.262039,25.1883394],[55.2621474,25.1882779],[55.2622589,25.188221],[55.2623732,25.1881688],[55.2624999,25.188132]]}},{"type":"Feature","id":"osm-way-636133247","properties":{"highway":"service","oneway":"yes","osm_type":"way","osm_id":636133247,"road_class":"service","source_priority":"osm-general"},"geometry":{"type":"LineString","coordinates":[[55.2734354,25.1990041],[55.2734336,25.1989482],[55.2734239,25.1988927],[55.2734066,25.1988388],[55.2733819,25.1987872],[55.2733502,25.1987389],[55.2733121,25.1986946],[55.2731938,25.1986187],[55.2731438,25.1985827],[55.2731,25.1985405],[55.2730636,25.198493],[55.2730355,25.198441]]}},{"type":"Feature","id":"osm-way-636133250","properties":{"highway":"service","osm_type":"way","osm_id":636133250,"road_class":"service","source_priority":"osm-general"},"geometry":{"type":"LineString","coordinates":[[55.2743676,25.198637],[55.2746423,25.1985217]]}},{"type":"Feature","id":"osm-way-636133251","properties":{"highway":"service","oneway":"yes","osm_type":"way","osm_id":636133251,"road_class":"service","source_priority":"osm-general"},"geometry":{"type":"LineString","coordinates":[[55.2742128,25.199002],[55.2741872,25.1990158],[55.274159,25.1990244],[55.2741295,25.1990273],[55.2740999,25.1990244],[55.2740717,25.1990159],[55.2740461,25.1990022]]}},{"type":"Feature","id":"osm-way-636909456","properties":{"highway":"residential","oneway":"yes","osm_type":"way","osm_id":636909456,"road_class":"residential","source_priority":"osm-general"},"geometry":{"type":"LineString","coordinates":[[55.2715916,25.1922084],[55.2715376,25.1921724],[55.2714813,25.1921403],[55.2714214,25.1921144],[55.2713584,25.192095],[55.2712914,25.1920905],[55.2711353,25.1920945]]}},{"type":"Feature","id":"osm-way-636909457","properties":{"foot":"no","highway":"residential","oneway":"yes","osm_type":"way","osm_id":636909457,"road_class":"residential","source_priority":"osm-general"},"geometry":{"type":"LineString","coordinates":[[55.2711079,25.1918723],[55.2711684,25.1918656],[55.2712292,25.1918689],[55.2712884,25.1918821],[55.2713438,25.1919048]]}},{"type":"Feature","id":"osm-way-637316449","properties":{"highway":"residential","lit":"yes","sidewalk":"right","surface":"asphalt","osm_type":"way","osm_id":637316449,"road_class":"residential","source_priority":"osm-general"},"geometry":{"type":"LineString","coordinates":[[55.2730979,25.1922129],[55.2732594,25.192124],[55.2733886,25.1920595],[55.2735832,25.1919756],[55.2737124,25.191923],[55.2737851,25.191893],[55.2739215,25.191814],[55.2739836,25.1917602],[55.274034,25.1916972],[55.274071,25.1916271],[55.2740934,25.191552],[55.2741006,25.1914745],[55.2741055,25.1913637]]}},{"type":"Feature","id":"osm-way-637316452","properties":{"highway":"residential","osm_type":"way","osm_id":637316452,"road_class":"residential","source_priority":"osm-general"},"geometry":{"type":"LineString","coordinates":[[55.2700035,25.191592],[55.2694594,25.1911032],[55.2694392,25.1910818],[55.2694276,25.1910556],[55.2694259,25.1910275],[55.2694342,25.1910004],[55.2694518,25.1909771],[55.2697993,25.1906815]]}},{"type":"Feature","id":"osm-way-640331734","properties":{"highway":"service","oneway":"yes","osm_type":"way","osm_id":640331734,"road_class":"service","source_priority":"osm-general"},"geometry":{"type":"LineString","coordinates":[[55.2646292,25.1856869],[55.2650918,25.1857818],[55.2651362,25.1857909],[55.2651782,25.1857984],[55.2652208,25.1858017],[55.2652635,25.1858007],[55.2652966,25.1858001],[55.2653261,25.1858035],[55.2653546,25.1858114],[55.2653812,25.1858235],[55.2654051,25.1858394],[55.2654713,25.1859119]]}},{"type":"Feature","id":"osm-way-654261485","properties":{"highway":"tertiary","lanes":"1","lit":"yes","maxspeed":"40","oneway":"yes","sidewalk":"right","surface":"asphalt","osm_type":"way","osm_id":654261485,"road_class":"tertiary","source_priority":"osm-general"},"geometry":{"type":"LineString","coordinates":[[55.2614834,25.1915071],[55.2615079,25.191559],[55.2615355,25.1916096],[55.2615662,25.1916588],[55.2615998,25.1917064]]}},{"type":"Feature","id":"osm-way-654261486","properties":{"highway":"tertiary","lanes":"1","lit":"yes","maxspeed":"40","oneway":"yes","sidewalk":"right","osm_type":"way","osm_id":654261486,"road_class":"tertiary","source_priority":"osm-general"},"geometry":{"type":"LineString","coordinates":[[55.2614762,25.1917212],[55.2614856,25.1916678],[55.2614901,25.1916143],[55.2614894,25.1915606],[55.2614834,25.1915071]]}},{"type":"Feature","id":"osm-way-692259277","properties":{"highway":"residential","osm_type":"way","osm_id":692259277,"road_class":"residential","source_priority":"osm-general"},"geometry":{"type":"LineString","coordinates":[[55.2635946,25.201237],[55.2632468,25.2006759],[55.2632312,25.2006564],[55.2632106,25.2006412],[55.2631864,25.2006312],[55.2631602,25.2006272],[55.2631337,25.2006294],[55.2631087,25.2006377],[55.2630476,25.2006707],[55.263009,25.2006915]]}},{"type":"Feature","id":"osm-way-692259278","properties":{"highway":"residential","osm_type":"way","osm_id":692259278,"road_class":"residential","source_priority":"osm-general"},"geometry":{"type":"LineString","coordinates":[[55.262553,25.201803],[55.2635946,25.201237],[55.2643402,25.2008237]]}},{"type":"Feature","id":"osm-way-692259279","properties":{"highway":"residential","osm_type":"way","osm_id":692259279,"road_class":"residential","source_priority":"osm-general"},"geometry":{"type":"LineString","coordinates":[[55.2638315,25.2000144],[55.2638794,25.2000905],[55.2643402,25.2008237],[55.2647589,25.2014215],[55.2647793,25.2014506]]}},{"type":"Feature","id":"osm-way-692302814","properties":{"highway":"service","maxspeed":"25","oneway":"no","surface":"paving_stones","osm_type":"way","osm_id":692302814,"road_class":"service","source_priority":"osm-general"},"geometry":{"type":"LineString","coordinates":[[55.2643413,25.1882437],[55.2637938,25.1886512]]}},{"type":"Feature","id":"osm-way-695710298","properties":{"highway":"tertiary","lanes":"2","surface":"asphalt","osm_type":"way","osm_id":695710298,"road_class":"tertiary","source_priority":"osm-general"},"geometry":{"type":"LineString","coordinates":[[55.268008,25.1879323],[55.2680165,25.1878938],[55.2681643,25.1872943],[55.2682109,25.1871038],[55.2682407,25.1869821],[55.2683271,25.1866199],[55.2683365,25.1865623],[55.2683391,25.1865042],[55.2683349,25.1864461],[55.2683239,25.1863888],[55.2683122,25.186345],[55.2682555,25.186242],[55.2681863,25.1861642],[55.2680252,25.186005],[55.2679507,25.1859259],[55.267844,25.1858058],[55.2676342,25.1855698],[55.2674939,25.185427],[55.2672912,25.1852013],[55.2672333,25.185139]]}},{"type":"Feature","id":"osm-way-697803604","properties":{"highway":"service","maxspeed":"25","oneway":"yes","osm_type":"way","osm_id":697803604,"road_class":"service","source_priority":"osm-general"},"geometry":{"type":"LineString","coordinates":[[55.2637938,25.1886512],[55.2634763,25.1888982]]}},{"type":"Feature","id":"osm-way-697803605","properties":{"highway":"service","maxspeed":"25","oneway":"no","osm_type":"way","osm_id":697803605,"road_class":"service","source_priority":"osm-general"},"geometry":{"type":"LineString","coordinates":[[55.2634763,25.1888982],[55.2628613,25.1893848]]}},{"type":"Feature","id":"osm-way-697803607","properties":{"highway":"service","oneway":"yes","osm_type":"way","osm_id":697803607,"road_class":"service","source_priority":"osm-general"},"geometry":{"type":"LineString","coordinates":[[55.262726,25.1894109],[55.2627607,25.189409],[55.2627951,25.1894039],[55.2628287,25.1893959],[55.2628613,25.1893848]]}},{"type":"Feature","id":"osm-way-698296720","properties":{"highway":"residential","lit":"yes","maxspeed":"40","name":"شارع السلام","name:ar":"شارع السلام","name:en":"Al Salam Street","oneway":"yes","surface":"paving_stones","osm_type":"way","osm_id":698296720,"road_class":"residential","source_priority":"osm-general"},"geometry":{"type":"LineString","coordinates":[[55.2633299,25.2030131],[55.2633289,25.2029745],[55.2633456,25.202939],[55.2633771,25.202913],[55.2634177,25.2029011],[55.26346,25.2029055],[55.2634966,25.2029253]]}},{"type":"Feature","id":"osm-way-699462526","properties":{"highway":"service","service":"parking_aisle","osm_type":"way","osm_id":699462526,"road_class":"service","source_priority":"osm-general"},"geometry":{"type":"LineString","coordinates":[[55.2645484,25.2029638],[55.2640347,25.203243]]}},{"type":"Feature","id":"osm-way-699462527","properties":{"highway":"service","service":"parking_aisle","osm_type":"way","osm_id":699462527,"road_class":"service","source_priority":"osm-general"},"geometry":{"type":"LineString","coordinates":[[55.2646007,25.2031535],[55.2642079,25.2033679],[55.2641799,25.203378],[55.2641497,25.203377],[55.2641226,25.2033651],[55.2641031,25.2033443],[55.2640347,25.203243],[55.2639774,25.203158],[55.2639658,25.2031316],[55.2639666,25.2031032],[55.2639796,25.2030773],[55.2640027,25.203058],[55.2644547,25.2028204]]}},{"type":"Feature","id":"osm-way-699462528","properties":{"highway":"service","osm_type":"way","osm_id":699462528,"road_class":"service","source_priority":"osm-general"},"geometry":{"type":"LineString","coordinates":[[55.2642038,25.2024487],[55.2644547,25.2028204],[55.2645484,25.2029638],[55.2646117,25.2030618],[55.2646237,25.2030845],[55.2646259,25.2031096],[55.2646178,25.2031337],[55.2646007,25.2031535]]}},{"type":"Feature","id":"osm-way-699462942","properties":{"highway":"service","osm_type":"way","osm_id":699462942,"road_class":"service","source_priority":"osm-general"},"geometry":{"type":"LineString","coordinates":[[55.2656892,25.2060425],[55.2664419,25.2056306],[55.2664834,25.2056077],[55.2668304,25.2054164],[55.2669638,25.2053446],[55.267052,25.2052889],[55.2671351,25.2052269],[55.2672033,25.2051743],[55.2673995,25.2050304],[55.2674366,25.205002],[55.2674719,25.2049775],[55.2675082,25.2049545],[55.2675992,25.2049032],[55.2679688,25.2047025]]}},{"type":"Feature","id":"osm-way-699926259","properties":{"highway":"tertiary","lit":"yes","oneway":"yes","sidewalk":"both","surface":"asphalt","osm_type":"way","osm_id":699926259,"road_class":"tertiary","source_priority":"osm-general"},"geometry":{"type":"LineString","coordinates":[[55.2667358,25.1974776],[55.2667865,25.1976128],[55.2668134,25.197664],[55.2668463,25.1977123],[55.2668848,25.197757]]}},{"type":"Feature","id":"osm-way-699926260","properties":{"highway":"tertiary","oneway":"yes","osm_type":"way","osm_id":699926260,"road_class":"tertiary","source_priority":"osm-general"},"geometry":{"type":"LineString","coordinates":[[55.266711,25.1977708],[55.2667303,25.197713],[55.2667433,25.1976548],[55.2667486,25.1975956],[55.2667461,25.1975362],[55.2667358,25.1974776]]}},{"type":"Feature","id":"osm-way-699977948","properties":{"highway":"service","oneway":"yes","osm_type":"way","osm_id":699977948,"road_class":"service","source_priority":"osm-general"},"geometry":{"type":"LineString","coordinates":[[55.2665331,25.1931338],[55.2664665,25.1932227],[55.2664444,25.1932518],[55.2664248,25.1932823],[55.2664078,25.193314]]}},{"type":"Feature","id":"osm-way-699977949","properties":{"highway":"service","oneway":"yes","osm_type":"way","osm_id":699977949,"road_class":"service","source_priority":"osm-general"},"geometry":{"type":"LineString","coordinates":[[55.2663337,25.1931387],[55.2663709,25.1931585],[55.2664127,25.1931682],[55.2664559,25.1931672],[55.2664971,25.1931554],[55.2665331,25.1931338]]}},{"type":"Feature","id":"osm-way-699980626","properties":{"highway":"residential","lanes":"1","lit":"yes","oneway":"yes","sidewalk":"right","surface":"asphalt","osm_type":"way","osm_id":699980626,"road_class":"residential","source_priority":"osm-general"},"geometry":{"type":"LineString","coordinates":[[55.2732091,25.1897091],[55.2731407,25.189764],[55.2731046,25.189786],[55.2730658,25.1898041],[55.273025,25.189818]]}},{"type":"Feature","id":"osm-way-699980627","properties":{"highway":"residential","lanes":"1","lit":"yes","oneway":"yes","sidewalk":"right","surface":"asphalt","osm_type":"way","osm_id":699980627,"road_class":"residential","source_priority":"osm-general"},"geometry":{"type":"LineString","coordinates":[[55.273025,25.189818],[55.2730811,25.1897531],[55.2730973,25.1897245],[55.2731097,25.1896943],[55.273118,25.189663],[55.2731221,25.189631],[55.2731219,25.1895988]]}},{"type":"Feature","id":"osm-way-699980629","properties":{"highway":"secondary_link","lanes":"1","lit":"yes","oneway":"yes","surface":"asphalt","osm_type":"way","osm_id":699980629,"road_class":"secondary","source_priority":"osm-general"},"geometry":{"type":"LineString","coordinates":[[55.2731024,25.1893811],[55.2731012,25.1894073],[55.2731051,25.1894338],[55.2731134,25.1894595],[55.2731259,25.1894838],[55.2731908,25.1895815],[55.2732038,25.1896052],[55.2732123,25.1896305],[55.2732161,25.1896568],[55.273215,25.1896832],[55.2732091,25.1897091]]}},{"type":"Feature","id":"osm-way-700004141","properties":{"foot":"no","highway":"tertiary","lanes":"2","lit":"yes","maxspeed":"60","name":"شارع المستقبل","name:ar":"شارع المستقبل","name:en":"Al Mustaqbal Street","oneway":"yes","ref":"D86","sidewalk":"no","surface":"asphalt","osm_type":"way","osm_id":700004141,"road_class":"tertiary","source_priority":"osm-general"},"geometry":{"type":"LineString","coordinates":[[55.2672743,25.1944239],[55.2673235,25.1944812],[55.2674655,25.1946464]]}},{"type":"Feature","id":"osm-way-700004142","properties":{"highway":"tertiary","lanes":"2","lit":"yes","maxspeed":"60","name":"شارع المستقبل","name:ar":"شارع المستقبل","name:en":"Al Mustaqbal Street","oneway":"yes","ref":"D86","sidewalk":"no","surface":"asphalt","osm_type":"way","osm_id":700004142,"road_class":"tertiary","source_priority":"osm-general"},"geometry":{"type":"LineString","coordinates":[[55.2691269,25.1973021],[55.2687043,25.1968203],[55.2682415,25.1962318],[55.2678631,25.1957517],[55.2675666,25.195398]]}},{"type":"Feature","id":"osm-way-700005318","properties":{"highway":"residential","surface":"asphalt","osm_type":"way","osm_id":700005318,"road_class":"residential","source_priority":"osm-general"},"geometry":{"type":"LineString","coordinates":[[55.2725946,25.1924535],[55.2725898,25.1925241],[55.272572,25.1925929],[55.2725417,25.1926581],[55.2724998,25.1927178],[55.2720796,25.1932983],[55.2720628,25.193338],[55.2720576,25.1933803],[55.2720644,25.1934224],[55.2720828,25.1934616],[55.2721115,25.1934952],[55.2721487,25.1935212],[55.2725038,25.1937068]]}},{"type":"Feature","id":"osm-way-723560005","properties":{"highway":"service","oneway":"yes","service":"parking_aisle","osm_type":"way","osm_id":723560005,"road_class":"service","source_priority":"osm-general"},"geometry":{"type":"LineString","coordinates":[[55.2670381,25.189776],[55.2665932,25.1901133]]}},{"type":"Feature","id":"osm-way-723560006","properties":{"highway":"service","oneway":"yes","service":"parking_aisle","osm_type":"way","osm_id":723560006,"road_class":"service","source_priority":"osm-general"},"geometry":{"type":"LineString","coordinates":[[55.266657,25.1896324],[55.26636,25.1898604]]}},{"type":"Feature","id":"osm-way-723560007","properties":{"highway":"service","oneway":"yes","service":"parking_aisle","osm_type":"way","osm_id":723560007,"road_class":"service","source_priority":"osm-general"},"geometry":{"type":"LineString","coordinates":[[55.2663179,25.1894739],[55.2661336,25.1896148]]}},{"type":"Feature","id":"osm-way-723560008","properties":{"highway":"service","oneway":"yes","service":"parking_aisle","osm_type":"way","osm_id":723560008,"road_class":"service","source_priority":"osm-general"},"geometry":{"type":"LineString","coordinates":[[55.2662498,25.1897409],[55.2664871,25.1895568]]}},{"type":"Feature","id":"osm-way-723560009","properties":{"highway":"service","oneway":"yes","service":"parking_aisle","osm_type":"way","osm_id":723560009,"road_class":"service","source_priority":"osm-general"},"geometry":{"type":"LineString","coordinates":[[55.2664766,25.1899868],[55.2668518,25.1897101]]}},{"type":"Feature","id":"osm-way-723560010","properties":{"highway":"service","oneway":"yes","osm_type":"way","osm_id":723560010,"road_class":"service","source_priority":"osm-general"},"geometry":{"type":"LineString","coordinates":[[55.2659142,25.1893795],[55.2660236,25.1894954],[55.2661336,25.1896148],[55.2662498,25.1897409],[55.26636,25.1898604],[55.2664766,25.1899868],[55.2665932,25.1901133],[55.2666721,25.1902005],[55.2666904,25.1902134],[55.2667129,25.1902185],[55.2667357,25.1902148],[55.2667549,25.1902031],[55.2671985,25.1898663],[55.2672063,25.1898563],[55.2672081,25.1898441],[55.2672031,25.1898322],[55.2671924,25.1898238],[55.2670381,25.189776],[55.2668518,25.1897101],[55.266657,25.1896324],[55.2664871,25.1895568],[55.2663179,25.1894739],[55.266159,25.1893885],[55.26605,25.1893381],[55.2660191,25.1893301],[55.2659889,25.1893255],[55.2659577,25.1893247],[55.2659387,25.18933],[55.2659221,25.189338],[55.2659118,25.1893521],[55.2659099,25.189366],[55.2659142,25.1893795]]}},{"type":"Feature","id":"osm-way-723560011","properties":{"highway":"service","oneway":"yes","service":"parking_aisle","osm_type":"way","osm_id":723560011,"road_class":"service","source_priority":"osm-general"},"geometry":{"type":"LineString","coordinates":[[55.2672929,25.1908681],[55.2677404,25.1905267]]}},{"type":"Feature","id":"osm-way-723560012","properties":{"highway":"service","oneway":"yes","service":"parking_aisle","osm_type":"way","osm_id":723560012,"road_class":"service","source_priority":"osm-general"},"geometry":{"type":"LineString","coordinates":[[55.2673905,25.1901445],[55.2669494,25.1904898]]}},{"type":"Feature","id":"osm-way-723560013","properties":{"highway":"service","oneway":"yes","service":"parking_aisle","osm_type":"way","osm_id":723560013,"road_class":"service","source_priority":"osm-general"},"geometry":{"type":"LineString","coordinates":[[55.2670617,25.1906142],[55.267509,25.1902737]]}},{"type":"Feature","id":"osm-way-723560014","properties":{"highway":"service","oneway":"yes","service":"parking_aisle","osm_type":"way","osm_id":723560014,"road_class":"service","source_priority":"osm-general"},"geometry":{"type":"LineString","coordinates":[[55.2676283,25.1904042],[55.2671803,25.1907444]]}},{"type":"Feature","id":"osm-way-723560015","properties":{"highway":"service","oneway":"yes","osm_type":"way","osm_id":723560015,"road_class":"service","source_priority":"osm-general"},"geometry":{"type":"LineString","coordinates":[[55.2672302,25.1900612],[55.2672543,25.1900496],[55.2672815,25.1900481],[55.267307,25.1900569],[55.2673262,25.1900744],[55.2673905,25.1901445],[55.2674552,25.190215],[55.267509,25.1902737],[55.2676283,25.1904042],[55.2677404,25.1905267],[55.2678139,25.1906074],[55.2678242,25.1906343],[55.2678213,25.1906627],[55.2678058,25.1906875],[55.2674417,25.1909661],[55.2674176,25.1909727],[55.2673935,25.1909691],[55.2673733,25.1909563],[55.2672929,25.1908681],[55.2671803,25.1907444],[55.2670617,25.1906142],[55.2669494,25.1904898],[55.266877,25.1904106],[55.2668665,25.1903886],[55.2668655,25.1903646],[55.2668742,25.190342],[55.2668914,25.1903237],[55.2672302,25.1900612]]}},{"type":"Feature","id":"osm-way-723560016","properties":{"highway":"service","osm_type":"way","osm_id":723560016,"road_class":"service","source_priority":"osm-general"},"geometry":{"type":"LineString","coordinates":[[55.2675998,25.1901077],[55.2674552,25.190215]]}},{"type":"Feature","id":"osm-way-723560018","properties":{"highway":"service","oneway":"yes","osm_type":"way","osm_id":723560018,"road_class":"service","source_priority":"osm-general"},"geometry":{"type":"LineString","coordinates":[[55.2684292,25.1900926],[55.2683739,25.1900882],[55.2683198,25.1900773],[55.2682677,25.1900599],[55.2682187,25.1900365],[55.2681638,25.1900116],[55.2681238,25.1900005],[55.2680819,25.1900011],[55.2680424,25.1900135],[55.2680032,25.1900417],[55.2679864,25.1900675],[55.2679731,25.1901038],[55.2679574,25.1902756],[55.2679498,25.1903561],[55.2679359,25.1903794],[55.2679106,25.1903929],[55.2678812,25.1903926],[55.2678563,25.1903786],[55.2675998,25.1901077],[55.2675214,25.190026],[55.267505,25.1900089],[55.2674955,25.1899941],[55.267495,25.189977],[55.2675036,25.1899617],[55.2675192,25.1899521],[55.267538,25.1899503],[55.2675554,25.1899569],[55.2677785,25.1900496],[55.2678157,25.1900594],[55.2678535,25.1900557],[55.2678882,25.1900417],[55.2679165,25.1900187],[55.2679301,25.1899981],[55.2679397,25.1899529],[55.2679382,25.1899181],[55.2679279,25.1898846],[55.2679093,25.1898542],[55.2678835,25.1898284],[55.2677798,25.1897484]]}},{"type":"Feature","id":"osm-way-730293407","properties":{"highway":"residential","lit":"yes","maxspeed":"40","sidewalk":"both","surface":"asphalt","osm_type":"way","osm_id":730293407,"road_class":"residential","source_priority":"osm-general"},"geometry":{"type":"LineString","coordinates":[[55.273025,25.189818],[55.2729568,25.1898613],[55.2728846,25.189899],[55.272823,25.1899254],[55.2727594,25.1899478],[55.2724309,25.1900512],[55.2722838,25.1901006],[55.2721386,25.1901542],[55.2719954,25.1902121],[55.2718545,25.1902742],[55.2716228,25.1903817],[55.2714882,25.1904525],[55.2713496,25.190529],[55.2712138,25.1906095],[55.2710807,25.1906937],[55.2709507,25.1907817],[55.2708212,25.190871],[55.2706455,25.1910032],[55.2704739,25.1911401],[55.2703095,25.1912842],[55.2701526,25.1914349],[55.2700035,25.191592],[55.2699476,25.1916561],[55.2697674,25.1918628],[55.2697047,25.1919393],[55.2696453,25.1920179],[55.2695891,25.1920985],[55.2695364,25.1921809],[55.2693792,25.1924402],[55.2693026,25.1925666],[55.2692944,25.1925801],[55.2692202,25.1927008]]}},{"type":"Feature","id":"osm-way-751526911","properties":{"highway":"service","layer":"1","service":"parking_aisle","osm_type":"way","osm_id":751526911,"road_class":"service","source_priority":"osm-general"},"geometry":{"type":"LineString","coordinates":[[55.2719523,25.201521],[55.2721237,25.2017935]]}},{"type":"Feature","id":"osm-way-752854905","properties":{"highway":"service","service":"parking_aisle","osm_type":"way","osm_id":752854905,"road_class":"service","source_priority":"osm-general"},"geometry":{"type":"LineString","coordinates":[[55.2646591,25.2029473],[55.2645569,25.2027913],[55.2644596,25.2026411],[55.2643643,25.202494]]}},{"type":"Feature","id":"osm-way-752854906","properties":{"highway":"service","service":"parking_aisle","osm_type":"way","osm_id":752854906,"road_class":"service","source_priority":"osm-general"},"geometry":{"type":"LineString","coordinates":[[55.2654994,25.2024909],[55.2655563,25.2025792],[55.2655649,25.2026012],[55.2655656,25.2026245],[55.2655583,25.2026468],[55.2655438,25.202666],[55.2655235,25.2026803],[55.264832,25.2030458],[55.2647995,25.2030558],[55.2647651,25.203054],[55.264734,25.2030409],[55.2647106,25.2030182],[55.2646591,25.2029473]]}},{"type":"Feature","id":"osm-way-752854907","properties":{"highway":"service","osm_type":"way","osm_id":752854907,"road_class":"service","source_priority":"osm-general"},"geometry":{"type":"LineString","coordinates":[[55.2652276,25.2020778],[55.2652974,25.2021806],[55.2653996,25.2023372],[55.2654994,25.2024909]]}},{"type":"Feature","id":"osm-way-752854909","properties":{"highway":"service","service":"parking_aisle","osm_type":"way","osm_id":752854909,"road_class":"service","source_priority":"osm-general"},"geometry":{"type":"LineString","coordinates":[[55.2645569,25.2027913],[55.2653996,25.2023372],[55.266019,25.202009],[55.2660404,25.2019868],[55.2660525,25.2019594],[55.2660539,25.2019299],[55.2660446,25.2019017],[55.2659773,25.2018078],[55.2658745,25.2016633],[55.2658485,25.2016338],[55.2658138,25.2016137],[55.2657757,25.2015993],[55.2657355,25.201591],[55.2656944,25.2015892],[55.2656535,25.2015937],[55.2656141,25.2016046],[55.2652586,25.2017994],[55.2652427,25.2018196],[55.2652368,25.2018438],[55.2652418,25.2018682],[55.2652872,25.2019289],[55.2653052,25.2019411],[55.2653264,25.2019476],[55.2653489,25.2019478],[55.2653702,25.2019415],[55.2658745,25.2016633]]}},{"type":"Feature","id":"osm-way-752854911","properties":{"highway":"service","service":"parking_aisle","osm_type":"way","osm_id":752854911,"road_class":"service","source_priority":"osm-general"},"geometry":{"type":"LineString","coordinates":[[55.2654994,25.2024909],[55.2646591,25.2029473]]}},{"type":"Feature","id":"osm-way-752854913","properties":{"highway":"service","service":"parking_aisle","osm_type":"way","osm_id":752854913,"road_class":"service","source_priority":"osm-general"},"geometry":{"type":"LineString","coordinates":[[55.2644596,25.2026411],[55.2652974,25.2021806],[55.2659773,25.2018078]]}},{"type":"Feature","id":"osm-way-752854914","properties":{"highway":"service","service":"parking_aisle","osm_type":"way","osm_id":752854914,"road_class":"service","source_priority":"osm-general"},"geometry":{"type":"LineString","coordinates":[[55.2643289,25.2023083],[55.2649306,25.2019804],[55.2649601,25.2019828],[55.2649856,25.2019937],[55.2650057,25.2020168],[55.2650432,25.2020872],[55.2650432,25.2021066],[55.2650338,25.2021308],[55.2650084,25.2021539],[55.2643643,25.202494],[55.2643065,25.2024044],[55.2642976,25.2023792],[55.2642986,25.2023527],[55.2643095,25.2023281],[55.2643289,25.2023083]]}},{"type":"Feature","id":"osm-way-752854915","properties":{"highway":"service","service":"parking_aisle","osm_type":"way","osm_id":752854915,"road_class":"service","source_priority":"osm-general"},"geometry":{"type":"LineString","coordinates":[[55.2641488,25.198162],[55.2636063,25.1975676],[55.2635849,25.1975482],[55.2635578,25.1975356],[55.2635278,25.1975311],[55.2634978,25.1975351],[55.2634705,25.1975474],[55.2634488,25.1975666],[55.2634345,25.1975909],[55.2634293,25.197618],[55.2634334,25.1976452],[55.2634466,25.19767],[55.2637142,25.1979731],[55.2639888,25.1982806],[55.2640251,25.1982992],[55.2640665,25.1983034],[55.2641065,25.1982927],[55.2641388,25.1982688],[55.2641582,25.1982354],[55.2641617,25.1981979],[55.2641488,25.198162]]}},{"type":"Feature","id":"osm-way-752854916","properties":{"highway":"service","osm_type":"way","osm_id":752854916,"road_class":"service","source_priority":"osm-general"},"geometry":{"type":"LineString","coordinates":[[55.2635428,25.1981005],[55.2637142,25.1979731]]}},{"type":"Feature","id":"osm-way-752854917","properties":{"highway":"service","service":"parking_aisle","osm_type":"way","osm_id":752854917,"road_class":"service","source_priority":"osm-general"},"geometry":{"type":"LineString","coordinates":[[55.2632009,25.1974098],[55.2629595,25.1971593],[55.2623785,25.1965337],[55.2621652,25.196298],[55.2621491,25.1962765],[55.262143,25.1962512],[55.2621476,25.1962256],[55.2621623,25.1962033],[55.262239,25.1961447],[55.262258,25.196137],[55.2622788,25.1961357],[55.2622988,25.196141],[55.2623156,25.1961522],[55.2630381,25.1969381],[55.2633519,25.1972795],[55.263364,25.1972978],[55.2633671,25.197319],[55.2633607,25.1973396],[55.2633458,25.1973562],[55.2632746,25.1974165],[55.2632564,25.1974242],[55.2632364,25.1974256],[55.2632171,25.1974206],[55.2632009,25.1974098]]}},{"type":"Feature","id":"osm-way-752854918","properties":{"highway":"service","osm_type":"way","osm_id":752854918,"road_class":"service","source_priority":"osm-general"},"geometry":{"type":"LineString","coordinates":[[55.2628008,25.1972754],[55.2629595,25.1971593]]}},{"type":"Feature","id":"osm-way-752854919","properties":{"highway":"service","osm_type":"way","osm_id":752854919,"road_class":"service","source_priority":"osm-general"},"geometry":{"type":"LineString","coordinates":[[55.2622305,25.1966579],[55.2623785,25.1965337]]}},{"type":"Feature","id":"osm-way-752854920","properties":{"highway":"service","oneway":"yes","service":"parking_aisle","osm_type":"way","osm_id":752854920,"road_class":"service","source_priority":"osm-general"},"geometry":{"type":"LineString","coordinates":[[55.2644824,25.1984487],[55.2644202,25.1983782],[55.2644012,25.1983695],[55.2643802,25.1983666],[55.2643593,25.1983697],[55.2643404,25.1983786],[55.2641174,25.1985428],[55.2642172,25.1986466],[55.2642384,25.1986553],[55.2642578,25.1986563],[55.2642771,25.1986511],[55.2644703,25.1985124],[55.2644761,25.1985072],[55.2644853,25.198494],[55.2644896,25.1984789],[55.2644886,25.1984633],[55.2644824,25.1984487]]}},{"type":"Feature","id":"osm-way-752854921","properties":{"highway":"service","oneway":"yes","osm_type":"way","osm_id":752854921,"road_class":"service","source_priority":"osm-general"},"geometry":{"type":"LineString","coordinates":[[55.2651839,25.19809],[55.2651717,25.1981263],[55.2651545,25.1981574],[55.2651314,25.1981851],[55.2651035,25.1982083],[55.2646566,25.1985116],[55.2646217,25.1985299],[55.264582,25.1985365],[55.2645421,25.1985307],[55.2644943,25.1985151],[55.2644761,25.1985072]]}},{"type":"Feature","id":"osm-way-752854922","properties":{"highway":"service","oneway":"yes","osm_type":"way","osm_id":752854922,"road_class":"service","source_priority":"osm-general"},"geometry":{"type":"LineString","coordinates":[[55.2647769,25.199248],[55.2647907,25.1992],[55.2648188,25.1991632],[55.2648596,25.1991381],[55.2649077,25.1991279],[55.2649566,25.1991341]]}},{"type":"Feature","id":"osm-way-752854923","properties":{"highway":"service","oneway":"yes","osm_type":"way","osm_id":752854923,"road_class":"service","source_priority":"osm-general"},"geometry":{"type":"LineString","coordinates":[[55.2652386,25.1994905],[55.2652304,25.199533],[55.2652049,25.1995695],[55.2651658,25.1995943],[55.2651192,25.1996036],[55.2650685,25.1996006]]}},{"type":"Feature","id":"osm-way-752854926","properties":{"highway":"service","oneway":"yes","osm_type":"way","osm_id":752854926,"road_class":"service","source_priority":"osm-general"},"geometry":{"type":"LineString","coordinates":[[55.2647633,25.1994757],[55.264827,25.1994469],[55.2648444,25.1994331],[55.2648563,25.1994152],[55.2648616,25.1993948],[55.2648597,25.1993739],[55.2648509,25.1993546],[55.2647769,25.199248],[55.2646333,25.1990705],[55.2644405,25.1988321],[55.2644242,25.1987879],[55.2644335,25.1987421],[55.2644661,25.198706],[55.264514,25.1986887],[55.2645651,25.1986945],[55.2646068,25.1987219],[55.2648042,25.1989545],[55.2649566,25.1991341],[55.2650695,25.1992683],[55.2652386,25.1994905],[55.2653692,25.1996533],[55.2655803,25.1999164],[55.2655951,25.1999596],[55.2655856,25.200004],[55.2655539,25.200039],[55.2655076,25.2000561],[55.2654579,25.2000514],[55.2654166,25.2000259],[55.2652033,25.1997653],[55.2650685,25.1996006],[55.2649699,25.1995021],[55.2649514,25.1994883],[55.2649286,25.199482],[55.2649047,25.1994839],[55.2648835,25.1994939],[55.2648681,25.1995105],[55.2648362,25.1995659]]}},{"type":"Feature","id":"osm-way-754116485","properties":{"highway":"service","oneway":"yes","osm_type":"way","osm_id":754116485,"road_class":"service","source_priority":"osm-general"},"geometry":{"type":"LineString","coordinates":[[55.2713565,25.1875183],[55.2713413,25.1874834],[55.2713222,25.1874477],[55.2713003,25.1874134],[55.2712759,25.1873805],[55.2710553,25.1871293],[55.2710415,25.1871107],[55.2710348,25.1870892],[55.2710358,25.1870659],[55.2710449,25.1870442],[55.2710613,25.1870262],[55.271083,25.1870139],[55.271108,25.1870085],[55.2711336,25.1870105],[55.2711572,25.1870199],[55.2711765,25.1870359],[55.271408,25.1872896],[55.2714394,25.187318],[55.2714729,25.1873442],[55.2715085,25.1873681],[55.2715552,25.1873957]]}},{"type":"Feature","id":"osm-way-754116486","properties":{"highway":"service","oneway":"yes","osm_type":"way","osm_id":754116486,"road_class":"service","source_priority":"osm-general"},"geometry":{"type":"LineString","coordinates":[[55.2696317,25.1881925],[55.2697009,25.1881335],[55.2697451,25.188103],[55.2697943,25.1880796],[55.2698471,25.1880638],[55.2701082,25.1880283],[55.2703513,25.1879388],[55.2705095,25.187895],[55.2706653,25.187845],[55.2708185,25.1877887],[55.2709688,25.1877263],[55.2711159,25.1876579],[55.2711886,25.187622],[55.2712593,25.1875829],[55.271328,25.1875409],[55.2713565,25.1875183],[55.2714504,25.1874558],[55.2715552,25.1873957],[55.2716375,25.1873535],[55.271717,25.1873072],[55.2717935,25.1872569],[55.2729417,25.186455],[55.2730138,25.1864315],[55.2730492,25.1864361],[55.2731234,25.1864428]]}},{"type":"Feature","id":"osm-way-754116489","properties":{"highway":"service","osm_type":"way","osm_id":754116489,"road_class":"service","source_priority":"osm-general"},"geometry":{"type":"LineString","coordinates":[[55.2744645,25.1847087],[55.2748316,25.1851216]]}},{"type":"Feature","id":"osm-way-754116490","properties":{"highway":"service","oneway":"yes","osm_type":"way","osm_id":754116490,"road_class":"service","source_priority":"osm-general"},"geometry":{"type":"LineString","coordinates":[[55.2742131,25.1856872],[55.2742254,25.1856268],[55.2742432,25.1855782],[55.2742702,25.1855331],[55.2743055,25.1854931],[55.274348,25.1854592],[55.2746451,25.1852552],[55.2747214,25.1852022],[55.2748316,25.1851216],[55.2749681,25.1850355],[55.2750163,25.1850082],[55.2750695,25.1849903],[55.2751257,25.1849826],[55.2751825,25.1849877]]}},{"type":"Feature","id":"osm-way-756757425","properties":{"highway":"residential","oneway":"yes","osm_type":"way","osm_id":756757425,"road_class":"residential","source_priority":"osm-general"},"geometry":{"type":"LineString","coordinates":[[55.2713438,25.1919048],[55.2713891,25.1919371],[55.271429,25.1919749],[55.2714626,25.1920173],[55.2715916,25.1922084]]}},{"type":"Feature","id":"osm-way-770940779","properties":{"highway":"service","oneway":"yes","osm_type":"way","osm_id":770940779,"road_class":"service","source_priority":"osm-general"},"geometry":{"type":"LineString","coordinates":[[55.274998,25.2049946],[55.2750547,25.2049602],[55.2752391,25.2048385],[55.2752715,25.2048141],[55.2752994,25.2047855],[55.2753224,25.2047535],[55.2753364,25.2047256],[55.2753403,25.2046952],[55.2753335,25.2046652],[55.2753169,25.2046385],[55.275292,25.2046177],[55.2752613,25.204605],[55.2752189,25.2045977]]}},{"type":"Feature","id":"osm-way-778348893","properties":{"highway":"service","oneway":"yes","osm_type":"way","osm_id":778348893,"road_class":"service","source_priority":"osm-general"},"geometry":{"type":"LineString","coordinates":[[55.2738189,25.1899947],[55.2738592,25.1899812],[55.2739069,25.1899653],[55.2739524,25.1899584],[55.2740052,25.1899505],[55.2741296,25.1899363],[55.2742224,25.1899258],[55.2743148,25.1899128],[55.2743834,25.1899012]]}},{"type":"Feature","id":"osm-way-778348894","properties":{"highway":"service","oneway":"yes","osm_type":"way","osm_id":778348894,"road_class":"service","source_priority":"osm-general"},"geometry":{"type":"LineString","coordinates":[[55.2736918,25.1898665],[55.273749,25.1898644],[55.2738049,25.1898577],[55.2738477,25.189845],[55.2738885,25.1898305],[55.2739276,25.1898125],[55.2739798,25.1897854],[55.2740335,25.1897611],[55.2740891,25.1897405],[55.2741462,25.1897238],[55.2742036,25.18971],[55.2742643,25.1897014],[55.2743245,25.1896966],[55.2743811,25.1896878],[55.2744286,25.1896762],[55.274474,25.1896592],[55.2745165,25.189637],[55.2745555,25.1896099],[55.2745917,25.1895769],[55.2746226,25.1895397],[55.2746576,25.1894926],[55.2747503,25.1893498]]}},{"type":"Feature","id":"osm-way-793794489","properties":{"highway":"service","oneway":"yes","surface":"paving_stones","osm_type":"way","osm_id":793794489,"road_class":"service","source_priority":"osm-general"},"geometry":{"type":"LineString","coordinates":[[55.275036,25.1994074],[55.2751012,25.1993949],[55.2751669,25.1993852],[55.275233,25.1993783],[55.275606,25.1993796],[55.275655,25.1993788],[55.2756989,25.1993591],[55.275729,25.1993241],[55.2757397,25.1992808],[55.2757286,25.1992376],[55.2756981,25.1992029],[55.2756541,25.1991834],[55.2756051,25.1991831],[55.2755284,25.1991911],[55.2754172,25.1992028],[55.2753233,25.1992123],[55.275229,25.1992093],[55.2751361,25.1991941],[55.2750466,25.1991668],[55.2749624,25.199128],[55.2748854,25.1990786],[55.274817,25.1990197],[55.274773,25.198989],[55.2747121,25.1989729],[55.2746461,25.1989782],[55.2745829,25.198997],[55.2745462,25.1990319],[55.2745227,25.1990752],[55.2745146,25.1991228],[55.2745173,25.1991523],[55.2745303,25.1992013],[55.2745774,25.1992923]]}},{"type":"Feature","id":"osm-way-795079687","properties":{"highway":"service","osm_type":"way","osm_id":795079687,"road_class":"service","source_priority":"osm-general"},"geometry":{"type":"LineString","coordinates":[[55.2728846,25.189899],[55.2729203,25.1899813],[55.2729325,25.1900041],[55.2729464,25.1900249],[55.2729625,25.1900416],[55.2729815,25.1900557]]}},{"type":"Feature","id":"osm-way-808363949","properties":{"access":"permissive","highway":"service","oneway":"yes","osm_type":"way","osm_id":808363949,"road_class":"service","source_priority":"osm-general"},"geometry":{"type":"LineString","coordinates":[[55.274479,25.2045088],[55.2743773,25.2045534],[55.2743479,25.2045587],[55.274318,25.2045557],[55.2742906,25.2045447],[55.274268,25.2045268],[55.2740636,25.2042164]]}},{"type":"Feature","id":"osm-way-808363951","properties":{"highway":"service","service":"parking_aisle","osm_type":"way","osm_id":808363951,"road_class":"service","source_priority":"osm-general"},"geometry":{"type":"LineString","coordinates":[[55.2742001,25.204729],[55.2738214,25.2041689]]}},{"type":"Feature","id":"osm-way-808363952","properties":{"highway":"service","oneway":"yes","osm_type":"way","osm_id":808363952,"road_class":"service","source_priority":"osm-general"},"geometry":{"type":"LineString","coordinates":[[55.2741952,25.204902],[55.2742069,25.2048683],[55.2742133,25.2048335],[55.2742143,25.2047983],[55.2742099,25.2047632],[55.2742001,25.204729]]}},{"type":"Feature","id":"osm-way-808363954","properties":{"access":"permissive","highway":"service","osm_type":"way","osm_id":808363954,"road_class":"service","source_priority":"osm-general"},"geometry":{"type":"LineString","coordinates":[[55.2740972,25.2038021],[55.2742546,25.2040305],[55.2742594,25.2040434],[55.2742613,25.2040568],[55.2742603,25.2040704],[55.2742565,25.2040835],[55.274237,25.2041109],[55.2742238,25.2041249],[55.2742013,25.2041395],[55.2740636,25.2042164]]}},{"type":"Feature","id":"osm-way-808363955","properties":{"access":"permissive","highway":"service","osm_type":"way","osm_id":808363955,"road_class":"service","source_priority":"osm-general"},"geometry":{"type":"LineString","coordinates":[[55.2747488,25.2033103],[55.2743577,25.2035516],[55.2742972,25.2035869],[55.2742397,25.2036261],[55.2741855,25.2036689],[55.2741572,25.2036985],[55.2741328,25.2037309],[55.2741127,25.2037656],[55.2740972,25.2038021],[55.274084,25.2038229],[55.2740666,25.2038409],[55.2740381,25.2038591],[55.273926,25.203914],[55.2739122,25.2039232],[55.2739029,25.2039361],[55.2738992,25.2039512],[55.2739017,25.2039666],[55.27391,25.2039801],[55.2740636,25.2042164]]}},{"type":"Feature","id":"osm-way-808363956","properties":{"access":"permissive","highway":"service","osm_type":"way","osm_id":808363956,"road_class":"service","source_priority":"osm-general"},"geometry":{"type":"LineString","coordinates":[[55.2747097,25.2046425],[55.2746194,25.2045091],[55.2746122,25.2044984],[55.2745689,25.2044345],[55.274561,25.2044127],[55.2745626,25.2043899],[55.2745736,25.2043693],[55.2745923,25.2043539],[55.2749272,25.2041665],[55.2749435,25.2041543],[55.2749527,25.204137],[55.2749532,25.2041178],[55.2749448,25.2041002],[55.2749173,25.2040615],[55.2749068,25.204043],[55.2749037,25.2040224],[55.2749084,25.204002],[55.2749203,25.2039843],[55.274956,25.2039437],[55.2749765,25.2039026],[55.2749894,25.2038592],[55.2749949,25.2038142],[55.2749923,25.2037691],[55.274982,25.203725],[55.2749641,25.2036829],[55.2748447,25.2035172]]}},{"type":"Feature","id":"osm-way-808369007","properties":{"highway":"service","layer":"1","oneway":"yes","osm_type":"way","osm_id":808369007,"road_class":"service","source_priority":"osm-general"},"geometry":{"type":"LineString","coordinates":[[55.2728599,25.2007392],[55.2728334,25.2007053],[55.2728071,25.2006845],[55.2727731,25.2006772],[55.2727393,25.2006851],[55.2727133,25.2007063],[55.2727013,25.200736],[55.272706,25.2007673],[55.2727262,25.2007931],[55.2727686,25.2008224],[55.2728026,25.2008454],[55.2728327,25.2008726],[55.2728582,25.2009033],[55.2729527,25.2010538],[55.2730605,25.2012259],[55.273072,25.2012552],[55.2730694,25.2012863],[55.273053,25.2013138],[55.2730257,25.2013328],[55.2722777,25.2017187],[55.2721237,25.2017935],[55.2720324,25.2018389],[55.2720138,25.2018444],[55.2719943,25.201845],[55.2719753,25.2018408],[55.2719583,25.2018321],[55.2719446,25.2018195],[55.2718324,25.2016211],[55.2718241,25.2016097],[55.271814,25.2015997],[55.2718023,25.2015913],[55.2717846,25.2015826],[55.2717681,25.2015757],[55.2717532,25.2015662],[55.2717405,25.2015545],[55.2717303,25.2015408],[55.271337,25.2008615],[55.2713279,25.2008432],[55.2713216,25.2008239],[55.2713181,25.2008022],[55.2713183,25.2007803],[55.2713156,25.2007527],[55.2713084,25.2007258],[55.2712968,25.2007002],[55.2711533,25.2004611],[55.2711479,25.2004271],[55.2711581,25.2003946],[55.271184,25.2003722],[55.271219,25.2003543],[55.2712795,25.2003318],[55.2714303,25.200278],[55.2715341,25.200241],[55.2722454,25.1999864],[55.2722789,25.1999785],[55.2723131,25.1999834],[55.2723423,25.2000004],[55.2723715,25.2000245],[55.2723836,25.2000715],[55.2724021,25.2001168],[55.2724267,25.2001596],[55.2724571,25.2001992],[55.2724928,25.2002351],[55.272564,25.200344],[55.2725715,25.200362],[55.2725759,25.200384],[55.2725746,25.2004033],[55.2725689,25.200422],[55.2725623,25.2004497],[55.2725606,25.2004779],[55.2725638,25.2005061],[55.2725718,25.2005335],[55.2725812,25.2005492],[55.2725948,25.2005621],[55.2726118,25.2005712],[55.2726329,25.2005761],[55.2726547,25.2005752],[55.2726751,25.2005685],[55.2726962,25.2005548],[55.27271,25.200535],[55.2727146,25.2005167],[55.2727129,25.200498],[55.2726776,25.200434]]}},{"type":"Feature","id":"osm-way-808369008","properties":{"highway":"service","layer":"1","service":"parking_aisle","osm_type":"way","osm_id":808369008,"road_class":"service","source_priority":"osm-general"},"geometry":{"type":"LineString","coordinates":[[55.2712795,25.2003318],[55.2714848,25.2007016]]}},{"type":"Feature","id":"osm-way-808389239","properties":{"highway":"service","oneway":"yes","osm_type":"way","osm_id":808389239,"road_class":"service","source_priority":"osm-general"},"geometry":{"type":"LineString","coordinates":[[55.2748529,25.2018924],[55.2748548,25.2019289],[55.2748627,25.2019609],[55.2748769,25.2019879],[55.2748975,25.2020111],[55.2749386,25.2020335],[55.2749857,25.2020416],[55.275035,25.2020394]]}},{"type":"Feature","id":"osm-way-808389240","properties":{"highway":"service","oneway":"yes","osm_type":"way","osm_id":808389240,"road_class":"service","source_priority":"osm-general"},"geometry":{"type":"LineString","coordinates":[[55.275035,25.2020394],[55.274998,25.2020628],[55.2749569,25.2020796],[55.274913,25.2020894],[55.274868,25.2020917],[55.2748232,25.2020865],[55.2747734,25.2020803],[55.2746672,25.202064]]}},{"type":"Feature","id":"osm-way-808389242","properties":{"highway":"service","oneway":"yes","osm_type":"way","osm_id":808389242,"road_class":"service","source_priority":"osm-general"},"geometry":{"type":"LineString","coordinates":[[55.2757634,25.2006318],[55.2757287,25.2006369],[55.2756968,25.2006502],[55.2756698,25.2006705],[55.2756497,25.2006965],[55.2756378,25.2007264],[55.2755659,25.2010257],[55.2755279,25.2011502],[55.2754802,25.2012721],[55.2754231,25.2013906],[55.275357,25.2015051],[55.2752821,25.2016151],[55.2752392,25.2016645],[55.2751778,25.2017052],[55.2751099,25.2017384],[55.2750374,25.2017621],[55.2749617,25.2017757]]}},{"type":"Feature","id":"osm-way-810375814","properties":{"highway":"service","oneway":"yes","osm_type":"way","osm_id":810375814,"road_class":"service","source_priority":"osm-general"},"geometry":{"type":"LineString","coordinates":[[55.2682109,25.1871038],[55.2680011,25.187061],[55.2679783,25.1870534],[55.2679607,25.1870381],[55.2679513,25.1870178],[55.2679516,25.1869958],[55.2680635,25.1865286],[55.2680915,25.1864522]]}},{"type":"Feature","id":"osm-way-810383585","properties":{"highway":"service","osm_type":"way","osm_id":810383585,"road_class":"service","source_priority":"osm-general"},"geometry":{"type":"LineString","coordinates":[[55.2640088,25.1853872],[55.2639588,25.1853829],[55.2639087,25.1853843],[55.2638591,25.1853914],[55.2638109,25.1854041],[55.2637649,25.1854221],[55.2632622,25.1856829],[55.2632343,25.1856973],[55.2632089,25.1857152],[55.2631866,25.1857362],[55.2631676,25.1857597],[55.2631507,25.1857857],[55.2631306,25.1858097],[55.2631075,25.1858315],[55.2630818,25.1858507],[55.2630072,25.1858899],[55.262957,25.1859163]]}},{"type":"Feature","id":"osm-way-810383586","properties":{"highway":"service","oneway":"yes","osm_type":"way","osm_id":810383586,"road_class":"service","source_priority":"osm-general"},"geometry":{"type":"LineString","coordinates":[[55.2641137,25.185392],[55.2641155,25.1854109],[55.2641095,25.185429],[55.2640965,25.1854439],[55.2640783,25.1854533],[55.2640576,25.1854559],[55.2640372,25.1854514],[55.2640202,25.1854404],[55.2640089,25.1854245],[55.2640049,25.1854059],[55.2640088,25.1853872],[55.2640211,25.1853703],[55.2640399,25.1853591],[55.264062,25.1853556],[55.2640845,25.1853606],[55.2641028,25.1853735],[55.2641137,25.185392]]}},{"type":"Feature","id":"osm-way-810383587","properties":{"highway":"service","oneway":"yes","osm_type":"way","osm_id":810383587,"road_class":"service","source_priority":"osm-general"},"geometry":{"type":"LineString","coordinates":[[55.2642864,25.1852827],[55.2642567,25.1852981],[55.2641591,25.1853485],[55.2641421,25.1853611],[55.2641271,25.1853756],[55.2641137,25.185392]]}},{"type":"Feature","id":"osm-way-810635414","properties":{"bridge":true,"destination":"Al Sharjah;Sheikh Zayed Road","destination:lang:ar":"الشارقة;شارع الشيخ زايد","destination:lang:en":"Al Sharjah;Sheikh Zayed Road","destination:ref":"E11 (North)","highway":"motorway_link","lanes":"1","layer":1,"lit":"yes","maxspeed":"60","oneway":"yes","source":"Bing","surface":"asphalt","osm_type":"way","osm_id":810635414,"road_class":"motorway","source_priority":"osm-general","elevation_m":7,"elevation_source":"configurable-estimate"},"geometry":{"type":"LineString","coordinates":[[55.273405,25.2041836],[55.2732988,25.2043244],[55.2731955,25.2044671],[55.2730953,25.2046115],[55.2729981,25.2047576]]}},{"type":"Feature","id":"osm-way-812630312","properties":{"highway":"service","osm_type":"way","osm_id":812630312,"road_class":"service","source_priority":"osm-general"},"geometry":{"type":"LineString","coordinates":[[55.2669636,25.2048341],[55.2668636,25.2046893],[55.2667617,25.2045419],[55.2666674,25.2044036],[55.2665993,25.2043039],[55.2665887,25.2042769],[55.2665883,25.2042483],[55.2665982,25.204221],[55.2666172,25.2041981],[55.2672279,25.2038507],[55.2672577,25.2038417],[55.2672891,25.2038427],[55.2673181,25.2038538],[55.2673408,25.2038734],[55.2673951,25.203963],[55.2674928,25.2041154],[55.2675885,25.2042646],[55.2676828,25.2044135]]}},{"type":"Feature","id":"osm-way-812630313","properties":{"highway":"service","service":"parking_aisle","osm_type":"way","osm_id":812630313,"road_class":"service","source_priority":"osm-general"},"geometry":{"type":"LineString","coordinates":[[55.2673154,25.2048135],[55.2670902,25.2049416],[55.2670654,25.2049439],[55.2670418,25.2049366],[55.2670237,25.2049211],[55.2669636,25.2048341]]}},{"type":"Feature","id":"osm-way-812630314","properties":{"highway":"service","oneway":"yes","osm_type":"way","osm_id":812630314,"road_class":"service","source_priority":"osm-general"},"geometry":{"type":"LineString","coordinates":[[55.2675082,25.2049545],[55.2674982,25.2049199],[55.2674846,25.2048864],[55.2674675,25.2048541],[55.2673094,25.2046219]]}},{"type":"Feature","id":"osm-way-812630315","properties":{"highway":"service","service":"parking_aisle","osm_type":"way","osm_id":812630315,"road_class":"service","source_priority":"osm-general"},"geometry":{"type":"LineString","coordinates":[[55.2666674,25.2044036],[55.2673951,25.203963]]}},{"type":"Feature","id":"osm-way-812630316","properties":{"highway":"service","service":"parking_aisle","osm_type":"way","osm_id":812630316,"road_class":"service","source_priority":"osm-general"},"geometry":{"type":"LineString","coordinates":[[55.2667617,25.2045419],[55.2674928,25.2041154]]}},{"type":"Feature","id":"osm-way-812630317","properties":{"highway":"service","service":"parking_aisle","osm_type":"way","osm_id":812630317,"road_class":"service","source_priority":"osm-general"},"geometry":{"type":"LineString","coordinates":[[55.2668636,25.2046893],[55.2675885,25.2042646]]}},{"type":"Feature","id":"osm-way-812630318","properties":{"highway":"service","osm_type":"way","osm_id":812630318,"road_class":"service","source_priority":"osm-general"},"geometry":{"type":"LineString","coordinates":[[55.2669636,25.2048341],[55.2673094,25.2046219],[55.2673484,25.2045988],[55.2676828,25.2044135]]}},{"type":"Feature","id":"osm-way-812631025","properties":{"highway":"service","osm_type":"way","osm_id":812631025,"road_class":"service","source_priority":"osm-general"},"geometry":{"type":"LineString","coordinates":[[55.266297,25.2053697],[55.2662468,25.2053019],[55.2661609,25.205186],[55.266041,25.2050128],[55.2659653,25.2049036],[55.265945,25.2048837],[55.2659194,25.2048697],[55.2658905,25.2048628],[55.2658607,25.2048635],[55.2658322,25.2048717],[55.2652302,25.2052016]]}},{"type":"Feature","id":"osm-way-813334401","properties":{"highway":"tertiary","lit":"yes","maxspeed":"40","oneway":"yes","sidewalk":"both","source":"Bing","surface":"asphalt","osm_type":"way","osm_id":813334401,"road_class":"tertiary","source_priority":"osm-general"},"geometry":{"type":"LineString","coordinates":[[55.2749914,25.2032692],[55.2750045,25.2032875],[55.27505,25.2033512],[55.2754264,25.2038778],[55.2754964,25.2039763]]}},{"type":"Feature","id":"osm-way-813334402","properties":{"destination":"Abu Dhabi;Sheikh Zayed Road","destination:lang:ar":"أبو ظبي;شارع الشيخ زايد","destination:lang:en":"Abu Dhabi;Sheikh Zayed Road","destination:ref":"E11 (South)","highway":"motorway_link","lanes":"1","lit":"yes","maxspeed":"60","oneway":"yes","source":"Bing","surface":"asphalt","osm_type":"way","osm_id":813334402,"road_class":"motorway","source_priority":"osm-general"},"geometry":{"type":"LineString","coordinates":[[55.273267,25.2039417],[55.2732357,25.2039926],[55.2732016,25.2040422],[55.273165,25.2040902],[55.2731258,25.2041365],[55.2729415,25.2043527],[55.2729068,25.2043964],[55.2728767,25.2044362]]}},{"type":"Feature","id":"osm-way-814752495","properties":{"highway":"service","osm_type":"way","osm_id":814752495,"road_class":"service","source_priority":"osm-general"},"geometry":{"type":"LineString","coordinates":[[55.271645,25.2019541],[55.271195,25.2021652],[55.2711031,25.2021947],[55.2710064,25.202206],[55.2709092,25.2021985],[55.2708159,25.2021727],[55.2707307,25.2021296]]}},{"type":"Feature","id":"osm-way-814752496","properties":{"highway":"service","layer":"1","osm_type":"way","osm_id":814752496,"road_class":"service","source_priority":"osm-general"},"geometry":{"type":"LineString","coordinates":[[55.2707307,25.2021296],[55.2706582,25.2020724],[55.2705399,25.2019498],[55.2704264,25.2018251],[55.2703171,25.2016972],[55.2702123,25.2015662],[55.2701992,25.2015425],[55.2702014,25.201516],[55.2702184,25.2014943],[55.2702452,25.2014835],[55.2702744,25.2014868],[55.2703555,25.2015113],[55.2704326,25.201545],[55.2705041,25.2015876],[55.2705688,25.2016382],[55.2706257,25.2016961],[55.2706736,25.2017603],[55.270712,25.2018295],[55.2707345,25.2018929],[55.2707324,25.2019595],[55.270706,25.2020217],[55.2706582,25.2020724]]}},{"type":"Feature","id":"osm-way-819297761","properties":{"destination":"Al Habtoor City;Marasi Drive","destination:lang:ar":"مدينة الحبتور;شارع مراسي","destination:lang:en":"Al Habtoor City;Marasi Drive","highway":"motorway_link","junction:ref":"49","lanes":"1","lit":"yes","oneway":"yes","surface":"asphalt","osm_type":"way","osm_id":819297761,"road_class":"motorway","source_priority":"osm-general"},"geometry":{"type":"LineString","coordinates":[[55.2593801,25.1913526],[55.2593543,25.1913073],[55.259306,25.1912482],[55.2592148,25.1911493],[55.2591814,25.1911154],[55.2591442,25.1910848],[55.2590988,25.1910654],[55.259049,25.1910589],[55.2589994,25.1910659],[55.2589542,25.1910857],[55.2589028,25.1911199]]}},{"type":"Feature","id":"osm-way-820054780","properties":{"destination":"South","destination:lang:ar":"جنوب","destination:lang:en":"South","destination:ref":"E11","highway":"motorway_link","lanes":"1","lit":"yes","oneway":"yes","surface":"asphalt","osm_type":"way","osm_id":820054780,"road_class":"motorway","source_priority":"osm-general"},"geometry":{"type":"LineString","coordinates":[[55.2583379,25.190662],[55.2584246,25.1906862],[55.2584678,25.1906898],[55.2585101,25.190681],[55.2585473,25.1906608],[55.2585757,25.1906311],[55.2585925,25.1905949],[55.2585926,25.1905678],[55.2585868,25.1905412],[55.2585753,25.1905162],[55.2585586,25.1904937],[55.2584385,25.1903631],[55.2584236,25.1903415],[55.2584122,25.1903183],[55.2584044,25.190294],[55.2583915,25.1902361]]}},{"type":"Feature","id":"osm-way-820062220","properties":{"alt_name:en":"58a Street","highway":"secondary","lanes":"2","lit":"yes","maxspeed":"60","name":"شارع البدع","name:ar":"شارع البدع","name:en":"Al Badaa' Street","old_name":"308 Road","oneway":"yes","sidewalk":"right","surface":"asphalt","osm_type":"way","osm_id":820062220,"road_class":"secondary","source_priority":"osm-general"},"geometry":{"type":"LineString","coordinates":[[55.2620968,25.1967006],[55.261504,25.19607],[55.2613641,25.1959144],[55.2611618,25.1956963],[55.2598532,25.1942895],[55.2596501,25.1940724],[55.259507,25.1939126],[55.2581376,25.1924271],[55.2579726,25.1922308],[55.2579309,25.1921899],[55.2578849,25.1921529],[55.257835,25.1921204],[55.2577818,25.1920924]]}},{"type":"Feature","id":"osm-way-820062221","properties":{"highway":"secondary_link","lanes":"2","name":"شارع الانجاز","name:ar":"شارع الانجاز","name:en":"Al Enjaaz Street","old_name":"13 Street","oneway":"yes","surface":"asphalt","osm_type":"way","osm_id":820062221,"road_class":"secondary","source_priority":"osm-general"},"geometry":{"type":"LineString","coordinates":[[55.2644933,25.1993477],[55.2644737,25.1993783],[55.2644495,25.1994061],[55.2644212,25.1994306],[55.2644042,25.1994423],[55.2641813,25.1995779]]}},{"type":"Feature","id":"osm-way-828475764","properties":{"highway":"service","osm_type":"way","osm_id":828475764,"road_class":"service","source_priority":"osm-general"},"geometry":{"type":"LineString","coordinates":[[55.2731024,25.1893811],[55.2731945,25.1893174],[55.273261,25.189271],[55.2734236,25.1891627],[55.2735886,25.1890574],[55.2737358,25.1889636]]}},{"type":"Feature","id":"osm-way-830271067","properties":{"destination":"Business Bay Station;Sofitel Downtown","destination:lang:ar":"محطة الخليج التجاري;سوفيتيل داون تاون","destination:lang:en":"Business Bay Station;Sofitel Downtown","highway":"motorway_link","lanes":"1","lit":"yes","oneway":"yes","surface":"asphalt","osm_type":"way","osm_id":830271067,"road_class":"motorway","source_priority":"osm-general"},"geometry":{"type":"LineString","coordinates":[[55.2587845,25.1898438],[55.2589272,25.1900054],[55.2599257,25.1910779],[55.2599511,25.1911033],[55.2599795,25.1911258],[55.2600107,25.1911451]]}},{"type":"Feature","id":"osm-way-830271068","properties":{"destination":"North","destination:lang:ar":"شمال","destination:lang:en":"North","destination:ref":"E11","highway":"motorway_link","lanes":"2","lit":"yes","oneway":"yes","surface":"asphalt","osm_type":"way","osm_id":830271068,"road_class":"motorway","source_priority":"osm-general"},"geometry":{"type":"LineString","coordinates":[[55.2600107,25.1911451],[55.2612282,25.1924499]]}},{"type":"Feature","id":"osm-way-830307350","properties":{"highway":"service","osm_type":"way","osm_id":830307350,"road_class":"service","source_priority":"osm-general"},"geometry":{"type":"LineString","coordinates":[[55.2687093,25.198444],[55.2681524,25.1987781]]}},{"type":"Feature","id":"osm-way-831159884","properties":{"access":"permissive","highway":"service","oneway":"yes","osm_type":"way","osm_id":831159884,"road_class":"service","source_priority":"osm-general"},"geometry":{"type":"LineString","coordinates":[[55.2573627,25.1896059],[55.2573085,25.1896413],[55.2572659,25.1896747],[55.2572283,25.1896991],[55.2572002,25.1897137],[55.2571701,25.1897244],[55.257141,25.1897296]]}},{"type":"Feature","id":"osm-way-831159885","properties":{"access":"permissive","highway":"service","osm_type":"way","osm_id":831159885,"road_class":"service","source_priority":"osm-general"},"geometry":{"type":"LineString","coordinates":[[55.257141,25.1897296],[55.256842,25.1899458],[55.2567654,25.1900012],[55.2566457,25.1900867],[55.2562947,25.19035],[55.2562569,25.1903806],[55.2562244,25.1904158],[55.2561931,25.1904511],[55.2560397,25.1905851],[55.2559473,25.1906562],[55.2559176,25.19067],[55.2558842,25.1906726],[55.2558524,25.1906634],[55.2558268,25.1906439],[55.2548736,25.1896292],[55.2548516,25.1896017],[55.2548426,25.1895687],[55.2548479,25.189535],[55.2548669,25.1895056],[55.2549771,25.1894276],[55.2551465,25.1893076],[55.2554415,25.1891144],[55.2556299,25.1889702],[55.2556905,25.1889231],[55.2557458,25.1888826],[55.2558247,25.1888264],[55.2561549,25.1885851]]}},{"type":"Feature","id":"osm-way-831159886","properties":{"access":"permissive","highway":"service","osm_type":"way","osm_id":831159886,"road_class":"service","source_priority":"osm-general"},"geometry":{"type":"LineString","coordinates":[[55.256842,25.1899458],[55.2565609,25.1896502],[55.2565238,25.1896282],[55.2564799,25.1896225],[55.2564373,25.1896339],[55.2564041,25.1896606],[55.2563863,25.1896974],[55.2563873,25.1897375],[55.2564069,25.1897736],[55.2566457,25.1900867]]}},{"type":"Feature","id":"osm-way-831159887","properties":{"access":"permissive","highway":"service","oneway":"yes","osm_type":"way","osm_id":831159887,"road_class":"service","source_priority":"osm-general"},"geometry":{"type":"LineString","coordinates":[[55.2556905,25.1889231],[55.2556357,25.1888598],[55.2555402,25.1887495]]}},{"type":"Feature","id":"osm-way-831159889","properties":{"access":"permissive","highway":"service","osm_type":"way","osm_id":831159889,"road_class":"service","source_priority":"osm-general"},"geometry":{"type":"LineString","coordinates":[[55.2556299,25.1889702],[55.2559185,25.1892534],[55.2559544,25.1892706],[55.2559949,25.1892736],[55.2560334,25.1892618],[55.2560636,25.1892372],[55.2560805,25.1892038],[55.2560814,25.1891671],[55.2560662,25.189133],[55.2558247,25.1888264]]}},{"type":"Feature","id":"osm-way-831159890","properties":{"access":"permissive","highway":"service","oneway":"yes","osm_type":"way","osm_id":831159890,"road_class":"service","source_priority":"osm-general"},"geometry":{"type":"LineString","coordinates":[[55.2556001,25.1887039],[55.2556944,25.1888196],[55.2557458,25.1888826]]}},{"type":"Feature","id":"osm-way-831159891","properties":{"access":"private","highway":"service","oneway":"yes","osm_type":"way","osm_id":831159891,"road_class":"service","source_priority":"osm-general"},"geometry":{"type":"LineString","coordinates":[[55.2575244,25.1914206],[55.2574009,25.1914897],[55.257374,25.1915075],[55.2573536,25.1915314],[55.2573414,25.1915595],[55.2573488,25.1916075],[55.2573524,25.1916331],[55.2573626,25.1916571],[55.2573753,25.1916802],[55.2573829,25.1917023],[55.2573811,25.1917227],[55.2573643,25.1917417],[55.25714,25.1919149],[55.2571213,25.1919208],[55.2571042,25.1919196],[55.2570871,25.1919105],[55.2569964,25.1918212],[55.2562734,25.1910535],[55.2562604,25.1910328],[55.2562552,25.1910095],[55.2562581,25.1909859],[55.256269,25.1909642],[55.2563721,25.190885],[55.2564271,25.1908453],[55.2564774,25.1908007],[55.2565224,25.1907517],[55.2565413,25.1907262],[55.2565618,25.1907025],[55.2565853,25.1906804],[55.256859,25.1904844],[55.2570485,25.1903336],[55.2573087,25.1901364],[55.2573459,25.1901264],[55.2573837,25.1901345],[55.257412,25.1901585],[55.2575841,25.1903414],[55.2576049,25.1903672],[55.2576221,25.1903951],[55.2576318,25.1904153],[55.2576455,25.1904564],[55.2576669,25.1904952],[55.2577834,25.1906226],[55.2578246,25.1906496],[55.2578707,25.190672],[55.257899,25.1906889],[55.2579263,25.1907092],[55.2579512,25.190732],[55.258102,25.1908959],[55.2581171,25.1909321],[55.2581158,25.1909618],[55.258099,25.1909906],[55.2577694,25.1912506]]}},{"type":"Feature","id":"osm-way-831159893","properties":{"access":"private","highway":"service","oneway":"yes","osm_type":"way","osm_id":831159893,"road_class":"service","source_priority":"osm-general"},"geometry":{"type":"LineString","coordinates":[[55.2570043,25.191265],[55.257099,25.1912028],[55.2571209,25.1911995],[55.2571422,25.1912054],[55.2571584,25.1912192],[55.2574009,25.1914897]]}},{"type":"Feature","id":"osm-way-831159894","properties":{"access":"private","highway":"service","osm_type":"way","osm_id":831159894,"road_class":"service","source_priority":"osm-general"},"geometry":{"type":"LineString","coordinates":[[55.2567654,25.1900012],[55.2569132,25.1901747],[55.2570485,25.1903336]]}},{"type":"Feature","id":"osm-way-831159895","properties":{"highway":"service","service":"parking_aisle","osm_type":"way","osm_id":831159895,"road_class":"service","source_priority":"osm-general"},"geometry":{"type":"LineString","coordinates":[[55.2549771,25.1894276],[55.2560397,25.1905851]]}},{"type":"Feature","id":"osm-way-831159896","properties":{"access":"permissive","highway":"service","osm_type":"way","osm_id":831159896,"road_class":"service","source_priority":"osm-general"},"geometry":{"type":"LineString","coordinates":[[55.2561931,25.1904511],[55.2551465,25.1893076]]}},{"type":"Feature","id":"osm-way-832553329","properties":{"highway":"service","osm_type":"way","osm_id":832553329,"road_class":"service","source_priority":"osm-general"},"geometry":{"type":"LineString","coordinates":[[55.2617431,25.1964825],[55.2611892,25.196893]]}},{"type":"Feature","id":"osm-way-834180214","properties":{"highway":"service","service":"parking_aisle","osm_type":"way","osm_id":834180214,"road_class":"service","source_priority":"osm-general"},"geometry":{"type":"LineString","coordinates":[[55.2609668,25.1993777],[55.2609307,25.1993042],[55.2609237,25.1992803],[55.2609305,25.1992563],[55.2609493,25.1992383],[55.2610918,25.1991579],[55.2611146,25.199154],[55.2611377,25.1991568],[55.2611585,25.1991661],[55.2611751,25.1991809],[55.2612146,25.1992363]]}},{"type":"Feature","id":"osm-way-834180215","properties":{"highway":"service","osm_type":"way","osm_id":834180215,"road_class":"service","source_priority":"osm-general"},"geometry":{"type":"LineString","coordinates":[[55.2605988,25.1996965],[55.2605889,25.1996308],[55.2605881,25.1996109],[55.2605938,25.1995918],[55.2606055,25.1995749],[55.2606221,25.199562],[55.2609668,25.1993777],[55.2612146,25.1992363],[55.2615145,25.1990527],[55.2615427,25.1990408],[55.2615732,25.1990348],[55.2616044,25.1990351],[55.2616763,25.1990429]]}},{"type":"Feature","id":"osm-way-842543546","properties":{"access":"private","highway":"service","oneway":"yes","osm_type":"way","osm_id":842543546,"road_class":"service","source_priority":"osm-general"},"geometry":{"type":"LineString","coordinates":[[55.2576669,25.1904952],[55.2578643,25.1903458],[55.2579243,25.1902986],[55.2579715,25.1902647]]}},{"type":"Feature","id":"osm-way-842543547","properties":{"access":"private","highway":"service","oneway":"yes","osm_type":"way","osm_id":842543547,"road_class":"service","source_priority":"osm-general"},"geometry":{"type":"LineString","coordinates":[[55.2580771,25.1903789],[55.2580287,25.1904196],[55.2579766,25.1904622],[55.2577834,25.1906226]]}},{"type":"Feature","id":"osm-way-844684636","properties":{"access":"private","highway":"service","oneway":"yes","osm_type":"way","osm_id":844684636,"road_class":"service","source_priority":"osm-general"},"geometry":{"type":"LineString","coordinates":[[55.257928,25.1917399],[55.2578268,25.1916324],[55.2577291,25.1915286],[55.2576973,25.1914942],[55.2576604,25.1914653],[55.2576183,25.191443],[55.2575725,25.1914279],[55.2575244,25.1914206]]}},{"type":"Feature","id":"osm-way-844684637","properties":{"access":"private","highway":"service","oneway":"yes","osm_type":"way","osm_id":844684637,"road_class":"service","source_priority":"osm-general"},"geometry":{"type":"LineString","coordinates":[[55.2577694,25.1912506],[55.2577727,25.1912909],[55.257782,25.1913304],[55.2577969,25.1913684],[55.2578173,25.1914043],[55.2578428,25.1914374],[55.2579434,25.1915421],[55.2580538,25.1916569]]}},{"type":"Feature","id":"osm-way-854073825","properties":{"foot":"no","highway":"secondary","lanes":"2","name":"شارع العلم","name:ar":"شارع العلم","name:en":"AL Alam Street","oneway":"yes","surface":"asphalt","osm_type":"way","osm_id":854073825,"road_class":"secondary","source_priority":"osm-general"},"geometry":{"type":"LineString","coordinates":[[55.2715646,25.1875111],[55.2716684,25.1876266]]}},{"type":"Feature","id":"osm-way-854073947","properties":{"foot":"no","highway":"tertiary","lanes":"2","name":"شارع العهود","name:ar":"شارع العهود","name:en":"Al Ohood Street","oneway":"yes","sidewalk:right:surface":"paving_stones","surface":"asphalt","osm_type":"way","osm_id":854073947,"road_class":"tertiary","source_priority":"osm-general"},"geometry":{"type":"LineString","coordinates":[[55.2748832,25.1852027],[55.275001,25.1853374],[55.2750632,25.1854082],[55.275312,25.1856822]]}},{"type":"Feature","id":"osm-way-854074841","properties":{"foot":"no","highway":"tertiary","lanes":"2","lit":"yes","maxspeed":"40","name":"شارع الملتقى","name:ar":"شارع 20","name:en":"20th Street","oneway":"yes","sidewalk":"no","surface":"asphalt","osm_type":"way","osm_id":854074841,"road_class":"tertiary","source_priority":"osm-general"},"geometry":{"type":"LineString","coordinates":[[55.256985,25.2036198],[55.2570395,25.2037033]]}},{"type":"Feature","id":"osm-way-856490662","properties":{"foot":"no","highway":"residential","lanes":"2","lit":"yes","name":"شارع الراية","name:ar":"شارع الراية","name:en":"Al Raya Street","oneway":"yes","surface":"asphalt","osm_type":"way","osm_id":856490662,"road_class":"residential","source_priority":"osm-general"},"geometry":{"type":"LineString","coordinates":[[55.2659862,25.2011024],[55.2658824,25.2011621]]}},{"type":"Feature","id":"osm-way-907184773","properties":{"highway":"service","oneway":"yes","surface":"asphalt","osm_type":"way","osm_id":907184773,"road_class":"service","source_priority":"osm-general"},"geometry":{"type":"LineString","coordinates":[[55.273363,25.1911104],[55.2729423,25.1912378],[55.2729033,25.191247],[55.2728633,25.1912509],[55.2728231,25.1912495],[55.2727717,25.1912379],[55.2726158,25.1911732]]}},{"type":"Feature","id":"osm-way-907184774","properties":{"highway":"service","oneway":"yes","surface":"asphalt","osm_type":"way","osm_id":907184774,"road_class":"service","source_priority":"osm-general"},"geometry":{"type":"LineString","coordinates":[[55.2724627,25.1912363],[55.2724498,25.1913619],[55.2724447,25.1913971],[55.2724291,25.1914296],[55.2724042,25.191457],[55.2723718,25.1914771],[55.2720944,25.1916181]]}},{"type":"Feature","id":"osm-way-931356486","properties":{"highway":"service","oneway":"yes","osm_type":"way","osm_id":931356486,"road_class":"service","source_priority":"osm-general"},"geometry":{"type":"LineString","coordinates":[[55.2733966,25.1990461],[55.2734354,25.1990041],[55.2734804,25.1989764],[55.273508,25.1989629],[55.2735343,25.19895],[55.2736067,25.1989216],[55.2736708,25.1988913],[55.2737321,25.198854],[55.2737903,25.1988128],[55.2738182,25.1987891],[55.2738541,25.1987605],[55.2738876,25.1987297],[55.2739186,25.1986968],[55.2739848,25.1986303],[55.2740034,25.1986161],[55.2740233,25.1986033],[55.2740442,25.198592],[55.2740661,25.1985822]]}},{"type":"Feature","id":"osm-way-931356489","properties":{"highway":"service","oneway":"yes","osm_type":"way","osm_id":931356489,"road_class":"service","source_priority":"osm-general"},"geometry":{"type":"LineString","coordinates":[[55.2740661,25.1985822],[55.2740564,25.1986019],[55.2740445,25.1986206],[55.2740304,25.1986381],[55.2740169,25.1986556],[55.2738951,25.1988385],[55.2738127,25.1989718],[55.2738002,25.1989951],[55.2737915,25.1990197],[55.2737868,25.1990445],[55.273786,25.1990696],[55.2737891,25.1990946],[55.273796,25.1991189]]}},{"type":"Feature","id":"osm-way-947221449","properties":{"highway":"service","osm_type":"way","osm_id":947221449,"road_class":"service","source_priority":"osm-general"},"geometry":{"type":"LineString","coordinates":[[55.2748207,25.1983033],[55.2749385,25.1982571],[55.2749918,25.198219],[55.2750306,25.1981686],[55.2750516,25.1981102],[55.2750528,25.1980487],[55.2750424,25.1979903],[55.2750125,25.1979377],[55.2749661,25.197896],[55.2749077,25.1978694],[55.2748431,25.1978604],[55.2746449,25.1978761]]}},{"type":"Feature","id":"osm-way-950193271","properties":{"destination":"Al Mustaqbal Street","destination:lang:ar":"شارع المستقبل","destination:lang:en":"Al Mustaqbal Street","destination:ref":"D86 (South)","foot":"no","highway":"tertiary_link","oneway":"yes","surface":"asphalt","osm_type":"way","osm_id":950193271,"road_class":"tertiary","source_priority":"osm-general"},"geometry":{"type":"LineString","coordinates":[[55.2679197,25.1936248],[55.2678132,25.1937402],[55.2677716,25.1938189],[55.2677163,25.1939042],[55.2676477,25.1939983],[55.267574,25.1940732],[55.2674995,25.1941418],[55.2674216,25.1942136],[55.2673646,25.1942631],[55.2673237,25.1942942],[55.2672236,25.1943596]]}},{"type":"Feature","id":"osm-way-950193272","properties":{"destination":"Burj Khalifa Street","destination:lang:ar":"شارع برج خليفة","destination:lang:en":"Burj Khalifa Street","destination:ref":"West","foot":"no","highway":"tertiary_link","maxheight":"5.5","oneway":"yes","surface":"asphalt","osm_type":"way","osm_id":950193272,"road_class":"tertiary","source_priority":"osm-general"},"geometry":{"type":"LineString","coordinates":[[55.266515,25.1936134],[55.2665408,25.1936633],[55.2665699,25.1937116],[55.2666023,25.1937581],[55.2666379,25.1938028],[55.2669359,25.1941477],[55.266975,25.1942125],[55.2669793,25.1942226],[55.2669985,25.1942671],[55.2670237,25.1943811]]}},{"type":"Feature","id":"osm-way-950193273","properties":{"destination":"Al Mustaqbal Street;Bur Dubai","destination:lang:ar":"شارع المستقبل;بر دبي","destination:lang:en":"Al Mustaqbal Street;Bur Dubai","destination:ref":"D86 (North)","foot":"no","highway":"tertiary_link","oneway":"yes","osm_type":"way","osm_id":950193273,"road_class":"tertiary","source_priority":"osm-general"},"geometry":{"type":"LineString","coordinates":[[55.2661543,25.1950622],[55.26632,25.1949762],[55.2664152,25.1949264],[55.2665249,25.1948571],[55.2667567,25.1946949],[55.2667956,25.1946677],[55.266864,25.1946204]]}},{"type":"Feature","id":"osm-way-950193274","properties":{"destination":"Burj Khalifa Street","destination:lang:ar":"شارع برج خليفة","destination:lang:en":"Burj Khalifa Street","destination:ref":"East","foot":"no","highway":"tertiary_link","maxheight":"5.5","oneway":"yes","surface":"asphalt","osm_type":"way","osm_id":950193274,"road_class":"tertiary","source_priority":"osm-general"},"geometry":{"type":"LineString","coordinates":[[55.2675666,25.195398],[55.2675414,25.1953388],[55.2675117,25.1952813],[55.2674775,25.1952259],[55.2674391,25.1951728],[55.2673966,25.1951223],[55.2670998,25.1947817],[55.2670598,25.1947229],[55.2670462,25.1946616],[55.2670566,25.1945959]]}},{"type":"Feature","id":"osm-way-962061937","properties":{"highway":"service","oneway":"yes","osm_type":"way","osm_id":962061937,"road_class":"service","source_priority":"osm-general"},"geometry":{"type":"LineString","coordinates":[[55.2712731,25.2012965],[55.2712211,25.201285],[55.2711702,25.2012681],[55.2711173,25.2012415],[55.2710758,25.2012127],[55.2710349,25.201178],[55.2709988,25.2011415],[55.2709769,25.2011142],[55.2709576,25.2010853],[55.270941,25.201055],[55.2709273,25.2010236],[55.2709166,25.2009912],[55.270909,25.2009582],[55.2709044,25.2009247],[55.2709026,25.2008909],[55.2709052,25.2008513],[55.2709111,25.2007981],[55.2709192,25.2007522],[55.2709327,25.2006989]]}},{"type":"Feature","id":"osm-way-962061938","properties":{"highway":"service","oneway":"yes","osm_type":"way","osm_id":962061938,"road_class":"service","source_priority":"osm-general"},"geometry":{"type":"LineString","coordinates":[[55.2710717,25.2014383],[55.271118,25.2013917],[55.271127,25.2013752],[55.2711289,25.2013569],[55.2711235,25.2013392],[55.2711116,25.2013243],[55.2710699,25.2012898],[55.2710498,25.2012696],[55.2710336,25.2012467],[55.2710219,25.2012216],[55.2710125,25.2011952],[55.2709988,25.2011415]]}},{"type":"Feature","id":"osm-way-962061940","properties":{"highway":"service","oneway":"yes","osm_type":"way","osm_id":962061940,"road_class":"service","source_priority":"osm-general"},"geometry":{"type":"LineString","coordinates":[[55.2718035,25.2025128],[55.2717782,25.2025177],[55.2717525,25.2025171],[55.2717276,25.202511],[55.271701,25.2024963],[55.2716797,25.2024767],[55.2716656,25.2024518],[55.2716599,25.2024243],[55.271663,25.2023965],[55.2716862,25.2023501],[55.2717047,25.2023197],[55.2717233,25.2022883],[55.271744,25.202252],[55.2717608,25.202213],[55.2717697,25.2021741],[55.2717717,25.2021343],[55.2717667,25.2020948]]}},{"type":"Feature","id":"osm-way-962061942","properties":{"highway":"service","oneway":"yes","osm_type":"way","osm_id":962061942,"road_class":"service","source_priority":"osm-general"},"geometry":{"type":"LineString","coordinates":[[55.2717047,25.2023197],[55.2717258,25.202187],[55.2717277,25.2021634],[55.2717223,25.2021401],[55.2717082,25.20212],[55.2716873,25.2021056],[55.2716621,25.2020987],[55.2716358,25.2021003],[55.2716118,25.20211],[55.2715932,25.2021268],[55.2715821,25.2021484],[55.2715202,25.2022718],[55.2715122,25.2022993],[55.2715147,25.2023276],[55.2715274,25.2023536],[55.2715489,25.2023744],[55.2715767,25.2023875],[55.2716079,25.2023916],[55.2716387,25.2023862],[55.2716658,25.2023718],[55.2716862,25.2023501]]}},{"type":"Feature","id":"osm-way-962061943","properties":{"highway":"service","oneway":"yes","osm_type":"way","osm_id":962061943,"road_class":"service","source_priority":"osm-general"},"geometry":{"type":"LineString","coordinates":[[55.2709026,25.2008909],[55.2708164,25.2007475],[55.2707944,25.2007214],[55.2707659,25.2007012],[55.2707327,25.2006882],[55.270697,25.2006836]]}},{"type":"Feature","id":"osm-way-962061945","properties":{"covered":"yes","highway":"service","layer":"-1","oneway":"yes","osm_type":"way","osm_id":962061945,"road_class":"service","source_priority":"osm-general"},"geometry":{"type":"LineString","coordinates":[[55.270697,25.2006836],[55.2706546,25.2006985],[55.2706221,25.2007273],[55.2706049,25.2007654],[55.2706018,25.2008068],[55.2706013,25.2008795],[55.270608,25.2009519],[55.2706219,25.2010235],[55.2706427,25.2010937],[55.2706705,25.2011619],[55.2707048,25.2012277],[55.2707455,25.2012903],[55.2707923,25.2013494],[55.2708447,25.2014045],[55.2709023,25.2014552],[55.2709441,25.201475],[55.270991,25.2014788],[55.2710359,25.201466],[55.2710717,25.2014383]]}},{"type":"Feature","id":"osm-way-962061946","properties":{"covered":"yes","highway":"service","osm_type":"way","osm_id":962061946,"road_class":"service","source_priority":"osm-general"},"geometry":{"type":"LineString","coordinates":[[55.2713823,25.2019924],[55.2713639,25.2019973],[55.2713447,25.201996],[55.2713273,25.2019885],[55.271314,25.2019759],[55.2712874,25.2019421],[55.2712645,25.2019062],[55.2712453,25.2018685],[55.2711687,25.2016978],[55.2711298,25.2016147],[55.2711196,25.2015818],[55.2711158,25.2015478],[55.2711177,25.2015188],[55.2711243,25.2014903]]}},{"type":"Feature","id":"osm-way-962061947","properties":{"highway":"service","osm_type":"way","osm_id":962061947,"road_class":"service","source_priority":"osm-general"},"geometry":{"type":"LineString","coordinates":[[55.2711243,25.2014903],[55.2711417,25.2014735],[55.2711651,25.2014644],[55.2711905,25.2014643],[55.2712139,25.2014734],[55.2712314,25.2014901],[55.2712401,25.2015118],[55.2712505,25.2015504],[55.271264,25.2015842],[55.2712807,25.2016168],[55.2713004,25.2016479],[55.2713751,25.2017644],[55.2713943,25.2018049],[55.2714047,25.2018483],[55.2714099,25.2018923],[55.2714107,25.2019496],[55.2714083,25.2019624],[55.2714024,25.2019742],[55.2713936,25.2019845],[55.2713823,25.2019924]]}},{"type":"Feature","id":"osm-way-962061949","properties":{"covered":"yes","highway":"service","osm_type":"way","osm_id":962061949,"road_class":"service","source_priority":"osm-general"},"geometry":{"type":"LineString","coordinates":[[55.2713542,25.2017732],[55.2713264,25.2017773],[55.2712984,25.2017749],[55.271272,25.2017662],[55.2712488,25.2017518],[55.2711687,25.2016978]]}},{"type":"Feature","id":"osm-way-962061950","properties":{"highway":"service","osm_type":"way","osm_id":962061950,"road_class":"service","source_priority":"osm-general"},"geometry":{"type":"LineString","coordinates":[[55.2715051,25.2017044],[55.2713751,25.2017644],[55.2713542,25.2017732]]}},{"type":"Feature","id":"osm-way-962061951","properties":{"highway":"service","osm_type":"way","osm_id":962061951,"road_class":"service","source_priority":"osm-general"},"geometry":{"type":"LineString","coordinates":[[55.271701,25.2024963],[55.2716734,25.2024895],[55.2716466,25.2024803],[55.271621,25.2024687],[55.2715966,25.2024576],[55.2715621,25.2024466],[55.2715267,25.202442],[55.2714903,25.2024404],[55.2714552,25.2024372],[55.27142,25.20243],[55.2713858,25.202421],[55.2708622,25.2023024]]}},{"type":"Feature","id":"osm-way-962061952","properties":{"highway":"service","osm_type":"way","osm_id":962061952,"road_class":"service","source_priority":"osm-general"},"geometry":{"type":"LineString","coordinates":[[55.2695279,25.2044393],[55.2692007,25.2046271],[55.2690607,25.2047075]]}},{"type":"Feature","id":"osm-way-962061953","properties":{"highway":"service","oneway":"yes","service":"parking_aisle","osm_type":"way","osm_id":962061953,"road_class":"service","source_priority":"osm-general"},"geometry":{"type":"LineString","coordinates":[[55.2689418,25.2047687],[55.2690607,25.2047075],[55.2692784,25.2050346],[55.2692848,25.2050492],[55.2692852,25.2050649],[55.2692794,25.2050797],[55.2692683,25.2050918],[55.2691867,25.2051366],[55.2691698,25.205142],[55.2691519,25.2051406],[55.2691362,25.2051329],[55.2691253,25.20512],[55.2689232,25.204824],[55.2689171,25.2048087],[55.2689185,25.2047925],[55.2689273,25.2047783],[55.2689418,25.2047687]]}},{"type":"Feature","id":"osm-way-962061954","properties":{"highway":"service","oneway":"yes","osm_type":"way","osm_id":962061954,"road_class":"service","source_priority":"osm-general"},"geometry":{"type":"LineString","coordinates":[[55.2695279,25.2044393],[55.2695263,25.2044133],[55.2695339,25.2043885],[55.2695448,25.2043724],[55.2695588,25.2043598],[55.2696286,25.2043167]]}},{"type":"Feature","id":"osm-way-962061955","properties":{"highway":"service","oneway":"yes","osm_type":"way","osm_id":962061955,"road_class":"service","source_priority":"osm-general"},"geometry":{"type":"LineString","coordinates":[[55.2696834,25.2043895],[55.2696155,25.2044328],[55.2695952,25.204442],[55.2695741,25.2044462],[55.2695493,25.2044453],[55.2695279,25.2044393]]}},{"type":"Feature","id":"osm-way-962061956","properties":{"highway":"service","service":"parking_aisle","osm_type":"way","osm_id":962061956,"road_class":"service","source_priority":"osm-general"},"geometry":{"type":"LineString","coordinates":[[55.2687236,25.2047159],[55.2691168,25.2044983],[55.2694709,25.2042915]]}},{"type":"Feature","id":"osm-way-962061957","properties":{"highway":"service","osm_type":"way","osm_id":962061957,"road_class":"service","source_priority":"osm-general"},"geometry":{"type":"LineString","coordinates":[[55.2692007,25.2046271],[55.2691168,25.2044983]]}},{"type":"Feature","id":"osm-way-962061958","properties":{"highway":"service","osm_type":"way","osm_id":962061958,"road_class":"service","source_priority":"osm-general"},"geometry":{"type":"LineString","coordinates":[[55.2686191,25.2039383],[55.2686719,25.2040167],[55.2686527,25.2041418],[55.2686111,25.204231],[55.2685702,25.2042942],[55.2685986,25.2044208],[55.2686522,25.2045063],[55.2687067,25.2045737],[55.2686144,25.2046124],[55.2685647,25.2046401],[55.2685025,25.2046766]]}},{"type":"Feature","id":"osm-way-962061960","properties":{"highway":"service","osm_type":"way","osm_id":962061960,"road_class":"service","source_priority":"osm-general"},"geometry":{"type":"LineString","coordinates":[[55.2686719,25.2040167],[55.268734,25.2040316],[55.2687781,25.204035],[55.268822,25.2040306],[55.2688643,25.2040188],[55.2689033,25.2039999],[55.2690171,25.203946],[55.2690385,25.2039402],[55.2690608,25.2039414],[55.2690813,25.2039494],[55.2690976,25.2039632],[55.2692914,25.204256],[55.2687067,25.2045737]]}},{"type":"Feature","id":"osm-way-971987292","properties":{"highway":"service","oneway":"yes","osm_type":"way","osm_id":971987292,"road_class":"service","source_priority":"osm-general"},"geometry":{"type":"LineString","coordinates":[[55.2679731,25.1901038],[55.2679218,25.1901201],[55.2678762,25.1901316],[55.2678288,25.1901327],[55.2677826,25.1901232],[55.2676966,25.1900868],[55.2676761,25.1900814],[55.2676547,25.1900814],[55.2676342,25.1900868],[55.2675998,25.1901077]]}},{"type":"Feature","id":"osm-way-971987294","properties":{"highway":"service","osm_type":"way","osm_id":971987294,"road_class":"service","source_priority":"osm-general"},"geometry":{"type":"LineString","coordinates":[[55.2675036,25.1899617],[55.2673553,25.1898823],[55.2673202,25.189868],[55.2672837,25.1898568],[55.2672462,25.1898489],[55.2672081,25.1898441]]}},{"type":"Feature","id":"osm-way-971987296","properties":{"highway":"service","oneway":"yes","service":"parking_aisle","osm_type":"way","osm_id":971987296,"road_class":"service","source_priority":"osm-general"},"geometry":{"type":"LineString","coordinates":[[55.2660236,25.1894954],[55.266159,25.1893885]]}},{"type":"Feature","id":"osm-way-971987300","properties":{"highway":"service","oneway":"yes","osm_type":"way","osm_id":971987300,"road_class":"service","source_priority":"osm-general"},"geometry":{"type":"LineString","coordinates":[[55.2663094,25.1891547],[55.2662544,25.1891457],[55.2662008,25.1891311],[55.2661495,25.1891111],[55.2660522,25.189067],[55.2660177,25.1890591],[55.2660041,25.1890586],[55.2659822,25.1890579],[55.2659472,25.1890635],[55.2659143,25.1890756],[55.2658409,25.189116],[55.2658113,25.1891382],[55.2657943,25.1891694],[55.2657928,25.1892041],[55.265807,25.1892364],[55.2659118,25.1893521]]}},{"type":"Feature","id":"osm-way-971987301","properties":{"highway":"service","oneway":"yes","osm_type":"way","osm_id":971987301,"road_class":"service","source_priority":"osm-general"},"geometry":{"type":"LineString","coordinates":[[55.2670381,25.189776],[55.2670515,25.1897573],[55.267062,25.1897341],[55.2670654,25.1896884],[55.2670617,25.1896427],[55.267051,25.189598],[55.2670335,25.189555],[55.2670096,25.1895146],[55.2669798,25.1894776],[55.2669279,25.1894248]]}},{"type":"Feature","id":"osm-way-971987302","properties":{"highway":"service","oneway":"yes","osm_type":"way","osm_id":971987302,"road_class":"service","source_priority":"osm-general"},"geometry":{"type":"LineString","coordinates":[[55.2677992,25.1896084],[55.2678536,25.1896036],[55.2679083,25.1896047],[55.2679625,25.1896115],[55.2680155,25.189624],[55.2680662,25.189642],[55.2682706,25.1897643],[55.2684042,25.1898443],[55.2685362,25.1899264],[55.2686667,25.1900105],[55.2687955,25.1900967],[55.2688375,25.1901427],[55.2688717,25.1901936],[55.2688973,25.1902486],[55.2689137,25.1903064]]}},{"type":"Feature","id":"osm-way-971987303","properties":{"foot":"yes","highway":"service","oneway":"yes","sidewalk":"right","osm_type":"way","osm_id":971987303,"road_class":"service","source_priority":"osm-general"},"geometry":{"type":"LineString","coordinates":[[55.2633297,25.1879918],[55.2633186,25.1880745],[55.2633136,25.1881006],[55.2633049,25.1881257],[55.2632915,25.188149],[55.2632753,25.1881698],[55.2631321,25.1883067],[55.2631196,25.1883242],[55.2631106,25.1883467],[55.2631085,25.1883668]]}},{"type":"Feature","id":"osm-way-971987304","properties":{"highway":"service","osm_type":"way","osm_id":971987304,"road_class":"service","source_priority":"osm-general"},"geometry":{"type":"LineString","coordinates":[[55.2631085,25.1883668],[55.2631821,25.1884482],[55.2632295,25.1885006],[55.2632642,25.188539],[55.2632884,25.1885669]]}},{"type":"Feature","id":"osm-way-971987305","properties":{"highway":"service","oneway":"yes","osm_type":"way","osm_id":971987305,"road_class":"service","source_priority":"osm-general"},"geometry":{"type":"LineString","coordinates":[[55.2631085,25.1883668],[55.2629857,25.1882394]]}},{"type":"Feature","id":"osm-way-971987306","properties":{"highway":"service","oneway":"yes","osm_type":"way","osm_id":971987306,"road_class":"service","source_priority":"osm-general"},"geometry":{"type":"LineString","coordinates":[[55.2631821,25.1884482],[55.2634825,25.1882195],[55.2636634,25.1880818],[55.2636817,25.1880723],[55.2637028,25.1880727],[55.2637207,25.1880828],[55.2637304,25.1880998],[55.263729,25.1881189],[55.263717,25.1881346],[55.2635332,25.1882726],[55.2632295,25.1885006]]}},{"type":"Feature","id":"osm-way-971987307","properties":{"highway":"service","oneway":"yes","osm_type":"way","osm_id":971987307,"road_class":"service","source_priority":"osm-general"},"geometry":{"type":"LineString","coordinates":[[55.2643413,25.1882437],[55.2643644,25.1882135],[55.2643797,25.1881875],[55.2643898,25.188161],[55.2643949,25.1881333],[55.2643946,25.1881053]]}},{"type":"Feature","id":"osm-way-971987308","properties":{"highway":"service","oneway":"yes","osm_type":"way","osm_id":971987308,"road_class":"service","source_priority":"osm-general"},"geometry":{"type":"LineString","coordinates":[[55.2629233,25.1882839],[55.262964,25.1883331],[55.2630521,25.1884357]]}},{"type":"Feature","id":"osm-way-971987310","properties":{"highway":"service","oneway":"yes","osm_type":"way","osm_id":971987310,"road_class":"service","source_priority":"osm-general"},"geometry":{"type":"LineString","coordinates":[[55.2630122,25.188546],[55.2629182,25.1884323],[55.2628976,25.1884093],[55.2628746,25.1883881],[55.2628494,25.1883691],[55.2628224,25.1883524]]}},{"type":"Feature","id":"osm-way-971987311","properties":{"highway":"service","oneway":"yes","osm_type":"way","osm_id":971987311,"road_class":"service","source_priority":"osm-general"},"geometry":{"type":"LineString","coordinates":[[55.2628054,25.1885121],[55.2628178,25.1884849],[55.2628164,25.1884554],[55.2628015,25.1884292],[55.2627758,25.1884111],[55.262744,25.1884045]]}},{"type":"Feature","id":"osm-way-971987312","properties":{"highway":"service","osm_type":"way","osm_id":971987312,"road_class":"service","source_priority":"osm-general"},"geometry":{"type":"LineString","coordinates":[[55.2636395,25.1899555],[55.2636841,25.1899231],[55.2637257,25.1898875],[55.263764,25.1898491]]}},{"type":"Feature","id":"osm-way-971987313","properties":{"highway":"service","name":"Green parking","oneway":"yes","osm_type":"way","osm_id":971987313,"road_class":"service","source_priority":"osm-general"},"geometry":{"type":"LineString","coordinates":[[55.2639294,25.1900093],[55.2641676,25.1902579]]}},{"type":"Feature","id":"osm-way-971987314","properties":{"highway":"service","oneway":"yes","osm_type":"way","osm_id":971987314,"road_class":"service","source_priority":"osm-general"},"geometry":{"type":"LineString","coordinates":[[55.2645664,25.1910761],[55.2646352,25.1911427],[55.2648233,25.1913411],[55.2648522,25.1913762],[55.2648683,25.1914092],[55.2648739,25.1914439],[55.2648702,25.1914787],[55.2648583,25.191512],[55.2648387,25.1915422]]}},{"type":"Feature","id":"osm-way-971987315","properties":{"highway":"service","oneway":"yes","service":"parking_aisle","osm_type":"way","osm_id":971987315,"road_class":"service","source_priority":"osm-general"},"geometry":{"type":"LineString","coordinates":[[55.2657198,25.1920918],[55.2657374,25.1922922],[55.2657459,25.1923895],[55.2657399,25.1924067],[55.265724,25.1924176],[55.265704,25.1924181],[55.2656875,25.192408],[55.265348,25.192046],[55.265334,25.1920238],[55.2653322,25.1919983],[55.2653429,25.1919746],[55.265364,25.1919576],[55.2653912,25.1919507],[55.2654971,25.1919345],[55.2655201,25.1919331],[55.2655429,25.1919356],[55.2655651,25.191942],[55.2655855,25.1919521],[55.2656699,25.1920008],[55.2656891,25.19202],[55.2657041,25.1920421],[55.2657145,25.1920663],[55.2657198,25.1920918]]}},{"type":"Feature","id":"osm-way-971987316","properties":{"highway":"service","oneway":"yes","osm_type":"way","osm_id":971987316,"road_class":"service","source_priority":"osm-general"},"geometry":{"type":"LineString","coordinates":[[55.2657374,25.1922922],[55.2659332,25.192369]]}},{"type":"Feature","id":"osm-way-971987318","properties":{"highway":"service","oneway":"yes","osm_type":"way","osm_id":971987318,"road_class":"service","source_priority":"osm-general"},"geometry":{"type":"LineString","coordinates":[[55.2690098,25.1934596],[55.2689822,25.193422],[55.2689586,25.1933824],[55.268939,25.1933409],[55.2689237,25.193298],[55.2687944,25.1928833],[55.2687831,25.1928388],[55.2687753,25.1927937],[55.2687712,25.1927482],[55.2687708,25.1927026]]}},{"type":"Feature","id":"osm-way-971987320","properties":{"highway":"residential","oneway":"yes","osm_type":"way","osm_id":971987320,"road_class":"residential","source_priority":"osm-general"},"geometry":{"type":"LineString","coordinates":[[55.2685098,25.1923764],[55.2685332,25.1924087],[55.2685751,25.1924485],[55.2686202,25.1924773],[55.2686682,25.192502],[55.2687183,25.1925229],[55.2687668,25.1925499],[55.2688117,25.1925816],[55.2688524,25.1926176],[55.2688885,25.1926575],[55.2689195,25.1927007],[55.2689779,25.1928229],[55.2690235,25.1929557],[55.2691203,25.1932683],[55.2691535,25.1933459],[55.2692062,25.1934123],[55.2692783,25.1934616],[55.2693704,25.1935005],[55.269731,25.1936026],[55.2699021,25.1936475],[55.2700868,25.1936961],[55.270245,25.1937435],[55.2710588,25.1939842],[55.2711048,25.1940001],[55.2711487,25.1940203],[55.2711901,25.1940441]]}},{"type":"Feature","id":"osm-way-971987321","properties":{"highway":"residential","oneway":"yes","osm_type":"way","osm_id":971987321,"road_class":"residential","source_priority":"osm-general"},"geometry":{"type":"LineString","coordinates":[[55.2711901,25.1940441],[55.2711411,25.194046],[55.2710921,25.1940435],[55.2710437,25.1940365],[55.2708163,25.1939752],[55.2702241,25.1938216],[55.2702039,25.1938164],[55.2700553,25.1937778],[55.2698723,25.1937333],[55.2697007,25.1936893],[55.2693315,25.1935905],[55.2692458,25.1935583],[55.2691685,25.1935119],[55.2691024,25.193453],[55.26905,25.1933837],[55.2690133,25.1933066],[55.2688759,25.1928787],[55.2688509,25.1928154],[55.2688156,25.1927562],[55.2687708,25.1927026],[55.2687176,25.1926558],[55.2686464,25.1926191],[55.2685813,25.1926002],[55.2685063,25.1925917],[55.2684379,25.1925906],[55.2684174,25.192592],[55.2683434,25.1926157],[55.2682873,25.1926451],[55.2682534,25.1926797],[55.2682291,25.1927179],[55.2682042,25.1927531],[55.2680792,25.1928883]]}},{"type":"Feature","id":"osm-way-971987326","properties":{"highway":"tertiary_link","oneway":"yes","osm_type":"way","osm_id":971987326,"road_class":"tertiary","source_priority":"osm-general"},"geometry":{"type":"LineString","coordinates":[[55.2660414,25.1953829],[55.266011,25.195419],[55.2659856,25.1954582],[55.2659606,25.1955141],[55.2659508,25.1955432],[55.265942,25.1955879],[55.265939,25.1956332]]}},{"type":"Feature","id":"osm-way-971987327","properties":{"highway":"tertiary","lanes":"4","lit":"yes","maxspeed":"40","name":"شارع برج خليفة","name:ar":"شارع برج خليفة","name:en":"Burj Khalifa Street","oneway":"yes","sidewalk":"right","surface":"asphalt","turn:lanes":"left|left|through|through","osm_type":"way","osm_id":971987327,"road_class":"tertiary","source_priority":"osm-general"},"geometry":{"type":"LineString","coordinates":[[55.2657597,25.1954366],[55.2657908,25.1953719],[55.265809,25.1953517],[55.2658407,25.1953132],[55.2658764,25.1952775],[55.2661543,25.1950622]]}},{"type":"Feature","id":"osm-way-971987328","properties":{"highway":"tertiary_link","oneway":"yes","osm_type":"way","osm_id":971987328,"road_class":"tertiary","source_priority":"osm-general"},"geometry":{"type":"LineString","coordinates":[[55.2655671,25.1952253],[55.2656718,25.1952834],[55.2657117,25.1952966],[55.2657536,25.1953027],[55.2657961,25.1953015],[55.2658375,25.195293],[55.2658764,25.1952775]]}},{"type":"Feature","id":"osm-way-972207417","properties":{"foot":"yes","highway":"service","sidewalk":"right","osm_type":"way","osm_id":972207417,"road_class":"service","source_priority":"osm-general"},"geometry":{"type":"LineString","coordinates":[[55.2629182,25.1884323],[55.2628054,25.1885121],[55.2624523,25.1887734],[55.2624342,25.188788],[55.2624183,25.188805],[55.2624083,25.1888254],[55.2624049,25.1888466],[55.2624079,25.1888677],[55.2624169,25.1888875],[55.2624557,25.1889505]]}},{"type":"Feature","id":"osm-way-972207418","properties":{"highway":"residential","oneway":"yes","osm_type":"way","osm_id":972207418,"road_class":"residential","source_priority":"osm-general"},"geometry":{"type":"LineString","coordinates":[[55.2635948,25.1922957],[55.2635793,25.1923161],[55.2635627,25.1923357],[55.2635449,25.1923546],[55.263526,25.1923725],[55.2634412,25.1924418]]}},{"type":"Feature","id":"osm-way-972207419","properties":{"highway":"residential","oneway":"yes","osm_type":"way","osm_id":972207419,"road_class":"residential","source_priority":"osm-general"},"geometry":{"type":"LineString","coordinates":[[55.2634032,25.1924031],[55.2635028,25.1923423],[55.2635251,25.1923297],[55.2635479,25.1923177],[55.2635712,25.1923063],[55.2635948,25.1922957]]}},{"type":"Feature","id":"osm-way-972207422","properties":{"highway":"service","osm_type":"way","osm_id":972207422,"road_class":"service","source_priority":"osm-general"},"geometry":{"type":"LineString","coordinates":[[55.2634825,25.1882195],[55.2635332,25.1882726]]}},{"type":"Feature","id":"osm-way-973125664","properties":{"highway":"service","oneway":"yes","osm_type":"way","osm_id":973125664,"road_class":"service","source_priority":"osm-general"},"geometry":{"type":"LineString","coordinates":[[55.2748156,25.2019289],[55.2747221,25.2019536],[55.2746903,25.2019659],[55.2746567,25.2019871],[55.2745383,25.2020974],[55.274509,25.2021199],[55.2744826,25.2021316],[55.2744454,25.2021387],[55.2744067,25.2021365],[55.274362,25.2021294],[55.2740123,25.2020486],[55.2739722,25.2020335],[55.2739361,25.2020116],[55.2739055,25.2019838],[55.2738815,25.2019511],[55.2736841,25.2016063],[55.2736563,25.2015637],[55.2736122,25.2014966],[55.2735908,25.201469],[55.2735656,25.201444],[55.2735372,25.2014222],[55.2735058,25.2014038]]}},{"type":"Feature","id":"osm-way-980973425","properties":{"alt_name:en":"Doha Street","highway":"primary","lanes":"4","lit":"yes","maxspeed":"80","name":"شارع المركز المالي","name:ar":"شارع المركز المالي","name:en":"Financial Center Street","oneway":"yes","ref":"D71","surface":"asphalt","osm_type":"way","osm_id":980973425,"road_class":"primary","source_priority":"osm-general"},"geometry":{"type":"LineString","coordinates":[[55.2772658,25.2014628],[55.277261,25.2014659],[55.2770421,25.2015871],[55.2764902,25.2018851],[55.2753764,25.2024641],[55.2749031,25.2026981],[55.2743104,25.2029894]]}},{"type":"Feature","id":"osm-way-981022908","properties":{"highway":"service","oneway":"yes","surface":"paved","osm_type":"way","osm_id":981022908,"road_class":"service","source_priority":"osm-general"},"geometry":{"type":"LineString","coordinates":[[55.2640922,25.1930972],[55.2636254,25.193467],[55.2636007,25.1934811],[55.2635716,25.1934841],[55.2635441,25.1934753],[55.2635235,25.1934566],[55.2633693,25.1932919],[55.2633559,25.1932665],[55.2633522,25.1932385],[55.2633587,25.1932109],[55.2633747,25.1931867],[55.2633984,25.1931684],[55.2638284,25.1928638]]}},{"type":"Feature","id":"osm-way-981022909","properties":{"highway":"tertiary","lanes":"2","lit":"yes","maxspeed":"40","sidewalk":"both","surface":"asphalt","osm_type":"way","osm_id":981022909,"road_class":"tertiary","source_priority":"osm-general"},"geometry":{"type":"LineString","coordinates":[[55.2607671,25.1900411],[55.2607677,25.1900418],[55.2608887,25.1901755],[55.2610068,25.1903064],[55.2610599,25.1903768],[55.2611076,25.1904503],[55.2611495,25.1905266],[55.2611857,25.1906053],[55.2612158,25.190686],[55.2612438,25.1907684],[55.2614185,25.1913072],[55.2614834,25.1915071]]}},{"type":"Feature","id":"osm-way-981022910","properties":{"foot":"yes","highway":"tertiary","lit":"yes","oneway":"yes","sidewalk":"right","surface":"asphalt","osm_type":"way","osm_id":981022910,"road_class":"tertiary","source_priority":"osm-general"},"geometry":{"type":"LineString","coordinates":[[55.2608457,25.1896893],[55.2607653,25.1897843],[55.2607454,25.1898115],[55.2607304,25.1898411],[55.2607207,25.1898725],[55.2607165,25.1899049],[55.2607179,25.1899374],[55.2607248,25.1899694],[55.2607406,25.1900034],[55.2607671,25.1900411]]}},{"type":"Feature","id":"osm-way-981022911","properties":{"highway":"service","oneway":"yes","surface":"paved","osm_type":"way","osm_id":981022911,"road_class":"service","source_priority":"osm-general"},"geometry":{"type":"LineString","coordinates":[[55.2625475,25.1909718],[55.2624381,25.1910358]]}},{"type":"Feature","id":"osm-way-981022912","properties":{"highway":"service","oneway":"yes","surface":"paved","osm_type":"way","osm_id":981022912,"road_class":"service","source_priority":"osm-general"},"geometry":{"type":"LineString","coordinates":[[55.2636208,25.1926385],[55.2635775,25.1926281],[55.2635361,25.1926125],[55.2634974,25.1925921],[55.2634621,25.1925673],[55.2634197,25.1925257],[55.2633837,25.1925057],[55.263342,25.1925],[55.2633011,25.1925094],[55.2632675,25.1925324],[55.2630047,25.1927317],[55.2629816,25.1927573],[55.2629707,25.192789],[55.2629738,25.192822],[55.2629903,25.1928516],[55.2632055,25.1930919],[55.2632257,25.193109],[55.2632506,25.1931195],[55.263278,25.1931226],[55.2633051,25.1931178],[55.2633292,25.1931057],[55.2636821,25.1928501],[55.2637041,25.1928312],[55.263723,25.1928109],[55.2637493,25.1927773]]}},{"type":"Feature","id":"osm-way-981022913","properties":{"highway":"service","oneway":"yes","surface":"paved","osm_type":"way","osm_id":981022913,"road_class":"service","source_priority":"osm-general"},"geometry":{"type":"LineString","coordinates":[[55.2622572,25.1919379],[55.2620087,25.1916663],[55.2620013,25.1916459],[55.2620013,25.1916247],[55.2620123,25.1916062],[55.2626121,25.1911621]]}},{"type":"Feature","id":"osm-way-981022914","properties":{"foot":"yes","highway":"tertiary","lit":"yes","oneway":"yes","sidewalk":"right","surface":"asphalt","osm_type":"way","osm_id":981022914,"road_class":"tertiary","source_priority":"osm-general"},"geometry":{"type":"LineString","coordinates":[[55.2607671,25.1900411],[55.2606974,25.1899902],[55.2606644,25.1899655],[55.2606258,25.1899489],[55.2605838,25.1899413],[55.260541,25.1899433],[55.2604926,25.1899493]]}},{"type":"Feature","id":"osm-way-981154402","properties":{"highway":"service","oneway":"yes","osm_type":"way","osm_id":981154402,"road_class":"service","source_priority":"osm-general"},"geometry":{"type":"LineString","coordinates":[[55.26543,25.1918031],[55.2654612,25.1918133],[55.2654892,25.1918295],[55.2655123,25.1918511],[55.2655296,25.1918768],[55.26554,25.1919054],[55.2655429,25.1919356]]}},{"type":"Feature","id":"osm-way-981163375","properties":{"highway":"residential","lanes":"2","name":"52a شارع","name:ar":"52a شارع","name:en":"52a Street","oneway":"yes","surface":"asphalt","osm_type":"way","osm_id":981163375,"road_class":"residential","source_priority":"osm-general"},"geometry":{"type":"LineString","coordinates":[[55.262377,25.2002498],[55.2624214,25.2002914],[55.2624735,25.2003248],[55.2625317,25.2003486],[55.2625939,25.2003619]]}},{"type":"Feature","id":"osm-way-981163376","properties":{"highway":"residential","lanes":"2","name":"52a شارع","name:ar":"52a شارع","name:en":"52a Street","oneway":"yes","surface":"asphalt","osm_type":"way","osm_id":981163376,"road_class":"residential","source_priority":"osm-general"},"geometry":{"type":"LineString","coordinates":[[55.2623718,25.2004945],[55.2623946,25.2004479],[55.2624068,25.2003982],[55.2624078,25.2003472],[55.2623978,25.2002971],[55.262377,25.2002498]]}},{"type":"Feature","id":"osm-way-981163377","properties":{"highway":"residential","lanes":"2","maxspeed":"40","name":"17c شارع","name:ar":"17c شارع","name:en":"17c Street","oneway":"yes","surface":"asphalt","osm_type":"way","osm_id":981163377,"road_class":"residential","source_priority":"osm-general"},"geometry":{"type":"LineString","coordinates":[[55.2591532,25.2005449],[55.2591051,25.2005924],[55.2590712,25.2006155],[55.2590341,25.2006341],[55.2589945,25.2006479],[55.2589531,25.2006566]]}},{"type":"Feature","id":"osm-way-981163378","properties":{"highway":"residential","lanes":"2","maxspeed":"40","name":"17c شارع","name:ar":"17c شارع","name:en":"17c Street","oneway":"yes","surface":"asphalt","osm_type":"way","osm_id":981163378,"road_class":"residential","source_priority":"osm-general"},"geometry":{"type":"LineString","coordinates":[[55.2589531,25.2006566],[55.2589783,25.200627],[55.259008,25.2006011],[55.2590416,25.2005795],[55.2590784,25.2005626],[55.2591532,25.2005449]]}},{"type":"Feature","id":"osm-way-981163379","properties":{"highway":"residential","lanes":"2","maxspeed":"40","name":"17c شارع","name:ar":"17c شارع","name:en":"17c Street","oneway":"yes","surface":"asphalt","osm_type":"way","osm_id":981163379,"road_class":"residential","source_priority":"osm-general"},"geometry":{"type":"LineString","coordinates":[[55.2591051,25.2005924],[55.2590775,25.2006364],[55.2590579,25.2006838],[55.259047,25.2007334],[55.2590448,25.200784]]}},{"type":"Feature","id":"osm-way-981163380","properties":{"highway":"residential","lanes":"2","maxspeed":"40","name":"17c شارع","name:ar":"17c شارع","name:en":"17c Street","oneway":"yes","surface":"asphalt","osm_type":"way","osm_id":981163380,"road_class":"residential","source_priority":"osm-general"},"geometry":{"type":"LineString","coordinates":[[55.2588546,25.2005189],[55.2589056,25.2005454],[55.2589614,25.2005619],[55.2590199,25.2005677],[55.2590784,25.2005626]]}},{"type":"Feature","id":"osm-way-981163381","properties":{"highway":"residential","lanes":"1","name":"17c شارع","name:ar":"17c شارع","name:en":"17c Street","oneway":"yes","surface":"asphalt","osm_type":"way","osm_id":981163381,"road_class":"residential","source_priority":"osm-general"},"geometry":{"type":"LineString","coordinates":[[55.2630175,25.1980265],[55.2630722,25.1979639],[55.2630887,25.1979399],[55.2631008,25.1979138],[55.2631082,25.1978863],[55.2631105,25.1978581],[55.2631067,25.1977858]]}},{"type":"Feature","id":"osm-way-981163382","properties":{"highway":"residential","lanes":"1","name":"40a شارع","name:ar":"40a شارع","name:en":"40a Street","oneway":"yes","surface":"asphalt","osm_type":"way","osm_id":981163382,"road_class":"residential","source_priority":"osm-general"},"geometry":{"type":"LineString","coordinates":[[55.2596376,25.2016343],[55.2597084,25.201702],[55.2597603,25.2017465],[55.2598433,25.2017857],[55.2598984,25.201798],[55.2599734,25.2018024],[55.2600634,25.2018034]]}},{"type":"Feature","id":"osm-way-981166187","properties":{"highway":"service","osm_type":"way","osm_id":981166187,"road_class":"service","source_priority":"osm-general"},"geometry":{"type":"LineString","coordinates":[[55.2594091,25.1941845],[55.2592156,25.1943391]]}},{"type":"Feature","id":"osm-way-981166188","properties":{"highway":"service","oneway":"yes","osm_type":"way","osm_id":981166188,"road_class":"service","source_priority":"osm-general"},"geometry":{"type":"LineString","coordinates":[[55.2596501,25.1940724],[55.2596322,25.1940838],[55.2596129,25.194093],[55.2595924,25.1940998],[55.2595446,25.1941174],[55.2594981,25.1941375],[55.2594528,25.1941598],[55.2594091,25.1941845]]}},{"type":"Feature","id":"osm-way-981166189","properties":{"highway":"service","oneway":"yes","osm_type":"way","osm_id":981166189,"road_class":"service","source_priority":"osm-general"},"geometry":{"type":"LineString","coordinates":[[55.2594091,25.1941845],[55.259452,25.1941399],[55.2594727,25.1941139],[55.259493,25.1940838],[55.2595083,25.1940507],[55.2595167,25.1940156],[55.2595179,25.1939797],[55.259507,25.1939126]]}},{"type":"Feature","id":"osm-way-981166190","properties":{"highway":"service","osm_type":"way","osm_id":981166190,"road_class":"service","source_priority":"osm-general"},"geometry":{"type":"LineString","coordinates":[[55.2563465,25.196466],[55.2563285,25.1964895],[55.2563105,25.1965066],[55.2562908,25.1965221],[55.2561329,25.196631]]}},{"type":"Feature","id":"osm-way-981166191","properties":{"highway":"service","osm_type":"way","osm_id":981166191,"road_class":"service","source_priority":"osm-general"},"geometry":{"type":"LineString","coordinates":[[55.2560967,25.196579],[55.2562619,25.1964924],[55.2562876,25.19648],[55.2563149,25.1964713],[55.2563465,25.196466]]}},{"type":"Feature","id":"osm-way-981166192","properties":{"highway":"service","osm_type":"way","osm_id":981166192,"road_class":"service","source_priority":"osm-general"},"geometry":{"type":"LineString","coordinates":[[55.2566242,25.196299],[55.2563465,25.196466]]}},{"type":"Feature","id":"osm-way-981166193","properties":{"highway":"service","osm_type":"way","osm_id":981166193,"road_class":"service","source_priority":"osm-general"},"geometry":{"type":"LineString","coordinates":[[55.2561218,25.1940797],[55.2560955,25.1940314],[55.2560668,25.1939844],[55.2560357,25.1939386],[55.2558448,25.1937153]]}},{"type":"Feature","id":"osm-way-981166194","properties":{"highway":"service","osm_type":"way","osm_id":981166194,"road_class":"service","source_priority":"osm-general"},"geometry":{"type":"LineString","coordinates":[[55.2559021,25.1936681],[55.2559546,25.1937186],[55.2560985,25.1938571],[55.2561372,25.1938927],[55.2561812,25.1939229],[55.2562295,25.193947],[55.2562812,25.1939647]]}},{"type":"Feature","id":"osm-way-981166195","properties":{"highway":"service","osm_type":"way","osm_id":981166195,"road_class":"service","source_priority":"osm-general"},"geometry":{"type":"LineString","coordinates":[[55.2577087,25.1938481],[55.259352,25.1956391]]}},{"type":"Feature","id":"osm-way-981166196","properties":{"highway":"service","osm_type":"way","osm_id":981166196,"road_class":"service","source_priority":"osm-general"},"geometry":{"type":"LineString","coordinates":[[55.2570776,25.1943177],[55.2587319,25.1961147]]}},{"type":"Feature","id":"osm-way-981166197","properties":{"highway":"service","osm_type":"way","osm_id":981166197,"road_class":"service","source_priority":"osm-general"},"geometry":{"type":"LineString","coordinates":[[55.2564548,25.1947987],[55.258105,25.1965864]]}},{"type":"Feature","id":"osm-way-981166198","properties":{"highway":"service","osm_type":"way","osm_id":981166198,"road_class":"service","source_priority":"osm-general"},"geometry":{"type":"LineString","coordinates":[[55.2558844,25.1952301],[55.2564548,25.1947987],[55.2570776,25.1943177],[55.2577087,25.1938481],[55.2581511,25.193511],[55.2583322,25.193373]]}},{"type":"Feature","id":"osm-way-981166199","properties":{"highway":"service","osm_type":"way","osm_id":981166199,"road_class":"service","source_priority":"osm-general"},"geometry":{"type":"LineString","coordinates":[[55.2599845,25.1951728],[55.259352,25.1956391],[55.2587319,25.1961147],[55.258105,25.1965864],[55.2573818,25.1971386],[55.257274,25.1972132]]}},{"type":"Feature","id":"osm-way-981166200","properties":{"highway":"service","osm_type":"way","osm_id":981166200,"road_class":"service","source_priority":"osm-general"},"geometry":{"type":"LineString","coordinates":[[55.2555381,25.1945316],[55.2561218,25.1940797],[55.2562812,25.1939647],[55.2566774,25.1936618],[55.2576918,25.1928864],[55.2577471,25.1928629],[55.2577813,25.1928615],[55.257808,25.1928604],[55.2578653,25.1928793],[55.2579102,25.1929167],[55.2583322,25.193373],[55.2584714,25.1935253],[55.2592156,25.1943391],[55.2599845,25.1951728],[55.2604176,25.1956309],[55.2604377,25.1956763],[55.2604419,25.1957251],[55.2604299,25.1957728],[55.2604027,25.195815],[55.2578711,25.1977364],[55.2578201,25.1977615],[55.2577629,25.1977703],[55.2577055,25.197762],[55.2576543,25.1977373],[55.2576146,25.1976989],[55.257274,25.1972132],[55.2566242,25.196299],[55.2558844,25.1952301],[55.255518,25.1947151],[55.2554937,25.1946699],[55.2554889,25.1946198],[55.2555044,25.1945716],[55.2555381,25.1945316]]}},{"type":"Feature","id":"osm-way-981193543","properties":{"highway":"tertiary","lanes":"1","oneway":"yes","surface":"asphalt","osm_type":"way","osm_id":981193543,"road_class":"tertiary","source_priority":"osm-general"},"geometry":{"type":"LineString","coordinates":[[55.2689635,25.1966094],[55.2694315,25.197283],[55.2694975,25.1973826],[55.2695598,25.1974842],[55.2696185,25.1975875],[55.2696735,25.1976924],[55.2697247,25.197799],[55.2697527,25.1978565],[55.2698049,25.1979885],[55.2698117,25.1980058],[55.2698465,25.1981061],[55.269869,25.1981809],[55.2698771,25.1982076],[55.2699153,25.1983152],[55.2699621,25.1984199],[55.2700178,25.198521],[55.2700819,25.1986179],[55.2700972,25.1986374],[55.2701542,25.1987101],[55.2702341,25.1987969],[55.2703212,25.1988778],[55.2703423,25.1988963],[55.2703838,25.1989327],[55.2704505,25.1989836],[55.2705209,25.1990303],[55.2706006,25.1990795],[55.2706841,25.1991234],[55.2707706,25.1991623],[55.2708597,25.199196],[55.270951,25.1992244],[55.2710442,25.1992473],[55.2711343,25.1992655],[55.2712352,25.1992792],[55.271392,25.1993023],[55.2715281,25.1993082],[55.2715558,25.1993093],[55.2715835,25.199308],[55.2716109,25.1993042],[55.2716377,25.1992979],[55.2716679,25.1992876],[55.2716966,25.1992742],[55.2717233,25.199258],[55.2717478,25.199239],[55.271801,25.1991853],[55.2718465,25.1991262],[55.2719924,25.1988631],[55.272003,25.1988448],[55.2720685,25.1987327]]}},{"type":"Feature","id":"osm-way-981193544","properties":{"highway":"service","oneway":"yes","surface":"asphalt","osm_type":"way","osm_id":981193544,"road_class":"service","source_priority":"osm-general"},"geometry":{"type":"LineString","coordinates":[[55.2697527,25.1978565],[55.2697841,25.1978563],[55.2698151,25.1978512],[55.2698446,25.1978415],[55.2698719,25.1978273],[55.2699917,25.1977349],[55.270114,25.1976452],[55.2702387,25.1975583],[55.2703657,25.1974742],[55.2703879,25.1974512],[55.2704056,25.1974253],[55.2704187,25.1973962],[55.2704261,25.1973654],[55.2704323,25.1973333]]}},{"type":"Feature","id":"osm-way-981193545","properties":{"foot":"no","highway":"tertiary","lanes":"5","lit":"yes","maxheight":"5.5","maxspeed":"40","name":"شارع برج خليفة","name:ar":"شارع برج خليفة","name:en":"Burj Khalifa Street","oneway":"yes","sidewalk":"no","surface":"asphalt","turn:lanes":"left|left|left|through|through","osm_type":"way","osm_id":981193545,"road_class":"tertiary","source_priority":"osm-general"},"geometry":{"type":"LineString","coordinates":[[55.2672743,25.1944239],[55.2670566,25.1945959]]}},{"type":"Feature","id":"osm-way-981193546","properties":{"foot":"no","highway":"tertiary","lanes":"4","lit":"yes","maxspeed":"60","name":"شارع المستقبل","name:ar":"شارع المستقبل","name:en":"Al Mustaqbal Street","oneway":"yes","ref":"D86","sidewalk":"no","surface":"asphalt","turn:lanes":"left|left|through|through","osm_type":"way","osm_id":981193546,"road_class":"tertiary","source_priority":"osm-general"},"geometry":{"type":"LineString","coordinates":[[55.2672236,25.1943596],[55.2672743,25.1944239]]}},{"type":"Feature","id":"osm-way-981193547","properties":{"destination":"Al Mustaqbal Street","destination:lang:ar":"شارع المستقبل","destination:lang:en":"Al Mustaqbal Street","destination:ref":"D86 (South)","foot":"no","highway":"tertiary_link","oneway":"yes","surface":"asphalt","osm_type":"way","osm_id":981193547,"road_class":"tertiary","source_priority":"osm-general"},"geometry":{"type":"LineString","coordinates":[[55.2672236,25.1943596],[55.2671053,25.1944198]]}},{"type":"Feature","id":"osm-way-981193548","properties":{"destination":"Burj Khalifa Street","destination:lang:ar":"شارع برج خليفة","destination:lang:en":"Burj Khalifa Street","destination:ref":"East","foot":"no","highway":"tertiary_link","oneway":"yes","surface":"asphalt","osm_type":"way","osm_id":981193548,"road_class":"tertiary","source_priority":"osm-general"},"geometry":{"type":"LineString","coordinates":[[55.2671053,25.1944198],[55.2671494,25.1942788]]}},{"type":"Feature","id":"osm-way-981193549","properties":{"destination":"Al Mustaqbal Street","destination:lang:ar":"شارع المستقبل","destination:lang:en":"Al Mustaqbal Street","destination:ref":"D86 (South)","foot":"no","highway":"tertiary_link","maxheight":"5.5","oneway":"yes","surface":"asphalt","osm_type":"way","osm_id":981193549,"road_class":"tertiary","source_priority":"osm-general"},"geometry":{"type":"LineString","coordinates":[[55.2671053,25.1944198],[55.2670228,25.1944664]]}},{"type":"Feature","id":"osm-way-981196560","properties":{"foot":"no","highway":"tertiary","lanes":"4","lit":"yes","maxspeed":"60","name":"شارع المستقبل","name:ar":"شارع المستقبل","name:en":"Al Mustaqbal Street","oneway":"yes","ref":"D86","sidewalk":"no","surface":"asphalt","turn:lanes":"left|left|through|through","osm_type":"way","osm_id":981196560,"road_class":"tertiary","source_priority":"osm-general"},"geometry":{"type":"LineString","coordinates":[[55.2671494,25.1942788],[55.2672236,25.1943596]]}},{"type":"Feature","id":"osm-way-981232526","properties":{"highway":"service","lit":"yes","oneway":"yes","surface":"asphalt","osm_type":"way","osm_id":981232526,"road_class":"service","source_priority":"osm-general"},"geometry":{"type":"LineString","coordinates":[[55.2585889,25.1856489],[55.2584221,25.1856701],[55.2583434,25.1856724],[55.2583078,25.1856657],[55.2582767,25.1856464],[55.2579854,25.1853148],[55.2579757,25.1852799],[55.2579723,25.1852437],[55.257978,25.185207],[55.2579978,25.1851743],[55.2580855,25.1850461]]}},{"type":"Feature","id":"osm-way-981232527","properties":{"access":"private","highway":"service","osm_type":"way","osm_id":981232527,"road_class":"service","source_priority":"osm-general"},"geometry":{"type":"LineString","coordinates":[[55.2570043,25.191265],[55.2565224,25.1907517]]}},{"type":"Feature","id":"osm-way-981232528","properties":{"access":"yes","highway":"service","oneway":"yes","surface":"asphalt","osm_type":"way","osm_id":981232528,"road_class":"service","source_priority":"osm-general"},"geometry":{"type":"LineString","coordinates":[[55.2567908,25.1871214],[55.2565575,25.1872814],[55.255927,25.1877138],[55.255865,25.1877563],[55.2557477,25.1878368]]}},{"type":"Feature","id":"osm-way-981232530","properties":{"highway":"service","lit":"yes","oneway":"yes","surface":"paving_stones","osm_type":"way","osm_id":981232530,"road_class":"service","source_priority":"osm-general"},"geometry":{"type":"LineString","coordinates":[[55.2585993,25.1870149],[55.2585499,25.1870121],[55.2585023,25.1869999],[55.2584587,25.1869787],[55.258421,25.1869497],[55.258242,25.1867539],[55.2582257,25.1867119],[55.2582145,25.1866564],[55.2582177,25.1866],[55.2582352,25.1865458],[55.2582661,25.1864967],[55.2583086,25.1864554],[55.2584437,25.1863504],[55.2584652,25.1863371],[55.2584895,25.1863285],[55.2585153,25.1863252],[55.2585413,25.1863272],[55.2586104,25.1863446]]}},{"type":"Feature","id":"osm-way-981232532","properties":{"access":"private","highway":"service","oneway":"yes","service":"parking_aisle","osm_type":"way","osm_id":981232532,"road_class":"service","source_priority":"osm-general"},"geometry":{"type":"LineString","coordinates":[[55.2571381,25.1917127],[55.2563721,25.190885]]}},{"type":"Feature","id":"osm-way-981232536","properties":{"highway":"residential","lanes":"1","lit":"yes","maxspeed":"40","oneway":"yes","sidewalk":"right","surface":"asphalt","osm_type":"way","osm_id":981232536,"road_class":"residential","source_priority":"osm-general"},"geometry":{"type":"LineString","coordinates":[[55.2598467,25.1878991],[55.2600934,25.1880023],[55.2601503,25.1880236],[55.2602096,25.1880386],[55.2602705,25.1880469],[55.260332,25.1880487],[55.2603933,25.1880431],[55.2604361,25.1880324],[55.2604732,25.1880102],[55.2605007,25.1879786],[55.260516,25.1879409],[55.2605176,25.1879007],[55.2605052,25.187862],[55.2604801,25.1878288],[55.2599802,25.1872588],[55.2599389,25.187205],[55.2599042,25.1871475],[55.2598763,25.1870871],[55.2598556,25.1870243]]}},{"type":"Feature","id":"osm-way-981232537","properties":{"access":"yes","highway":"service","oneway":"yes","surface":"asphalt","osm_type":"way","osm_id":981232537,"road_class":"service","source_priority":"osm-general"},"geometry":{"type":"LineString","coordinates":[[55.2557039,25.1877951],[55.2558241,25.1877134],[55.2558829,25.1876675],[55.25651,25.1872477],[55.2567478,25.1870744]]}},{"type":"Feature","id":"osm-way-981232538","properties":{"highway":"service","lit":"yes","oneway":"yes","surface":"asphalt","osm_type":"way","osm_id":981232538,"road_class":"service","source_priority":"osm-general"},"geometry":{"type":"LineString","coordinates":[[55.2606104,25.1883354],[55.2605892,25.1883174],[55.2605653,25.1883024],[55.2605393,25.1882907],[55.2605117,25.1882824],[55.2604889,25.1882784]]}},{"type":"Feature","id":"osm-way-981232539","properties":{"highway":"service","lanes":"2","lit":"yes","maxspeed":"40","oneway":"yes","sidewalk":"both","surface":"asphalt","osm_type":"way","osm_id":981232539,"road_class":"service","source_priority":"osm-general"},"geometry":{"type":"LineString","coordinates":[[55.2603435,25.1882833],[55.2603679,25.188259],[55.2603826,25.188229],[55.260386,25.1881964],[55.2603778,25.1881644],[55.2603588,25.1881365],[55.260331,25.1881154],[55.2602973,25.1881033]]}},{"type":"Feature","id":"osm-way-981232541","properties":{"highway":"service","lit":"yes","surface":"asphalt","osm_type":"way","osm_id":981232541,"road_class":"service","source_priority":"osm-general"},"geometry":{"type":"LineString","coordinates":[[55.2606104,25.1883354],[55.2607254,25.1884539],[55.2607351,25.1884695],[55.2607391,25.1884871],[55.2607369,25.1885049],[55.2607288,25.1885213],[55.2607156,25.1885346]]}},{"type":"Feature","id":"osm-way-981232542","properties":{"highway":"residential","lanes":"1","oneway":"yes","osm_type":"way","osm_id":981232542,"road_class":"residential","source_priority":"osm-general"},"geometry":{"type":"LineString","coordinates":[[55.2551828,25.1872285],[55.2551446,25.1872604],[55.2541087,25.18807]]}},{"type":"Feature","id":"osm-way-981232545","properties":{"highway":"service","lit":"yes","oneway":"yes","surface":"asphalt","osm_type":"way","osm_id":981232545,"road_class":"service","source_priority":"osm-general"},"geometry":{"type":"LineString","coordinates":[[55.2604665,25.1880733],[55.2604544,25.1880978],[55.2604488,25.1881241],[55.2604501,25.1881508],[55.260458,25.1881766],[55.2604723,25.1882001],[55.2604915,25.188223],[55.2604999,25.188234],[55.260502,25.1882495],[55.2604982,25.1882648],[55.2604889,25.1882784],[55.2604014,25.1883477],[55.2597584,25.1889073],[55.2597319,25.1889353],[55.2597042,25.1889576],[55.2596813,25.1889785],[55.2596506,25.1889925],[55.2596002,25.1890027]]}},{"type":"Feature","id":"osm-way-981232546","properties":{"access":"private","highway":"service","osm_type":"way","osm_id":981232546,"road_class":"service","source_priority":"osm-general"},"geometry":{"type":"LineString","coordinates":[[55.2573414,25.1915595],[55.2572958,25.191594],[55.2571381,25.1917127],[55.2569964,25.1918212]]}},{"type":"Feature","id":"osm-way-981232548","properties":{"highway":"tertiary","oneway":"yes","surface":"asphalt","osm_type":"way","osm_id":981232548,"road_class":"tertiary","source_priority":"osm-general"},"geometry":{"type":"LineString","coordinates":[[55.2564156,25.1867106],[55.2563719,25.1866771],[55.256331,25.1866408],[55.2562929,25.1866021],[55.2562635,25.1865728],[55.2562303,25.1865469],[55.2561939,25.1865249],[55.2561548,25.1865071],[55.2561136,25.1864938],[55.2560713,25.1864863],[55.2560282,25.1864848],[55.2559853,25.1864888],[55.2559435,25.1864984],[55.2559036,25.1865132],[55.2558664,25.186533],[55.255568,25.1867605],[55.2552941,25.1869853],[55.2552629,25.187023],[55.2552403,25.1870655],[55.255227,25.187111],[55.2552236,25.1871581],[55.2552302,25.1872048],[55.2552465,25.1872495],[55.2552644,25.1872892],[55.2552849,25.1873278],[55.2553075,25.1873659]]}},{"type":"Feature","id":"osm-way-981232549","properties":{"access":"private","highway":"service","osm_type":"way","osm_id":981232549,"road_class":"service","source_priority":"osm-general"},"geometry":{"type":"LineString","coordinates":[[55.256859,25.1904844],[55.2569757,25.1906213]]}},{"type":"Feature","id":"osm-way-981232550","properties":{"highway":"service","oneway":"yes","surface":"asphalt","osm_type":"way","osm_id":981232550,"road_class":"service","source_priority":"osm-general"},"geometry":{"type":"LineString","coordinates":[[55.2569754,25.1891823],[55.2568739,25.1891488],[55.2568171,25.1891231],[55.2567675,25.1890871],[55.2567273,25.1890425],[55.2566984,25.1889913],[55.2566821,25.1889357],[55.2566688,25.1888534]]}},{"type":"Feature","id":"osm-way-981232552","properties":{"highway":"tertiary","note":"please don't delete again, this street exists since January 2017. Check Mapbox Satelite instead of Bing.","oneway":"yes","surface":"asphalt","osm_type":"way","osm_id":981232552,"road_class":"tertiary","source_priority":"osm-general"},"geometry":{"type":"LineString","coordinates":[[55.2553075,25.1873659],[55.2552672,25.187338],[55.2552322,25.1873047],[55.2552035,25.1872668],[55.2551828,25.1872285],[55.2551674,25.1871841],[55.2551628,25.187141],[55.2551661,25.1870979],[55.2551772,25.1870558],[55.255196,25.187016],[55.2552217,25.1869795],[55.2552538,25.1869474],[55.2555377,25.186726],[55.2558419,25.1865042],[55.2558771,25.1864775],[55.2559166,25.1864561],[55.2559594,25.1864408],[55.2560043,25.1864318],[55.2560502,25.1864294],[55.2560959,25.1864337],[55.2561403,25.1864445],[55.2561823,25.1864616],[55.2562206,25.1864846],[55.2562543,25.1865129],[55.2562908,25.1865495],[55.2563253,25.1865876],[55.2563576,25.1866273],[55.2563877,25.1866684],[55.2564156,25.1867106]]}},{"type":"Feature","id":"osm-way-981241460","properties":{"highway":"service","service":"parking_aisle","osm_type":"way","osm_id":981241460,"road_class":"service","source_priority":"osm-general"},"geometry":{"type":"LineString","coordinates":[[55.254421,25.1899418],[55.2545309,25.1898625],[55.2555566,25.1909485],[55.2555778,25.1909876],[55.2555803,25.1910311],[55.2555636,25.1910719],[55.2555304,25.1911035],[55.2554862,25.1911206],[55.2554381,25.1911205],[55.2553939,25.1911033],[55.2553608,25.1910716],[55.2544191,25.1900599],[55.2544037,25.1900317],[55.2543987,25.1900006],[55.2544047,25.1899696],[55.254421,25.1899418]]}},{"type":"Feature","id":"osm-way-981241463","properties":{"highway":"service","service":"parking_aisle","osm_type":"way","osm_id":981241463,"road_class":"service","source_priority":"osm-general"},"geometry":{"type":"LineString","coordinates":[[55.2546901,25.1897461],[55.2557552,25.1908894]]}},{"type":"Feature","id":"osm-way-981250008","properties":{"access":"private","highway":"service","oneway":"yes","osm_type":"way","osm_id":981250008,"road_class":"service","source_priority":"osm-general"},"geometry":{"type":"LineString","coordinates":[[55.2572958,25.191594],[55.2570043,25.191265]]}},{"type":"Feature","id":"osm-way-981617604","properties":{"highway":"residential","oneway":"yes","surface":"asphalt","osm_type":"way","osm_id":981617604,"road_class":"residential","source_priority":"osm-general"},"geometry":{"type":"LineString","coordinates":[[55.2558194,25.2042947],[55.2558402,25.2042468],[55.2558597,25.2042146],[55.2558846,25.2041856],[55.2559072,25.2041661],[55.2566991,25.2037089],[55.2567245,25.2036942],[55.2567661,25.2036702],[55.2579327,25.2029966],[55.2579576,25.202986],[55.2579844,25.2029801],[55.2580119,25.2029793],[55.2580818,25.2029806]]}},{"type":"Feature","id":"osm-way-982180142","properties":{"highway":"service","osm_type":"way","osm_id":982180142,"road_class":"service","source_priority":"osm-general"},"geometry":{"type":"LineString","coordinates":[[55.258242,25.1867539],[55.2581134,25.1866108],[55.2572831,25.1857316],[55.257239,25.1856708]]}},{"type":"Feature","id":"osm-way-982180143","properties":{"highway":"service","lit":"yes","oneway":"yes","osm_type":"way","osm_id":982180143,"road_class":"service","source_priority":"osm-general"},"geometry":{"type":"LineString","coordinates":[[55.2595596,25.18898],[55.259539,25.1889501],[55.2595362,25.1889255],[55.2595515,25.1888993],[55.25958,25.1888747],[55.2596599,25.1888313],[55.2603435,25.1882833]]}},{"type":"Feature","id":"osm-way-982180144","properties":{"highway":"tertiary","oneway":"yes","osm_type":"way","osm_id":982180144,"road_class":"tertiary","source_priority":"osm-general"},"geometry":{"type":"LineString","coordinates":[[55.2586206,25.1910845],[55.258595,25.1910242],[55.2585629,25.1909658],[55.2585261,25.1909096],[55.2583991,25.1907617],[55.258375,25.1907304],[55.2583545,25.1906971],[55.2583379,25.190662]]}},{"type":"Feature","id":"osm-way-982180145","properties":{"highway":"tertiary","oneway":"yes","osm_type":"way","osm_id":982180145,"road_class":"tertiary","source_priority":"osm-general"},"geometry":{"type":"LineString","coordinates":[[55.2583379,25.190662],[55.2583752,25.1906902],[55.2584071,25.1907157],[55.2584368,25.1907434],[55.2585845,25.1908969],[55.2586219,25.1909301],[55.2586658,25.1909563],[55.2587143,25.1909743]]}},{"type":"Feature","id":"osm-way-983294718","properties":{"destination":"Al Mustaqbal Street","destination:lang:ar":"شارع المستقبل","destination:lang:en":"Al Mustaqbal Street","destination:ref":"D86 (South)","foot":"no","highway":"tertiary_link","maxheight":"5.5","oneway":"yes","surface":"asphalt","osm_type":"way","osm_id":983294718,"road_class":"tertiary","source_priority":"osm-general"},"geometry":{"type":"LineString","coordinates":[[55.2670228,25.1944664],[55.2669536,25.1945001],[55.2668818,25.194529],[55.2668078,25.1945527]]}},{"type":"Feature","id":"osm-way-983294719","properties":{"destination":"Burj Khalifa Street","destination:lang:ar":"شارع برج خليفة","destination:lang:en":"Burj Khalifa Street","destination:ref":"West","foot":"no","highway":"tertiary_link","oneway":"yes","surface":"asphalt","osm_type":"way","osm_id":983294719,"road_class":"tertiary","source_priority":"osm-general"},"geometry":{"type":"LineString","coordinates":[[55.2670228,25.1944664],[55.2670102,25.1945214]]}},{"type":"Feature","id":"osm-way-983294720","properties":{"destination":"Al Mustaqbal Street;Bur Dubai","destination:lang:ar":"شارع المستقبل;بر دبي","destination:lang:en":"Al Mustaqbal Street;Bur Dubai","destination:ref":"D86 (North)","foot":"no","highway":"tertiary_link","oneway":"yes","surface":"asphalt","osm_type":"way","osm_id":983294720,"road_class":"tertiary","source_priority":"osm-general"},"geometry":{"type":"LineString","coordinates":[[55.2670102,25.1945214],[55.2670396,25.1945068],[55.2670898,25.1944818]]}},{"type":"Feature","id":"osm-way-983294721","properties":{"destination":"Burj Khalifa Street","destination:lang:ar":"شارع برج خليفة","destination:lang:en":"Burj Khalifa Street","destination:ref":"West","foot":"no","highway":"tertiary_link","maxheight":"5.5","oneway":"yes","surface":"asphalt","osm_type":"way","osm_id":983294721,"road_class":"tertiary","source_priority":"osm-general"},"geometry":{"type":"LineString","coordinates":[[55.2670102,25.1945214],[55.2669796,25.1946199],[55.2669352,25.1947005]]}},{"type":"Feature","id":"osm-way-983294722","properties":{"destination":"Burj Khalifa Street","destination:lang:ar":"شارع برج خليفة","destination:lang:en":"Burj Khalifa Street","destination:ref":"West","foot":"no","highway":"tertiary_link","oneway":"yes","surface":"asphalt","osm_type":"way","osm_id":983294722,"road_class":"tertiary","source_priority":"osm-general"},"geometry":{"type":"LineString","coordinates":[[55.2670237,25.1943811],[55.2670228,25.1944664]]}},{"type":"Feature","id":"osm-way-983294723","properties":{"foot":"no","highway":"tertiary","lanes":"4","lit":"yes","maxheight":"5.5","maxspeed":"40","name":"شارع برج خليفة","name:ar":"شارع برج خليفة","name:en":"Burj Khalifa Street","oneway":"yes","sidewalk":"no","surface":"asphalt","turn:lanes":"left|left|through|through","osm_type":"way","osm_id":983294723,"road_class":"tertiary","source_priority":"osm-general"},"geometry":{"type":"LineString","coordinates":[[55.2670237,25.1943811],[55.2671494,25.1942788]]}},{"type":"Feature","id":"osm-way-983294724","properties":{"destination":"Burj Khalifa Street","destination:lang:ar":"شارع برج خليفة","destination:lang:en":"Burj Khalifa Street","destination:ref":"East","foot":"no","highway":"tertiary_link","maxheight":"5.5","oneway":"yes","surface":"asphalt","osm_type":"way","osm_id":983294724,"road_class":"tertiary","source_priority":"osm-general"},"geometry":{"type":"LineString","coordinates":[[55.2670898,25.1944818],[55.2671053,25.1944198]]}},{"type":"Feature","id":"osm-way-983294725","properties":{"destination":"Al Mustaqbal Street;Bur Dubai","destination:lang:ar":"شارع المستقبل;بر دبي","destination:lang:en":"Al Mustaqbal Street;Bur Dubai","destination:ref":"D86 (North)","foot":"no","highway":"tertiary_link","maxheight":"5.5","oneway":"yes","surface":"asphalt","osm_type":"way","osm_id":983294725,"road_class":"tertiary","source_priority":"osm-general"},"geometry":{"type":"LineString","coordinates":[[55.2670898,25.1944818],[55.2671497,25.1944583],[55.2672112,25.1944389],[55.2672743,25.1944239]]}},{"type":"Feature","id":"osm-way-983294726","properties":{"destination":"Burj Khalifa Street","destination:lang:ar":"شارع برج خليفة","destination:lang:en":"Burj Khalifa Street","destination:ref":"East","foot":"no","highway":"tertiary_link","oneway":"yes","surface":"asphalt","osm_type":"way","osm_id":983294726,"road_class":"tertiary","source_priority":"osm-general"},"geometry":{"type":"LineString","coordinates":[[55.2670566,25.1945959],[55.2670898,25.1944818]]}},{"type":"Feature","id":"osm-way-983294727","properties":{"foot":"no","highway":"tertiary","lanes":"5","lit":"yes","maxspeed":"40","name":"شارع برج خليفة","name:ar":"شارع برج خليفة","name:en":"Burj Khalifa Street","oneway":"yes","sidewalk":"no","surface":"asphalt","turn:lanes":"left|left|left|through|through","osm_type":"way","osm_id":983294727,"road_class":"tertiary","source_priority":"osm-general"},"geometry":{"type":"LineString","coordinates":[[55.2670566,25.1945959],[55.2669352,25.1947005]]}},{"type":"Feature","id":"osm-way-983294728","properties":{"foot":"no","highway":"tertiary","lanes":"4","lit":"yes","maxspeed":"60","name":"شارع المستقبل","name:ar":"شارع المستقبل","name:en":"Al Mustaqbal Street","oneway":"yes","ref":"D86","sidewalk":"no","surface":"asphalt","turn:lanes":"left|left|through|through","osm_type":"way","osm_id":983294728,"road_class":"tertiary","source_priority":"osm-general"},"geometry":{"type":"LineString","coordinates":[[55.2669352,25.1947005],[55.266864,25.1946204]]}},{"type":"Feature","id":"osm-way-983294729","properties":{"foot":"no","highway":"tertiary","lanes":"4","lit":"yes","maxheight":"5.5","maxspeed":"40","name":"شارع برج خليفة","name:ar":"شارع برج خليفة","name:en":"Burj Khalifa Street","oneway":"yes","sidewalk":"no","surface":"asphalt","turn:lanes":"left|left|through|through","osm_type":"way","osm_id":983294729,"road_class":"tertiary","source_priority":"osm-general"},"geometry":{"type":"LineString","coordinates":[[55.2668078,25.1945527],[55.2670237,25.1943811]]}},{"type":"Feature","id":"osm-way-983294730","properties":{"foot":"no","highway":"tertiary","lanes":"4","lit":"yes","maxspeed":"60","name":"شارع المستقبل","name:ar":"شارع المستقبل","name:en":"Al Mustaqbal Street","oneway":"yes","ref":"D86","sidewalk":"no","surface":"asphalt","turn:lanes":"left|left|through|through","osm_type":"way","osm_id":983294730,"road_class":"tertiary","source_priority":"osm-general"},"geometry":{"type":"LineString","coordinates":[[55.266864,25.1946204],[55.2668078,25.1945527]]}},{"type":"Feature","id":"osm-way-983294731","properties":{"destination":"Al Mustaqbal Street;Bur Dubai","destination:lang:ar":"شارع المستقبل;بر دبي","destination:lang:en":"Al Mustaqbal Street;Bur Dubai","destination:ref":"D86 (North)","foot":"no","highway":"tertiary_link","maxheight":"5.5","oneway":"yes","surface":"asphalt","osm_type":"way","osm_id":983294731,"road_class":"tertiary","source_priority":"osm-general"},"geometry":{"type":"LineString","coordinates":[[55.266864,25.1946204],[55.2670102,25.1945214]]}},{"type":"Feature","id":"osm-way-983569053","properties":{"highway":"service","lit":"no","oneway":"yes","sidewalk":"right","sidewalk:right:surface":"paving_stones","source":"Bing","surface":"asphalt","osm_type":"way","osm_id":983569053,"road_class":"service","source_priority":"osm-general"},"geometry":{"type":"LineString","coordinates":[[55.2781109,25.2037437],[55.2782126,25.2036268],[55.2782354,25.2035843],[55.2782519,25.2035394],[55.2782616,25.2034929],[55.2782635,25.2034323],[55.2782621,25.2033718],[55.278255,25.2033095],[55.2782419,25.2032265],[55.2782286,25.2031582],[55.2781928,25.2030063],[55.2781502,25.2028558],[55.2781105,25.2027362],[55.2780666,25.2026179],[55.2780183,25.2025009],[55.2779417,25.2023273],[55.2779143,25.2022704],[55.2778841,25.2022146],[55.2778515,25.2021701],[55.2778137,25.2021291],[55.2777932,25.2021112],[55.2777692,25.2020903],[55.27772,25.2020535],[55.2776583,25.2020172],[55.2775935,25.2019854],[55.2775261,25.2019585],[55.2774565,25.2019367],[55.2773852,25.20192],[55.2773253,25.2019067],[55.2772451,25.2018979],[55.2771643,25.2019011],[55.2770852,25.2019159],[55.2770097,25.201942],[55.2766787,25.2020823],[55.2763242,25.2022585],[55.2750362,25.2029781],[55.2750088,25.2029959],[55.2749857,25.2030181],[55.2749678,25.2030439],[55.2749541,25.2030779],[55.2749492,25.2031137],[55.2749557,25.2031534],[55.2749649,25.2031927],[55.2749768,25.2032313],[55.2749914,25.2032692]]}},{"type":"Feature","id":"osm-way-983835891","properties":{"access":"permissive","highway":"service","lanes":"1","name":"شارع 5","name:ar":"شارع 5","name:en":"Street 5","oneway":"yes","surface":"asphalt","osm_type":"way","osm_id":983835891,"road_class":"service","source_priority":"osm-general"},"geometry":{"type":"LineString","coordinates":[[55.2672089,25.2032687],[55.2671519,25.2032552],[55.2670937,25.2032466],[55.267047,25.2032428],[55.2669761,25.2032439]]}},{"type":"Feature","id":"osm-way-985028743","properties":{"highway":"tertiary","lanes":"3","name":"طريق مراسي","name:ar":"طريق مراسي","name:en":"Marasi Drive","oneway":"yes","surface":"asphalt","osm_type":"way","osm_id":985028743,"road_class":"tertiary","source_priority":"osm-general"},"geometry":{"type":"LineString","coordinates":[[55.2650341,25.1862277],[55.265163,25.186387]]}},{"type":"Feature","id":"osm-way-985028744","properties":{"highway":"secondary","lanes":"5","name":"شارع الخليج التجاري 1","name:ar":"شارع الخليج التجاري 1","name:en":"Al Khaleej Al Tejari 1 Street","oneway":"yes","surface":"asphalt","turn:lanes":"left|left|through|through|through","osm_type":"way","osm_id":985028744,"road_class":"secondary","source_priority":"osm-general"},"geometry":{"type":"LineString","coordinates":[[55.26493,25.1863033],[55.2650341,25.1862277]]}},{"type":"Feature","id":"osm-way-985028745","properties":{"highway":"tertiary","lanes":"2","name":"طريق مراسي","name:ar":"طريق مراسي","name:en":"Marasi Drive","oneway":"yes","surface":"asphalt","osm_type":"way","osm_id":985028745,"road_class":"tertiary","source_priority":"osm-general"},"geometry":{"type":"LineString","coordinates":[[55.26493,25.1863033],[55.2648481,25.1862059],[55.2646837,25.1859697],[55.264593,25.1858287],[55.2645352,25.1857319],[55.2644791,25.1856336],[55.2644484,25.1855776],[55.2644249,25.1855339],[55.2642864,25.1852827],[55.2642425,25.185191],[55.2641951,25.1850754]]}},{"type":"Feature","id":"osm-way-985028747","properties":{"highway":"secondary","lanes":"3","name":"طريق مراسي","name:ar":"طريق مراسي","name:en":"Marasi Drive","oneway":"yes","surface":"asphalt","osm_type":"way","osm_id":985028747,"road_class":"secondary","source_priority":"osm-general"},"geometry":{"type":"LineString","coordinates":[[55.2715841,25.1876767],[55.2714731,25.1877398],[55.2713512,25.1878044],[55.271227,25.1878652],[55.2711007,25.1879224],[55.270931,25.1879927],[55.2708695,25.1880177],[55.2707899,25.1880501],[55.2706308,25.1881038],[55.2703886,25.1881777],[55.2701426,25.1882403],[55.2698933,25.1882915],[55.2696415,25.188331],[55.2693878,25.1883588],[55.2691328,25.1883748],[55.2689943,25.1883771],[55.2688773,25.188379],[55.2686219,25.1883713],[55.2683672,25.1883518],[55.2681145,25.1883232],[55.2679138,25.1882776],[55.2677319,25.1882349],[55.2676074,25.1882024],[55.2674836,25.1881669],[55.2673402,25.1881208],[55.2671989,25.1880699],[55.2670598,25.1880142],[55.2669231,25.1879538],[55.2667789,25.1878869],[55.2666375,25.1878152],[55.266499,25.1877388],[55.2663516,25.1876504],[55.2662082,25.1875568],[55.2660689,25.1874581]]}},{"type":"Feature","id":"osm-way-985028748","properties":{"foot":"no","highway":"secondary","lanes":"2","name":"شارع العلم","name:ar":"شارع العلم","name:en":"AL Alam Street","oneway":"yes","surface":"asphalt","osm_type":"way","osm_id":985028748,"road_class":"secondary","source_priority":"osm-general"},"geometry":{"type":"LineString","coordinates":[[55.2715841,25.1876767],[55.2714841,25.1875625]]}},{"type":"Feature","id":"osm-way-985028749","properties":{"foot":"no","highway":"tertiary","lanes":"5","lit":"yes","maxspeed":"60","name":"شارع برج خليفة","name:ar":"شارع برج خليفة","name:en":"Burj Khalifa Street","oneway":"yes","sidewalk":"no","surface":"asphalt","turn:lanes":"left|left|through|through|through","osm_type":"way","osm_id":985028749,"road_class":"tertiary","source_priority":"osm-general"},"geometry":{"type":"LineString","coordinates":[[55.2725891,25.1886551],[55.2725368,25.188692],[55.2724899,25.1887239]]}},{"type":"Feature","id":"osm-way-985028750","properties":{"foot":"no","highway":"secondary","lanes":"4","lit":"yes","name":"شارع العلم","name:ar":"شارع العلم","name:en":"AL Alam Street","oneway":"yes","sidewalk":"no","surface":"asphalt","turn:lanes":"left|left;through|through|through","osm_type":"way","osm_id":985028750,"road_class":"secondary","source_priority":"osm-general"},"geometry":{"type":"LineString","coordinates":[[55.2724899,25.1887239],[55.2724354,25.1886475],[55.2723805,25.1885654]]}},{"type":"Feature","id":"osm-way-985028751","properties":{"foot":"no","highway":"tertiary","lanes":"5","lit":"yes","maxspeed":"60","name":"شارع برج خليفة","name:ar":"شارع برج خليفة","name:en":"Burj Khalifa Street","oneway":"yes","sidewalk":"no","surface":"asphalt","turn:lanes":"left|left|through|through|through","osm_type":"way","osm_id":985028751,"road_class":"tertiary","source_priority":"osm-general"},"geometry":{"type":"LineString","coordinates":[[55.2723805,25.1885654],[55.2724698,25.1885061]]}},{"type":"Feature","id":"osm-way-985028752","properties":{"foot":"no","highway":"secondary","lanes":"3","lit":"yes","name":"شارع العلم","name:ar":"شارع العلم","name:en":"AL Alam Street","oneway":"yes","sidewalk":"no","surface":"asphalt","turn:lanes":"left|left;through|through","osm_type":"way","osm_id":985028752,"road_class":"secondary","source_priority":"osm-general"},"geometry":{"type":"LineString","coordinates":[[55.2724698,25.1885061],[55.2725159,25.1885588],[55.2725891,25.1886551]]}},{"type":"Feature","id":"osm-way-985028758","properties":{"foot":"no","highway":"secondary","lanes":"4","name":"طريق مراسي","name:ar":"طريق مراسي","name:en":"Marasi Drive","oneway":"yes","surface":"asphalt","turn:lanes":"left|left;through|through|through","osm_type":"way","osm_id":985028758,"road_class":"secondary","source_priority":"osm-general"},"geometry":{"type":"LineString","coordinates":[[55.2742131,25.1856872],[55.2746714,25.1853564],[55.2747075,25.1853304],[55.2747938,25.1852676],[55.2748832,25.1852027],[55.2751825,25.1849877]]}},{"type":"Feature","id":"osm-way-985028759","properties":{"highway":"secondary","lanes":"3","name":"طريق مراسي","name:ar":"طريق مراسي","name:en":"Marasi Drive","oneway":"yes","surface":"asphalt","osm_type":"way","osm_id":985028759,"road_class":"secondary","source_priority":"osm-general"},"geometry":{"type":"LineString","coordinates":[[55.2744554,25.1857136],[55.2727629,25.1868738]]}},{"type":"Feature","id":"osm-way-985028760","properties":{"foot":"no","highway":"tertiary","lanes":"2","name":"شارع العهود","name:ar":"شارع العهود","name:en":"Al Ohood Street","oneway":"yes","surface":"asphalt","osm_type":"way","osm_id":985028760,"road_class":"tertiary","source_priority":"osm-general"},"geometry":{"type":"LineString","coordinates":[[55.2749094,25.1853991],[55.2747938,25.1852676]]}},{"type":"Feature","id":"osm-way-1006883703","properties":{"highway":"service","junction":"roundabout","oneway":"yes","osm_type":"way","osm_id":1006883703,"road_class":"service","source_priority":"osm-general"},"geometry":{"type":"LineString","coordinates":[[55.2581799,25.1880432],[55.2582017,25.1880467],[55.2582209,25.1880566],[55.2582355,25.1880717],[55.2582444,25.1880905],[55.2582446,25.1881097],[55.2582385,25.1881284],[55.2582261,25.1881444],[55.2582086,25.1881558],[55.258188,25.1881615],[55.2581665,25.1881608],[55.2581464,25.1881539],[55.2581298,25.1881415],[55.2581185,25.1881247],[55.2581138,25.1881059],[55.2581161,25.1880867],[55.2581251,25.1880691],[55.2581399,25.1880551],[55.2581588,25.1880462],[55.2581799,25.1880432]]}},{"type":"Feature","id":"osm-way-1006883704","properties":{"highway":"service","junction":"roundabout","oneway":"yes","osm_type":"way","osm_id":1006883704,"road_class":"service","source_priority":"osm-general"},"geometry":{"type":"LineString","coordinates":[[55.2585395,25.1877488],[55.2585603,25.1877595],[55.258576,25.1877758],[55.2585848,25.1877959],[55.2585858,25.1878175],[55.2585788,25.1878381],[55.2585646,25.1878556],[55.2585449,25.1878678],[55.2585228,25.1878732],[55.2584999,25.187872],[55.2584787,25.1878643],[55.2584613,25.1878509],[55.2584494,25.1878331],[55.2584445,25.1878128],[55.2584469,25.1877922],[55.2584565,25.1877733],[55.2584722,25.1877583],[55.2584924,25.1877484],[55.258516,25.1877451],[55.2585395,25.1877488]]}},{"type":"Feature","id":"osm-way-1006883705","properties":{"highway":"tertiary","oneway":"yes","surface":"asphalt","osm_type":"way","osm_id":1006883705,"road_class":"tertiary","source_priority":"osm-general"},"geometry":{"type":"LineString","coordinates":[[55.2578316,25.1883559],[55.2578194,25.1882994],[55.2578001,25.1882447],[55.2577729,25.1881928],[55.2577384,25.1881446]]}},{"type":"Feature","id":"osm-way-1006883706","properties":{"highway":"tertiary","oneway":"yes","surface":"asphalt","osm_type":"way","osm_id":1006883706,"road_class":"tertiary","source_priority":"osm-general"},"geometry":{"type":"LineString","coordinates":[[55.2577384,25.1881446],[55.2577832,25.188166],[55.2578297,25.1881843],[55.2578775,25.1881995],[55.2579264,25.1882112]]}},{"type":"Feature","id":"osm-way-1006883707","properties":{"highway":"service","osm_type":"way","osm_id":1006883707,"road_class":"service","source_priority":"osm-general"},"geometry":{"type":"LineString","coordinates":[[55.258993,25.1874323],[55.2586532,25.1877115]]}},{"type":"Feature","id":"osm-way-1006883708","properties":{"highway":"service","oneway":"yes","osm_type":"way","osm_id":1006883708,"road_class":"service","source_priority":"osm-general"},"geometry":{"type":"LineString","coordinates":[[55.2586532,25.1877115],[55.2586277,25.1877378],[55.2586048,25.187766],[55.2585848,25.1877959]]}},{"type":"Feature","id":"osm-way-1006883709","properties":{"highway":"service","oneway":"yes","osm_type":"way","osm_id":1006883709,"road_class":"service","source_priority":"osm-general"},"geometry":{"type":"LineString","coordinates":[[55.2585395,25.1877488],[55.2585788,25.18774],[55.2586168,25.1877275],[55.2586532,25.1877115]]}},{"type":"Feature","id":"osm-way-1006883710","properties":{"highway":"service","oneway":"yes","osm_type":"way","osm_id":1006883710,"road_class":"service","source_priority":"osm-general"},"geometry":{"type":"LineString","coordinates":[[55.2581799,25.1880432],[55.2582074,25.1880315],[55.2582338,25.1880181],[55.2582588,25.1880027],[55.258283,25.1879854],[55.2584494,25.1878331]]}},{"type":"Feature","id":"osm-way-1006883711","properties":{"highway":"service","oneway":"yes","osm_type":"way","osm_id":1006883711,"road_class":"service","source_priority":"osm-general"},"geometry":{"type":"LineString","coordinates":[[55.2584787,25.1878643],[55.2582894,25.1880288],[55.2582703,25.1880468],[55.2582551,25.1880676],[55.2582444,25.1880905]]}},{"type":"Feature","id":"osm-way-1006883712","properties":{"highway":"service","oneway":"yes","osm_type":"way","osm_id":1006883712,"road_class":"service","source_priority":"osm-general"},"geometry":{"type":"LineString","coordinates":[[55.2581185,25.1881247],[55.2580521,25.1881195],[55.2579874,25.1881051],[55.2579259,25.1880819],[55.2578692,25.1880502],[55.2578186,25.188011],[55.2577752,25.1879652]]}},{"type":"Feature","id":"osm-way-1006883713","properties":{"highway":"service","osm_type":"way","osm_id":1006883713,"road_class":"service","source_priority":"osm-general"},"geometry":{"type":"LineString","coordinates":[[55.2576604,25.1880591],[55.2577752,25.1879652],[55.2578226,25.1879265]]}},{"type":"Feature","id":"osm-way-1006883718","properties":{"highway":"tertiary","lanes":"1","oneway":"yes","surface":"asphalt","osm_type":"way","osm_id":1006883718,"road_class":"tertiary","source_priority":"osm-general"},"geometry":{"type":"LineString","coordinates":[[55.2583355,25.1883906],[55.258262,25.1883741],[55.2582143,25.1883807],[55.2581689,25.1883954],[55.2581274,25.1884176]]}},{"type":"Feature","id":"osm-way-1006914760","properties":{"highway":"service","service":"parking_aisle","surface":"asphalt","osm_type":"way","osm_id":1006914760,"road_class":"service","source_priority":"osm-general"},"geometry":{"type":"LineString","coordinates":[[55.2587961,25.1864387],[55.2590651,25.1867375]]}},{"type":"Feature","id":"osm-way-1006914761","properties":{"highway":"service","service":"parking_aisle","surface":"asphalt","osm_type":"way","osm_id":1006914761,"road_class":"service","source_priority":"osm-general"},"geometry":{"type":"LineString","coordinates":[[55.2589344,25.1868359],[55.2586643,25.1865399]]}},{"type":"Feature","id":"osm-way-1006914762","properties":{"highway":"service","surface":"paving_stones","osm_type":"way","osm_id":1006914762,"road_class":"service","source_priority":"osm-general"},"geometry":{"type":"LineString","coordinates":[[55.2585548,25.1863871],[55.2586788,25.1865288]]}},{"type":"Feature","id":"osm-way-1006914763","properties":{"highway":"service","surface":"asphalt","osm_type":"way","osm_id":1006914763,"road_class":"service","source_priority":"osm-general"},"geometry":{"type":"LineString","coordinates":[[55.2585751,25.1866085],[55.2586643,25.1865399],[55.2586788,25.1865288],[55.2587961,25.1864387],[55.2588963,25.1863616],[55.2589089,25.1863574],[55.2589223,25.1863569],[55.2589352,25.1863604],[55.2589451,25.1863666],[55.2589526,25.186375],[55.2591706,25.186611],[55.2591773,25.186624],[55.2591784,25.1866383],[55.2591737,25.186652],[55.2591639,25.1866632],[55.2590651,25.1867375],[55.2589872,25.1867962],[55.2589344,25.1868359],[55.2588386,25.186908],[55.2588257,25.1869147],[55.2588112,25.1869175],[55.2587957,25.186916],[55.2587816,25.1869102],[55.2585713,25.1866813],[55.2585623,25.1866676],[55.258558,25.1866522],[55.2585589,25.1866363],[55.2585647,25.1866213],[55.2585751,25.1866085]]}},{"type":"Feature","id":"osm-way-1033472475","properties":{"highway":"service","surface":"paved","osm_type":"way","osm_id":1033472475,"road_class":"service","source_priority":"osm-general"},"geometry":{"type":"LineString","coordinates":[[55.2627789,25.1916585],[55.2620334,25.1922085],[55.2619926,25.1922521],[55.2619676,25.1923046],[55.2619608,25.1923613],[55.2619725,25.1924174],[55.262002,25.192468],[55.2621927,25.1927074],[55.2623177,25.1928541],[55.2624279,25.1929835],[55.2624575,25.193002],[55.2624922,25.1930104],[55.262528,25.1930078],[55.2625608,25.1929945],[55.2632487,25.1924563],[55.2632676,25.1924347],[55.2632758,25.1924082],[55.2632719,25.1923809],[55.2632566,25.1923571],[55.2631442,25.1922367]]}},{"type":"Feature","id":"osm-way-1039494541","properties":{"highway":"service","oneway":"yes","osm_type":"way","osm_id":1039494541,"road_class":"service","source_priority":"osm-general"},"geometry":{"type":"LineString","coordinates":[[55.2680252,25.186005],[55.2679374,25.1860542],[55.2678456,25.1860968],[55.2677504,25.1861327],[55.2675679,25.1861991],[55.2674068,25.1862423],[55.267265,25.1862758],[55.2671202,25.1862963],[55.2669739,25.1863038],[55.2668276,25.186298],[55.2666825,25.1862792],[55.2666725,25.186277],[55.2665403,25.1862474],[55.2664022,25.186203],[55.266269,25.1861421],[55.2661832,25.1860935],[55.2661133,25.1860521],[55.2660878,25.1860274],[55.2660776,25.185995],[55.2660851,25.185962],[55.2661086,25.1859359],[55.2661428,25.1859226],[55.2661799,25.1859252],[55.2662115,25.1859431],[55.2663362,25.1860142],[55.2664319,25.1860617],[55.2665324,25.1860987],[55.2666358,25.1861285],[55.2667414,25.186151],[55.2668486,25.1861659],[55.2669567,25.1861733],[55.2670652,25.186173],[55.2671733,25.1861651],[55.2672805,25.1861497],[55.2673859,25.1861268],[55.2674891,25.1860965],[55.2677002,25.1860415],[55.2677658,25.186018],[55.2678295,25.1859909],[55.2678912,25.1859602],[55.2679507,25.1859259]]}},{"type":"Feature","id":"osm-way-1039494542","properties":{"highway":"service","oneway":"yes","osm_type":"way","osm_id":1039494542,"road_class":"service","source_priority":"osm-general"},"geometry":{"type":"LineString","coordinates":[[55.2677002,25.1860415],[55.2677319,25.186041],[55.267759,25.1860559],[55.2677731,25.1860816],[55.2677699,25.1861101],[55.2677504,25.1861327]]}},{"type":"Feature","id":"osm-way-1039494543","properties":{"highway":"service","lanes":"1","oneway":"yes","surface":"asphalt","osm_type":"way","osm_id":1039494543,"road_class":"service","source_priority":"osm-general"},"geometry":{"type":"LineString","coordinates":[[55.268191,25.18636],[55.268211,25.1863314],[55.2682292,25.186303],[55.2682441,25.1862731],[55.2682555,25.186242]]}},{"type":"Feature","id":"osm-way-1039494544","properties":{"highway":"service","lanes":"1","oneway":"yes","surface":"asphalt","osm_type":"way","osm_id":1039494544,"road_class":"service","source_priority":"osm-general"},"geometry":{"type":"LineString","coordinates":[[55.2683122,25.186345],[55.2682811,25.1863432],[55.2682501,25.1863447],[55.2682194,25.1863497],[55.268191,25.18636]]}},{"type":"Feature","id":"osm-way-1049149876","properties":{"highway":"service","lit":"yes","oneway":"yes","surface":"paving_stones","osm_type":"way","osm_id":1049149876,"road_class":"service","source_priority":"osm-general"},"geometry":{"type":"LineString","coordinates":[[55.2578673,25.1870045],[55.2580557,25.1872076],[55.2580648,25.187216],[55.2580849,25.1872215],[55.2581023,25.1872197],[55.2581184,25.1872124],[55.2583236,25.1870411],[55.258334,25.1870265],[55.2583404,25.1870116],[55.2583397,25.1869958],[55.2583357,25.1869807],[55.2581681,25.1867999]]}},{"type":"Feature","id":"osm-way-1049149877","properties":{"highway":"service","lit":"yes","surface":"paving_stones","osm_type":"way","osm_id":1049149877,"road_class":"service","source_priority":"osm-general"},"geometry":{"type":"LineString","coordinates":[[55.258242,25.1867539],[55.258197,25.1867847],[55.2581832,25.1867933],[55.2581681,25.1867999],[55.2581485,25.1868048],[55.2581295,25.1868115],[55.2581114,25.1868201],[55.2580945,25.1868304],[55.2578673,25.1870045]]}},{"type":"Feature","id":"osm-way-1049149878","properties":{"highway":"service","lit":"yes","surface":"paving_stones","osm_type":"way","osm_id":1049149878,"road_class":"service","source_priority":"osm-general"},"geometry":{"type":"LineString","coordinates":[[55.2578673,25.1870045],[55.2577562,25.1868846]]}},{"type":"Feature","id":"osm-way-1049149879","properties":{"highway":"service","osm_type":"way","osm_id":1049149879,"road_class":"service","source_priority":"osm-general"},"geometry":{"type":"LineString","coordinates":[[55.2576199,25.1878723],[55.2586989,25.1871211]]}},{"type":"Feature","id":"osm-way-1052393760","properties":{"highway":"service","layer":"1","service":"parking_aisle","osm_type":"way","osm_id":1052393760,"road_class":"service","source_priority":"osm-general"},"geometry":{"type":"LineString","coordinates":[[55.2714303,25.200278],[55.2716133,25.2006],[55.2716166,25.2006143],[55.271614,25.2006287],[55.2716058,25.2006413],[55.2715932,25.2006504],[55.2714848,25.2007016],[55.2713183,25.2007803]]}},{"type":"Feature","id":"osm-way-1052393761","properties":{"highway":"service","layer":"1","service":"parking_aisle","osm_type":"way","osm_id":1052393761,"road_class":"service","source_priority":"osm-general"},"geometry":{"type":"LineString","coordinates":[[55.2718023,25.2015913],[55.2719523,25.201521],[55.2720856,25.2014587],[55.2720985,25.2014556],[55.2721117,25.2014568],[55.2721236,25.2014624],[55.2721324,25.2014714],[55.2722777,25.2017187]]}},{"type":"Feature","id":"osm-way-1066142513","properties":{"highway":"residential","oneway":"yes","osm_type":"way","osm_id":1066142513,"road_class":"residential","source_priority":"osm-general"},"geometry":{"type":"LineString","coordinates":[[55.2661624,25.1997704],[55.2661829,25.1997361],[55.2662125,25.1996971],[55.2662368,25.1996645],[55.2662584,25.1996304],[55.2662773,25.199595]]}},{"type":"Feature","id":"osm-way-1066142514","properties":{"highway":"residential","oneway":"yes","osm_type":"way","osm_id":1066142514,"road_class":"residential","source_priority":"osm-general"},"geometry":{"type":"LineString","coordinates":[[55.2663686,25.1997294],[55.2663212,25.1997305],[55.2662732,25.1997371],[55.266231,25.1997489],[55.2662004,25.1997606],[55.2661624,25.1997704]]}},{"type":"Feature","id":"osm-way-1069311413","properties":{"destination":"Al Sharjah;Sheikh Zayed Road","destination:lang:ar":"الشارقة;شارع الشيخ زايد","destination:lang:en":"Al Sharjah;Sheikh Zayed Road","destination:ref":"E11 (North)","highway":"motorway_link","lanes":"2","lit":"yes","maxspeed":"60","oneway":"yes","surface":"asphalt","osm_type":"way","osm_id":1069311413,"road_class":"motorway","source_priority":"osm-general"},"geometry":{"type":"LineString","coordinates":[[55.273267,25.2039417],[55.2731387,25.2040344],[55.2730103,25.2041254],[55.2728848,25.2042196]]}},{"type":"Feature","id":"osm-way-1069311414","properties":{"destination":"Al Sharjah;Sheikh Zayed Road","destination:lang:ar":"الشارقة;شارع الشيخ زايد","destination:lang:en":"Al Sharjah;Sheikh Zayed Road","destination:ref":"E11 (North)","highway":"motorway_link","lanes":"2","lit":"yes","maxheight":"5.5","maxspeed":"60","oneway":"yes","surface":"asphalt","osm_type":"way","osm_id":1069311414,"road_class":"motorway","source_priority":"osm-general"},"geometry":{"type":"LineString","coordinates":[[55.2724853,25.2046332],[55.2724098,25.2047367],[55.2723356,25.2048447],[55.2722635,25.2049511],[55.2721909,25.205055]]}},{"type":"Feature","id":"osm-way-1070347679","properties":{"highway":"service","lit":"yes","oneway":"yes","osm_type":"way","osm_id":1070347679,"road_class":"service","source_priority":"osm-general"},"geometry":{"type":"LineString","coordinates":[[55.2597584,25.1889073],[55.2597355,25.1889179],[55.2597098,25.1889198],[55.2596853,25.1889126],[55.2596656,25.1888975],[55.2596539,25.1888767],[55.2596519,25.1888535],[55.2596599,25.1888313]]}},{"type":"Feature","id":"osm-way-1070347681","properties":{"highway":"service","lit":"yes","oneway":"yes","surface":"asphalt","osm_type":"way","osm_id":1070347681,"road_class":"service","source_priority":"osm-general"},"geometry":{"type":"LineString","coordinates":[[55.2604915,25.188223],[55.2605086,25.1882266],[55.260525,25.188232],[55.2605406,25.1882392],[55.2605668,25.1882571],[55.2605879,25.18828],[55.2606027,25.1883065],[55.2606104,25.1883354]]}},{"type":"Feature","id":"osm-way-1070349084","properties":{"highway":"residential","lanes":"2","lit":"yes","maxspeed":"40","oneway":"yes","sidewalk":"both","surface":"asphalt","osm_type":"way","osm_id":1070349084,"road_class":"residential","source_priority":"osm-general"},"geometry":{"type":"LineString","coordinates":[[55.2602973,25.1881033],[55.2602375,25.1880999],[55.2601716,25.1880861],[55.2601087,25.1880634],[55.2600503,25.1880324],[55.2598467,25.1878991]]}},{"type":"Feature","id":"osm-way-1070349518","properties":{"bicycle":"yes","highway":"service","lit":"yes","surface":"paving_stones","osm_type":"way","osm_id":1070349518,"road_class":"service","source_priority":"osm-general"},"geometry":{"type":"LineString","coordinates":[[55.2576798,25.1869432],[55.2577562,25.1868846],[55.2581134,25.1866108],[55.2582661,25.1864967]]}},{"type":"Feature","id":"osm-way-1070351513","properties":{"highway":"service","surface":"paving_stones","osm_type":"way","osm_id":1070351513,"road_class":"service","source_priority":"osm-general"},"geometry":{"type":"LineString","coordinates":[[55.2589437,25.1870982],[55.259026,25.1871916],[55.2590462,25.1872143],[55.259093,25.1872667],[55.2591169,25.1872835],[55.2591461,25.1872907],[55.2591761,25.1872873],[55.2592025,25.1872738],[55.259523,25.187043],[55.2595417,25.1870262],[55.259552,25.1870032],[55.2595506,25.1869785],[55.2595377,25.1869567],[55.259458,25.1868702],[55.2593774,25.1867826],[55.2593593,25.1867707],[55.2593376,25.1867655],[55.2593153,25.1867677],[55.2592954,25.186777],[55.2590999,25.1869226],[55.2589513,25.1870333],[55.2589406,25.187044],[55.258934,25.1870572],[55.2589323,25.1870716],[55.2589357,25.1870857],[55.2589437,25.1870982]]}},{"type":"Feature","id":"osm-way-1070351514","properties":{"highway":"service","service":"parking_aisle","surface":"paving_stones","osm_type":"way","osm_id":1070351514,"road_class":"service","source_priority":"osm-general"},"geometry":{"type":"LineString","coordinates":[[55.259026,25.1871916],[55.259458,25.1868702]]}},{"type":"Feature","id":"osm-way-1072302886","properties":{"highway":"motorway","int_ref":"M5","lanes":"6","lit":"yes","maxheight":"5.5","maxspeed":"100","name":"شارع الشيخ زايد","name:ar":"شارع الشيخ زايد","name:en":"Sheikh Zayed Road (south)","name:fa":"خیابان شیخ زاید","name:ml":"ഷെയ്ഖ് സായിദ് റോഡ്","oneway":"yes","ref":"E11","source":"Bing","surface":"asphalt","toll":"yes","wikidata":"Q18066085","wikipedia":"ar:شارع الشيخ زايد","osm_type":"way","osm_id":1072302886,"road_class":"motorway","source_priority":"osm-general"},"geometry":{"type":"LineString","coordinates":[[55.2620647,25.1939949],[55.2619141,25.19383]]}},{"type":"Feature","id":"osm-way-1072302887","properties":{"bicycle":"no","foot":"no","highway":"motorway","horse":"no","int_ref":"M5","lanes":"7","lit":"yes","maxspeed":"100","name":"شارع الشيخ زايد","name:ar":"شارع الشيخ زايد","name:en":"Sheikh Zayed Road (north)","name:ml":"ഷെയ്ഖ് സായിദ് റോഡ്","oneway":"yes","ref":"E11","surface":"asphalt","toll":"yes","osm_type":"way","osm_id":1072302887,"road_class":"motorway","source_priority":"osm-general"},"geometry":{"type":"LineString","coordinates":[[55.26192,25.1934226],[55.2619954,25.1935026]]}},{"type":"Feature","id":"osm-way-1072302888","properties":{"bicycle":"no","foot":"no","highway":"motorway","horse":"no","int_ref":"M5","lanes":"7","lit":"yes","maxspeed":"100","name":"شارع الشيخ زايد","name:ar":"شارع الشيخ زايد","name:en":"Sheikh Zayed Road (north)","name:fa":"خیابان شیخ زاید","name:ml":"ഷെയ്ഖ് സായിദ് റോഡ്","oneway":"yes","ref":"E11","surface":"asphalt","wikidata":"Q18066085","wikipedia":"ar:شارع الشيخ زايد","osm_type":"way","osm_id":1072302888,"road_class":"motorway","source_priority":"osm-general"},"geometry":{"type":"LineString","coordinates":[[55.2603835,25.1917721],[55.2605685,25.1919708],[55.26192,25.1934226]]}},{"type":"Feature","id":"osm-way-1072528779","properties":{"highway":"service","osm_type":"way","osm_id":1072528779,"road_class":"service","source_priority":"osm-general"},"geometry":{"type":"LineString","coordinates":[[55.2621927,25.1927074],[55.2630556,25.1920493]]}},{"type":"Feature","id":"osm-way-1088188189","properties":{"access":"private","highway":"service","osm_type":"way","osm_id":1088188189,"road_class":"service","source_priority":"osm-general"},"geometry":{"type":"LineString","coordinates":[[55.2577694,25.1912506],[55.2575244,25.1914206]]}},{"type":"Feature","id":"osm-way-1088188192","properties":{"access":"permissive","highway":"service","oneway":"yes","osm_type":"way","osm_id":1088188192,"road_class":"service","source_priority":"osm-general"},"geometry":{"type":"LineString","coordinates":[[55.257141,25.1897296],[55.2571494,25.1897044],[55.2571655,25.18968],[55.2571862,25.1896586],[55.2572197,25.1896273],[55.2572632,25.1895914],[55.2573103,25.1895478]]}},{"type":"Feature","id":"osm-way-1088469781","properties":{"foot":"yes","highway":"residential","name":"58b شارع","name:ar":"58b شارع","name:en":"58b Street","oneway":"yes","sidewalk":"right","osm_type":"way","osm_id":1088469781,"road_class":"residential","source_priority":"osm-general"},"geometry":{"type":"LineString","coordinates":[[55.255012,25.1891495],[55.254943,25.1890319],[55.2549278,25.1890006],[55.2549238,25.1889818]]}},{"type":"Feature","id":"osm-way-1088469782","properties":{"foot":"yes","highway":"residential","name":"58b شارع","name:ar":"58b شارع","name:en":"58b Street","oneway":"yes","sidewalk":"right","osm_type":"way","osm_id":1088469782,"road_class":"residential","source_priority":"osm-general"},"geometry":{"type":"LineString","coordinates":[[55.2549238,25.1889818],[55.2549441,25.1889907],[55.2549776,25.1890064],[55.2551107,25.1890758]]}},{"type":"Feature","id":"osm-way-1088469783","properties":{"access":"permissive","highway":"service","osm_type":"way","osm_id":1088469783,"road_class":"service","source_priority":"osm-general"},"geometry":{"type":"LineString","coordinates":[[55.2551244,25.1883781],[55.2548502,25.1885911],[55.2545248,25.1882492],[55.2544089,25.1881275],[55.2543962,25.1881049],[55.254389,25.1880804],[55.2543878,25.1880551],[55.2543926,25.1880301],[55.2544103,25.1879594]]}},{"type":"Feature","id":"osm-way-1088469786","properties":{"highway":"service","service":"parking_aisle","osm_type":"way","osm_id":1088469786,"road_class":"service","source_priority":"osm-general"},"geometry":{"type":"LineString","coordinates":[[55.2555793,25.1880175],[55.2552687,25.1882553]]}},{"type":"Feature","id":"osm-way-1088469787","properties":{"highway":"service","service":"parking_aisle","osm_type":"way","osm_id":1088469787,"road_class":"service","source_priority":"osm-general"},"geometry":{"type":"LineString","coordinates":[[55.2556837,25.1881254],[55.2553805,25.1883718]]}},{"type":"Feature","id":"osm-way-1088469788","properties":{"highway":"service","osm_type":"way","osm_id":1088469788,"road_class":"service","source_priority":"osm-general"},"geometry":{"type":"LineString","coordinates":[[55.255457,25.1884515],[55.2553805,25.1883718],[55.2552687,25.1882553],[55.2551883,25.1881716],[55.2551776,25.1881539],[55.2551745,25.1881339],[55.2551794,25.1881142],[55.2551917,25.1880973],[55.2554221,25.18792],[55.2554358,25.1879138],[55.2554509,25.1879114],[55.2554661,25.187913],[55.2554801,25.1879184],[55.2554919,25.1879272],[55.2555793,25.1880175],[55.2556837,25.1881254],[55.2557399,25.1881834],[55.2557545,25.1882025],[55.2557621,25.1882247],[55.2557622,25.188248],[55.2557548,25.1882703],[55.2557404,25.1882896],[55.2556582,25.1883568],[55.2555402,25.1884576],[55.2555249,25.188468],[55.2555065,25.1884728],[55.2554875,25.1884714],[55.2554702,25.188464],[55.255457,25.1884515]]}},{"type":"Feature","id":"osm-way-1088469789","properties":{"highway":"service","osm_type":"way","osm_id":1088469789,"road_class":"service","source_priority":"osm-general"},"geometry":{"type":"LineString","coordinates":[[55.2558281,25.1885296],[55.2556582,25.1883568]]}},{"type":"Feature","id":"osm-way-1088751337","properties":{"highway":"residential","name":"شارع 29","name:ar":"شارع 29","name:en":"29 Street","oneway":"yes","osm_type":"way","osm_id":1088751337,"road_class":"residential","source_priority":"osm-general"},"geometry":{"type":"LineString","coordinates":[[55.255544,25.1964474],[55.2555641,25.1964298],[55.2555856,25.1964136],[55.2556083,25.1963989],[55.2558601,25.1962357]]}},{"type":"Feature","id":"osm-way-1088751338","properties":{"highway":"residential","name":"شارع 29","name:ar":"شارع 29","name:en":"29 Street","oneway":"yes","osm_type":"way","osm_id":1088751338,"road_class":"residential","source_priority":"osm-general"},"geometry":{"type":"LineString","coordinates":[[55.25589,25.1962791],[55.2556235,25.1964139],[55.255598,25.1964269],[55.2555716,25.1964384],[55.255544,25.1964474]]}},{"type":"Feature","id":"osm-way-1088794106","properties":{"highway":"service","service":"alley","osm_type":"way","osm_id":1088794106,"road_class":"service","source_priority":"osm-general"},"geometry":{"type":"LineString","coordinates":[[55.255469,25.203562],[55.2558846,25.2041856]]}},{"type":"Feature","id":"osm-way-1088794113","properties":{"highway":"residential","name":"شارع 19","name:ar":"شارع 19","name:en":"19 Street","oneway":"yes","osm_type":"way","osm_id":1088794113,"road_class":"residential","source_priority":"osm-general"},"geometry":{"type":"LineString","coordinates":[[55.2581346,25.2001308],[55.2581552,25.2001137],[55.2581771,25.200098],[55.2582002,25.2000838],[55.2584445,25.1999334]]}},{"type":"Feature","id":"osm-way-1088794114","properties":{"highway":"residential","name":"شارع 19","name:ar":"شارع 19","name:en":"19 Street","oneway":"yes","osm_type":"way","osm_id":1088794114,"road_class":"residential","source_priority":"osm-general"},"geometry":{"type":"LineString","coordinates":[[55.2584741,25.1999754],[55.258215,25.2000991],[55.2581891,25.2001115],[55.2581624,25.2001224],[55.2581346,25.2001308]]}},{"type":"Feature","id":"osm-way-1088794116","properties":{"highway":"residential","name":"27b شارع","name:ar":"27b شارع","name:en":"27b Street","oneway":"yes","osm_type":"way","osm_id":1088794116,"road_class":"residential","source_priority":"osm-general"},"geometry":{"type":"LineString","coordinates":[[55.2565001,25.197712],[55.256521,25.1976951],[55.2565432,25.1976798],[55.2565666,25.1976659],[55.2567705,25.1975447]]}},{"type":"Feature","id":"osm-way-1088794117","properties":{"highway":"residential","name":"27b شارع","name:ar":"27b شارع","name:en":"27b Street","oneway":"yes","osm_type":"way","osm_id":1088794117,"road_class":"residential","source_priority":"osm-general"},"geometry":{"type":"LineString","coordinates":[[55.2567971,25.1975824],[55.2565811,25.1976815],[55.256555,25.1976935],[55.2565281,25.197704],[55.2565001,25.197712]]}},{"type":"Feature","id":"osm-way-1089013006","properties":{"foot":"no","highway":"secondary_link","lanes":"1","oneway":"yes","osm_type":"way","osm_id":1089013006,"road_class":"secondary","source_priority":"osm-general"},"geometry":{"type":"LineString","coordinates":[[55.2661466,25.2015258],[55.2660947,25.2015105],[55.2660741,25.2015033],[55.2660554,25.2014929],[55.2660365,25.2014767],[55.2660219,25.2014571],[55.2659476,25.2013611],[55.2659208,25.2013371],[55.265891,25.201316],[55.2658588,25.2012983],[55.2658213,25.201283],[55.2657819,25.2012721],[55.2657413,25.2012658],[55.2656964,25.2012632]]}},{"type":"Feature","id":"osm-way-1089013009","properties":{"foot":"no","highway":"secondary_link","lanes":"1","oneway":"yes","osm_type":"way","osm_id":1089013009,"road_class":"secondary","source_priority":"osm-general"},"geometry":{"type":"LineString","coordinates":[[55.2594854,25.1937184],[55.2594957,25.1937711],[55.2595045,25.1937927],[55.2595172,25.1938124],[55.259675,25.1939925],[55.2596822,25.1940113],[55.2596816,25.1940312],[55.2596735,25.1940496],[55.2596501,25.1940724]]}},{"type":"Feature","id":"osm-way-1089053524","properties":{"access":"permissive","highway":"service","oneway":"yes","osm_type":"way","osm_id":1089053524,"road_class":"service","source_priority":"osm-general"},"geometry":{"type":"LineString","coordinates":[[55.2623363,25.1995477],[55.2623808,25.1996112],[55.2625263,25.1998191],[55.2625331,25.1998302],[55.2625334,25.1998428],[55.2625273,25.1998542],[55.262516,25.1998618],[55.2622969,25.1999901],[55.2622173,25.2000367]]}},{"type":"Feature","id":"osm-way-1089053525","properties":{"highway":"residential","name":"44b شارع","name:ar":"44b شارع","name:en":"44b Street","osm_type":"way","osm_id":1089053525,"road_class":"residential","source_priority":"osm-general"},"geometry":{"type":"LineString","coordinates":[[55.2583617,25.1982827],[55.2583306,25.1982698],[55.2583011,25.1982539],[55.2582738,25.1982352],[55.2581923,25.1981665]]}},{"type":"Feature","id":"osm-way-1089053526","properties":{"highway":"residential","name":"44b شارع","name:ar":"44b شارع","name:en":"44b Street","osm_type":"way","osm_id":1089053526,"road_class":"residential","source_priority":"osm-general"},"geometry":{"type":"LineString","coordinates":[[55.2582716,25.1981058],[55.2583264,25.1981964],[55.2583416,25.198224],[55.2583534,25.1982528],[55.2583617,25.1982827]]}},{"type":"Feature","id":"osm-way-1089053527","properties":{"highway":"service","osm_type":"way","osm_id":1089053527,"road_class":"service","source_priority":"osm-general"},"geometry":{"type":"LineString","coordinates":[[55.2613769,25.1983365],[55.2612694,25.1984211],[55.2611669,25.1984957],[55.2610614,25.1985668],[55.260953,25.1986343],[55.2599812,25.1992111]]}},{"type":"Feature","id":"osm-way-1089053528","properties":{"highway":"service","osm_type":"way","osm_id":1089053528,"road_class":"service","source_priority":"osm-general"},"geometry":{"type":"LineString","coordinates":[[55.2612694,25.1984211],[55.2612895,25.1984434],[55.2613929,25.1985583],[55.2614049,25.1985667],[55.2614196,25.1985701],[55.2614345,25.1985678],[55.2614472,25.1985602],[55.2614899,25.1985256],[55.261524,25.1984979]]}},{"type":"Feature","id":"osm-way-1089053529","properties":{"highway":"service","oneway":"yes","osm_type":"way","osm_id":1089053529,"road_class":"service","source_priority":"osm-general"},"geometry":{"type":"LineString","coordinates":[[55.2602903,25.1975608],[55.2603038,25.1975846],[55.2603219,25.1976058],[55.2603441,25.1976236],[55.2603695,25.1976374]]}},{"type":"Feature","id":"osm-way-1089053530","properties":{"highway":"service","service":"parking_aisle","osm_type":"way","osm_id":1089053530,"road_class":"service","source_priority":"osm-general"},"geometry":{"type":"LineString","coordinates":[[55.2606565,25.1977144],[55.2607098,25.1977723],[55.2607168,25.1977834],[55.2607182,25.197796],[55.2607138,25.1978081],[55.2607044,25.1978175],[55.2606698,25.1978428]]}},{"type":"Feature","id":"osm-way-1089053531","properties":{"highway":"service","osm_type":"way","osm_id":1089053531,"road_class":"service","source_priority":"osm-general"},"geometry":{"type":"LineString","coordinates":[[55.2617078,25.1985941],[55.2616425,25.1985906],[55.2616206,25.1985862],[55.2616006,25.198577],[55.2615838,25.1985636],[55.261524,25.1984979],[55.2613769,25.1983365],[55.2611634,25.1981021],[55.2611508,25.1980808],[55.2611429,25.1980576],[55.2611399,25.1980336],[55.2611406,25.1979816]]}},{"type":"Feature","id":"osm-way-1089053532","properties":{"highway":"residential","name":"48a شارع","name:ar":"48a شارع","name:en":"48a Street","osm_type":"way","osm_id":1089053532,"road_class":"residential","source_priority":"osm-general"},"geometry":{"type":"LineString","coordinates":[[55.259012,25.1978245],[55.258974,25.1978051],[55.2589384,25.1977819],[55.258906,25.1977552],[55.2588318,25.1976774]]}},{"type":"Feature","id":"osm-way-1089053533","properties":{"highway":"residential","name":"48a شارع","name:ar":"48a شارع","name:en":"48a Street","osm_type":"way","osm_id":1089053533,"road_class":"residential","source_priority":"osm-general"},"geometry":{"type":"LineString","coordinates":[[55.2589098,25.1976178],[55.2589712,25.1977331],[55.2589861,25.1977631],[55.2589997,25.1977936],[55.259012,25.1978245]]}},{"type":"Feature","id":"osm-way-1089053534","properties":{"highway":"residential","name":"52b شارع","name:ar":"52b شارع","name:en":"52b Street","osm_type":"way","osm_id":1089053534,"road_class":"residential","source_priority":"osm-general"},"geometry":{"type":"LineString","coordinates":[[55.2601633,25.1969228],[55.2601239,25.1969061],[55.2600959,25.1968904],[55.260071,25.1968708],[55.2599845,25.1967959]]}},{"type":"Feature","id":"osm-way-1089053535","properties":{"highway":"residential","name":"52b شارع","name:ar":"52b شارع","name:en":"52b Street","osm_type":"way","osm_id":1089053535,"road_class":"residential","source_priority":"osm-general"},"geometry":{"type":"LineString","coordinates":[[55.2600403,25.1967533],[55.2601147,25.1968342],[55.2601342,25.1968582],[55.2601492,25.1968848],[55.2601633,25.1969228]]}},{"type":"Feature","id":"osm-way-1089053536","properties":{"highway":"residential","name":"شارع 56","name:ar":"شارع 56","name:en":"56th Street","osm_type":"way","osm_id":1089053536,"road_class":"residential","source_priority":"osm-general"},"geometry":{"type":"LineString","coordinates":[[55.2607769,25.1964361],[55.2607523,25.1964296],[55.2607293,25.1964194],[55.2607086,25.1964058],[55.2606907,25.1963893],[55.2606096,25.1963179]]}},{"type":"Feature","id":"osm-way-1089053537","properties":{"highway":"residential","name":"شارع 56","name:ar":"شارع 56","name:en":"56th Street","osm_type":"way","osm_id":1089053537,"road_class":"residential","source_priority":"osm-general"},"geometry":{"type":"LineString","coordinates":[[55.2606633,25.1962769],[55.2607356,25.1963556],[55.2607541,25.1963803],[55.260768,25.1964073],[55.2607769,25.1964361]]}},{"type":"Feature","id":"osm-way-1089101432","properties":{"highway":"service","osm_type":"way","osm_id":1089101432,"road_class":"service","source_priority":"osm-general"},"geometry":{"type":"LineString","coordinates":[[55.2641174,25.1985428],[55.2640066,25.1986286]]}},{"type":"Feature","id":"osm-way-1089101433","properties":{"highway":"service","oneway":"yes","osm_type":"way","osm_id":1089101433,"road_class":"service","source_priority":"osm-general"},"geometry":{"type":"LineString","coordinates":[[55.2621524,25.1959635],[55.2618142,25.1955735],[55.2617982,25.1955599],[55.2617783,25.1955515],[55.2617564,25.1955493],[55.2617349,25.1955534],[55.2617159,25.1955635],[55.2616647,25.1956031]]}},{"type":"Feature","id":"osm-way-1089101434","properties":{"highway":"service","oneway":"yes","service":"parking_aisle","osm_type":"way","osm_id":1089101434,"road_class":"service","source_priority":"osm-general"},"geometry":{"type":"LineString","coordinates":[[55.2616647,25.1956031],[55.2615868,25.1956633],[55.2615768,25.1956766],[55.2615728,25.1956923],[55.2615756,25.1957083],[55.2615847,25.1957222],[55.2618608,25.1960192],[55.2618748,25.1960267],[55.2618908,25.1960295],[55.2619069,25.1960271],[55.2619211,25.1960199],[55.2620071,25.1959641]]}},{"type":"Feature","id":"osm-way-1089101435","properties":{"highway":"service","oneway":"yes","osm_type":"way","osm_id":1089101435,"road_class":"service","source_priority":"osm-general"},"geometry":{"type":"LineString","coordinates":[[55.2616647,25.1956031],[55.2620071,25.1959641],[55.2620679,25.1960259]]}},{"type":"Feature","id":"osm-way-1089101437","properties":{"highway":"service","oneway":"yes","osm_type":"way","osm_id":1089101437,"road_class":"service","source_priority":"osm-general"},"geometry":{"type":"LineString","coordinates":[[55.2605909,25.1933127],[55.2606154,25.1932873],[55.2606389,25.1932611],[55.2606654,25.1932291],[55.2606903,25.1931961]]}},{"type":"Feature","id":"osm-way-1089101438","properties":{"highway":"service","oneway":"yes","osm_type":"way","osm_id":1089101438,"road_class":"service","source_priority":"osm-general"},"geometry":{"type":"LineString","coordinates":[[55.2610316,25.1935621],[55.2609776,25.1935842],[55.2609331,25.1936066],[55.260903,25.1936259],[55.2608794,25.1936429]]}},{"type":"Feature","id":"osm-way-1089815947","properties":{"highway":"service","oneway":"yes","osm_type":"way","osm_id":1089815947,"road_class":"service","source_priority":"osm-general"},"geometry":{"type":"LineString","coordinates":[[55.2641076,25.2021416],[55.2640997,25.2021692],[55.2640969,25.2021977],[55.2640993,25.2022261],[55.2641068,25.2022539],[55.2641192,25.2022801],[55.264173,25.2023625],[55.2641818,25.2023771],[55.2641888,25.2023925],[55.264194,25.2024085],[55.2642038,25.2024487]]}},{"type":"Feature","id":"osm-way-1089815948","properties":{"highway":"residential","oneway":"yes","osm_type":"way","osm_id":1089815948,"road_class":"residential","source_priority":"osm-general"},"geometry":{"type":"LineString","coordinates":[[55.264735,25.2016556],[55.2647746,25.2016485],[55.2648148,25.2016491],[55.264854,25.2016574],[55.2648904,25.201673],[55.2649224,25.2016953]]}},{"type":"Feature","id":"osm-way-1089815949","properties":{"highway":"residential","oneway":"yes","osm_type":"way","osm_id":1089815949,"road_class":"residential","source_priority":"osm-general"},"geometry":{"type":"LineString","coordinates":[[55.262416,25.2013348],[55.262302,25.2011587],[55.2622643,25.2011021]]}},{"type":"Feature","id":"osm-way-1089815950","properties":{"highway":"residential","oneway":"yes","osm_type":"way","osm_id":1089815950,"road_class":"residential","source_priority":"osm-general"},"geometry":{"type":"LineString","coordinates":[[55.2623038,25.2010727],[55.2623422,25.2011366],[55.2624495,25.2013106]]}},{"type":"Feature","id":"osm-way-1089815951","properties":{"highway":"residential","oneway":"yes","osm_type":"way","osm_id":1089815951,"road_class":"residential","source_priority":"osm-general"},"geometry":{"type":"LineString","coordinates":[[55.2625224,25.2009525],[55.2623789,25.2010295],[55.2623038,25.2010727],[55.2622643,25.2011021],[55.2622107,25.201151],[55.2621641,25.2012053]]}},{"type":"Feature","id":"osm-way-1089815952","properties":{"highway":"residential","osm_type":"way","osm_id":1089815952,"road_class":"residential","source_priority":"osm-general"},"geometry":{"type":"LineString","coordinates":[[55.2630476,25.2006707],[55.2631902,25.2008889],[55.2632014,25.2009116],[55.2632098,25.2009368],[55.2632155,25.200978]]}},{"type":"Feature","id":"osm-way-1089815953","properties":{"highway":"residential","oneway":"yes","osm_type":"way","osm_id":1089815953,"road_class":"residential","source_priority":"osm-general"},"geometry":{"type":"LineString","coordinates":[[55.2629519,25.2006825],[55.2629666,25.2006771],[55.2629824,25.200677],[55.2629972,25.200682],[55.263009,25.2006915],[55.2630162,25.2007043],[55.2630178,25.2007186],[55.2630135,25.2007324],[55.2630041,25.2007438],[55.2629906,25.2007514],[55.2628458,25.200807],[55.2627452,25.2008561],[55.2625493,25.2009596],[55.2625373,25.2009619],[55.262526,25.2009576],[55.2625224,25.2009525],[55.2625194,25.2009483],[55.2625199,25.2009372],[55.2625272,25.2009284],[55.2629519,25.2006825]]}},{"type":"Feature","id":"osm-way-1089815954","properties":{"highway":"residential","oneway":"yes","osm_type":"way","osm_id":1089815954,"road_class":"residential","source_priority":"osm-general"},"geometry":{"type":"LineString","coordinates":[[55.264735,25.2016556],[55.2647584,25.2016267],[55.2647737,25.2015933],[55.2647836,25.2015583],[55.2647879,25.2015223],[55.2647864,25.2014862],[55.2647793,25.2014506]]}},{"type":"Feature","id":"osm-way-1089815955","properties":{"highway":"residential","oneway":"yes","osm_type":"way","osm_id":1089815955,"road_class":"residential","source_priority":"osm-general"},"geometry":{"type":"LineString","coordinates":[[55.2638552,25.1997696],[55.2638378,25.1998169],[55.2638266,25.1998657],[55.2638218,25.1999153],[55.2638235,25.1999651],[55.2638315,25.2000144]]}},{"type":"Feature","id":"osm-way-1089815956","properties":{"highway":"residential","oneway":"yes","osm_type":"way","osm_id":1089815956,"road_class":"residential","source_priority":"osm-general"},"geometry":{"type":"LineString","coordinates":[[55.2638315,25.2000144],[55.2637956,25.1999874],[55.2637558,25.1999654],[55.263713,25.1999488],[55.2636679,25.199938],[55.2636216,25.1999331],[55.263575,25.1999342]]}},{"type":"Feature","id":"osm-way-1089815957","properties":{"highway":"residential","oneway":"yes","osm_type":"way","osm_id":1089815957,"road_class":"residential","source_priority":"osm-general"},"geometry":{"type":"LineString","coordinates":[[55.2647793,25.2014506],[55.26481,25.2014738],[55.2648444,25.2014922],[55.2648816,25.2015056],[55.2649206,25.2015134],[55.2649606,25.2015156],[55.2650004,25.201512]]}},{"type":"Feature","id":"osm-way-1089815958","properties":{"highway":"residential","name":"شارع السلام","name:ar":"شارع السلام","name:en":"Al Salam Street","oneway":"yes","osm_type":"way","osm_id":1089815958,"road_class":"residential","source_priority":"osm-general"},"geometry":{"type":"LineString","coordinates":[[55.2629578,25.2024255],[55.2629865,25.2024479],[55.263018,25.2024664],[55.2630521,25.2024806],[55.2630882,25.2024899],[55.2631254,25.2024944],[55.263163,25.2024937]]}},{"type":"Feature","id":"osm-way-1089815959","properties":{"highway":"residential","name":"شارع السلام","name:ar":"شارع السلام","name:en":"Al Salam Street","oneway":"yes","osm_type":"way","osm_id":1089815959,"road_class":"residential","source_priority":"osm-general"},"geometry":{"type":"LineString","coordinates":[[55.2629597,25.2026065],[55.2629682,25.2025707],[55.2629723,25.2025342],[55.262972,25.2024975],[55.2629671,25.2024612],[55.2629578,25.2024255]]}},{"type":"Feature","id":"osm-way-1089846352","properties":{"highway":"service","oneway":"yes","osm_type":"way","osm_id":1089846352,"road_class":"service","source_priority":"osm-general"},"geometry":{"type":"LineString","coordinates":[[55.2678542,25.2049763],[55.2674958,25.2051805]]}},{"type":"Feature","id":"osm-way-1089846353","properties":{"highway":"service","oneway":"yes","osm_type":"way","osm_id":1089846353,"road_class":"service","source_priority":"osm-general"},"geometry":{"type":"LineString","coordinates":[[55.2674847,25.2051419],[55.2678334,25.2049503]]}},{"type":"Feature","id":"osm-way-1089846357","properties":{"highway":"service","oneway":"yes","osm_type":"way","osm_id":1089846357,"road_class":"service","source_priority":"osm-general"},"geometry":{"type":"LineString","coordinates":[[55.2673484,25.2045988],[55.2675064,25.2048415],[55.2675251,25.2048627],[55.2675479,25.2048805],[55.2675739,25.2048941],[55.2675992,25.2049032]]}},{"type":"Feature","id":"osm-way-1089846359","properties":{"highway":"service","oneway":"yes","osm_type":"way","osm_id":1089846359,"road_class":"service","source_priority":"osm-general"},"geometry":{"type":"LineString","coordinates":[[55.2679688,25.2047025],[55.2680005,25.2046711],[55.2680258,25.2046354],[55.268044,25.2045962],[55.2680545,25.2045548],[55.268057,25.2045124]]}},{"type":"Feature","id":"osm-way-1089846360","properties":{"highway":"service","oneway":"yes","osm_type":"way","osm_id":1089846360,"road_class":"service","source_priority":"osm-general"},"geometry":{"type":"LineString","coordinates":[[55.2681963,25.2047195],[55.2681543,25.2046994],[55.2681086,25.2046874],[55.2680612,25.2046838],[55.268014,25.2046889],[55.2679688,25.2047025]]}},{"type":"Feature","id":"osm-way-1089846361","properties":{"access":"permissive","highway":"service","osm_type":"way","osm_id":1089846361,"road_class":"service","source_priority":"osm-general"},"geometry":{"type":"LineString","coordinates":[[55.2668028,25.2033176],[55.2669761,25.2032439]]}},{"type":"Feature","id":"osm-way-1089846362","properties":{"highway":"service","oneway":"yes","osm_type":"way","osm_id":1089846362,"road_class":"service","source_priority":"osm-general"},"geometry":{"type":"LineString","coordinates":[[55.2658114,25.2023187],[55.2658566,25.202378],[55.2659069,25.202434],[55.2659619,25.2024861],[55.2660743,25.2026081]]}},{"type":"Feature","id":"osm-way-1089846363","properties":{"highway":"service","osm_type":"way","osm_id":1089846363,"road_class":"service","source_priority":"osm-general"},"geometry":{"type":"LineString","coordinates":[[55.2663478,25.2021639],[55.266269,25.2022188],[55.2661721,25.2022944],[55.2659619,25.2024861],[55.2659287,25.2025167],[55.2653483,25.2030458],[55.2652919,25.2031035]]}},{"type":"Feature","id":"osm-way-1089846364","properties":{"highway":"service","oneway":"yes","osm_type":"way","osm_id":1089846364,"road_class":"service","source_priority":"osm-general"},"geometry":{"type":"LineString","coordinates":[[55.2660361,25.202641],[55.2659287,25.2025167],[55.2658912,25.2024701],[55.2658494,25.2024266],[55.2658035,25.2023866],[55.2657539,25.2023504]]}},{"type":"Feature","id":"osm-way-1089846365","properties":{"highway":"service","service":"parking_aisle","osm_type":"way","osm_id":1089846365,"road_class":"service","source_priority":"osm-general"},"geometry":{"type":"LineString","coordinates":[[55.2662214,25.2020993],[55.2658114,25.2023187],[55.2657539,25.2023504],[55.2656921,25.2023825],[55.2656763,25.202396],[55.265665,25.2024129],[55.265659,25.2024318],[55.2656587,25.2024515],[55.2656642,25.2024706],[55.2657453,25.2025944]]}},{"type":"Feature","id":"osm-way-1089846366","properties":{"highway":"service","service":"parking_aisle","osm_type":"way","osm_id":1089846366,"road_class":"service","source_priority":"osm-general"},"geometry":{"type":"LineString","coordinates":[[55.2663783,25.2023396],[55.2660743,25.2026081],[55.2660361,25.202641],[55.2659565,25.2027121]]}},{"type":"Feature","id":"osm-way-1089846367","properties":{"highway":"service","oneway":"yes","osm_type":"way","osm_id":1089846367,"road_class":"service","source_priority":"osm-general"},"geometry":{"type":"LineString","coordinates":[[55.2652919,25.2031035],[55.2651599,25.2032515],[55.2651386,25.2032575],[55.2651163,25.2032587],[55.2650939,25.2032549],[55.2650732,25.203246],[55.2650556,25.2032328],[55.2650422,25.2032161],[55.2650338,25.2031969],[55.2650322,25.2031732],[55.2650391,25.2031503],[55.265054,25.2031307],[55.2651227,25.2030667],[55.2651437,25.2030546],[55.2651676,25.2030479],[55.265193,25.2030473],[55.2652177,25.2030529],[55.2652397,25.2030643],[55.2652919,25.2031035]]}},{"type":"Feature","id":"osm-way-1089846368","properties":{"highway":"service","oneway":"yes","osm_type":"way","osm_id":1089846368,"road_class":"service","source_priority":"osm-general"},"geometry":{"type":"LineString","coordinates":[[55.2663478,25.2021639],[55.2663755,25.2021358],[55.2663993,25.2021048],[55.2664188,25.2020715],[55.2664338,25.2020364],[55.2664441,25.2019998]]}},{"type":"Feature","id":"osm-way-1089846369","properties":{"highway":"service","oneway":"yes","osm_type":"way","osm_id":1089846369,"road_class":"service","source_priority":"osm-general"},"geometry":{"type":"LineString","coordinates":[[55.2665466,25.2021581],[55.2665071,25.2021511],[55.2664669,25.2021481],[55.2664266,25.2021493],[55.2663868,25.2021546],[55.2663478,25.2021639]]}},{"type":"Feature","id":"osm-way-1089878489","properties":{"highway":"residential","name":"شارع 23","name:ar":"شارع 23","name:en":"23rd Street","oneway":"yes","osm_type":"way","osm_id":1089878489,"road_class":"residential","source_priority":"osm-general"},"geometry":{"type":"LineString","coordinates":[[55.2578016,25.1984652],[55.2577802,25.1984868],[55.2577572,25.1985069],[55.2577333,25.1985261],[55.2575565,25.1986672]]}},{"type":"Feature","id":"osm-way-1089878490","properties":{"highway":"residential","name":"شارع 23","name:ar":"شارع 23","name:en":"23rd Street","oneway":"yes","osm_type":"way","osm_id":1089878490,"road_class":"residential","source_priority":"osm-general"},"geometry":{"type":"LineString","coordinates":[[55.2575236,25.1986194],[55.2577137,25.1985091],[55.2577419,25.1984928],[55.2577709,25.1984776],[55.2578016,25.1984652]]}},{"type":"Feature","id":"osm-way-1089878508","properties":{"highway":"service","oneway":"yes","osm_type":"way","osm_id":1089878508,"road_class":"service","source_priority":"osm-general"},"geometry":{"type":"LineString","coordinates":[[55.2652276,25.2020778],[55.2651883,25.2020655],[55.2651531,25.2020453],[55.265124,25.2020183],[55.2650023,25.2018317],[55.2649728,25.2017965],[55.2649415,25.2017683],[55.264906,25.2017445],[55.264867,25.2017256]]}},{"type":"Feature","id":"osm-way-1089878509","properties":{"highway":"service","oneway":"yes","osm_type":"way","osm_id":1089878509,"road_class":"service","source_priority":"osm-general"},"geometry":{"type":"LineString","coordinates":[[55.2652276,25.2020778],[55.2651612,25.2020077],[55.2649895,25.2017499],[55.2649732,25.2017338],[55.2649492,25.2017149],[55.2649224,25.2016953]]}},{"type":"Feature","id":"osm-way-1089878510","properties":{"highway":"service","oneway":"yes","osm_type":"way","osm_id":1089878510,"road_class":"service","source_priority":"osm-general"},"geometry":{"type":"LineString","coordinates":[[55.2649793,25.2016615],[55.2650051,25.2016993],[55.2650166,25.2017162],[55.2651961,25.2019992],[55.2652276,25.2020778]]}},{"type":"Feature","id":"osm-way-1089878511","properties":{"highway":"service","oneway":"yes","osm_type":"way","osm_id":1089878511,"road_class":"service","source_priority":"osm-general"},"geometry":{"type":"LineString","coordinates":[[55.2651741,25.2015545],[55.2651049,25.2016707],[55.2650896,25.2016964],[55.265087,25.2017142],[55.2650868,25.2017322],[55.2650909,25.201758],[55.2650999,25.2017827],[55.2651136,25.2018056],[55.2652129,25.2019591],[55.2652273,25.2019877],[55.2652345,25.2020175],[55.2652346,25.202048],[55.2652276,25.2020778]]}},{"type":"Feature","id":"osm-way-1090525236","properties":{"highway":"service","service":"parking_aisle","osm_type":"way","osm_id":1090525236,"road_class":"service","source_priority":"osm-general"},"geometry":{"type":"LineString","coordinates":[[55.2676828,25.2044135],[55.2677505,25.2045233],[55.2677555,25.2045416],[55.2677534,25.2045603],[55.2677444,25.2045772],[55.2677295,25.2045905],[55.2675281,25.2047045]]}},{"type":"Feature","id":"osm-way-1090788075","properties":{"highway":"service","service":"alley","osm_type":"way","osm_id":1090788075,"road_class":"service","source_priority":"osm-general"},"geometry":{"type":"LineString","coordinates":[[55.2592852,25.2011289],[55.2592202,25.2011662],[55.2592066,25.2011742],[55.2582688,25.2017288]]}},{"type":"Feature","id":"osm-way-1090788081","properties":{"highway":"residential","oneway":"yes","osm_type":"way","osm_id":1090788081,"road_class":"residential","source_priority":"osm-general"},"geometry":{"type":"LineString","coordinates":[[55.2655774,25.2001781],[55.26555,25.2002071],[55.265527,25.200239],[55.2655087,25.2002734],[55.2654955,25.2003095],[55.2654875,25.2003469],[55.2654848,25.200385],[55.2654876,25.200423]]}},{"type":"Feature","id":"osm-way-1090788082","properties":{"foot":"no","highway":"secondary_link","lanes":"1","oneway":"yes","osm_type":"way","osm_id":1090788082,"road_class":"secondary","source_priority":"osm-general"},"geometry":{"type":"LineString","coordinates":[[55.2617872,25.1961887],[55.2618058,25.1961757],[55.2618997,25.1961162],[55.2619459,25.1960914],[55.2619755,25.196078],[55.2620166,25.1960631]]}},{"type":"Feature","id":"osm-way-1090788083","properties":{"foot":"no","highway":"secondary_link","lanes":"1","oneway":"yes","osm_type":"way","osm_id":1090788083,"road_class":"secondary","source_priority":"osm-general"},"geometry":{"type":"LineString","coordinates":[[55.2620166,25.1960631],[55.2619377,25.1961397],[55.2619159,25.1961762],[55.2619041,25.1962163],[55.2619028,25.1962578],[55.2619121,25.1962984],[55.2619316,25.1963359]]}},{"type":"Feature","id":"osm-way-1092711275","properties":{"highway":"service","osm_type":"way","osm_id":1092711275,"road_class":"service","source_priority":"osm-general"},"geometry":{"type":"LineString","coordinates":[[55.2695855,25.1996538],[55.2694583,25.1997266]]}},{"type":"Feature","id":"osm-way-1092711276","properties":{"highway":"service","osm_type":"way","osm_id":1092711276,"road_class":"service","source_priority":"osm-general"},"geometry":{"type":"LineString","coordinates":[[55.2701365,25.2004803],[55.2702098,25.2005979],[55.2703078,25.2007639]]}},{"type":"Feature","id":"osm-way-1092739434","properties":{"highway":"service","oneway":"yes","osm_type":"way","osm_id":1092739434,"road_class":"service","source_priority":"osm-general"},"geometry":{"type":"LineString","coordinates":[[55.2726776,25.200434],[55.2725792,25.2002734],[55.272568,25.2002482],[55.2725689,25.200221],[55.2725817,25.2001965],[55.2726044,25.2001786],[55.2727021,25.2001295]]}},{"type":"Feature","id":"osm-way-1092739435","properties":{"highway":"service","oneway":"yes","osm_type":"way","osm_id":1092739435,"road_class":"service","source_priority":"osm-general"},"geometry":{"type":"LineString","coordinates":[[55.2730827,25.2007821],[55.2730923,25.2008372],[55.2730918,25.2008621],[55.2730822,25.2008854],[55.2730646,25.2009046],[55.2730409,25.2009173],[55.2730138,25.2009221],[55.2729866,25.2009185],[55.2729622,25.2009069],[55.2729435,25.2008886],[55.2728599,25.2007392]]}},{"type":"Feature","id":"osm-way-1092739437","properties":{"highway":"service","osm_type":"way","osm_id":1092739437,"road_class":"service","source_priority":"osm-general"},"geometry":{"type":"LineString","coordinates":[[55.2713901,25.2000862],[55.2714272,25.2001797]]}},{"type":"Feature","id":"osm-way-1092739438","properties":{"highway":"service","osm_type":"way","osm_id":1092739438,"road_class":"service","source_priority":"osm-general"},"geometry":{"type":"LineString","coordinates":[[55.2714816,25.2015225],[55.2715942,25.2014725]]}},{"type":"Feature","id":"osm-way-1092739439","properties":{"highway":"service","oneway":"yes","osm_type":"way","osm_id":1092739439,"road_class":"service","source_priority":"osm-general"},"geometry":{"type":"LineString","coordinates":[[55.2728784,25.2004331],[55.2727351,25.2005006]]}},{"type":"Feature","id":"osm-way-1092739440","properties":{"highway":"service","oneway":"yes","osm_type":"way","osm_id":1092739440,"road_class":"service","source_priority":"osm-general"},"geometry":{"type":"LineString","coordinates":[[55.2728265,25.2006562],[55.2729697,25.2005888]]}},{"type":"Feature","id":"osm-way-1092739441","properties":{"highway":"service","osm_type":"way","osm_id":1092739441,"road_class":"service","source_priority":"osm-general"},"geometry":{"type":"LineString","coordinates":[[55.2727286,25.2016982],[55.2726733,25.201597]]}},{"type":"Feature","id":"osm-way-1092890813","properties":{"highway":"residential","oneway":"yes","osm_type":"way","osm_id":1092890813,"road_class":"residential","source_priority":"osm-general"},"geometry":{"type":"LineString","coordinates":[[55.2653499,25.2002397],[55.2654092,25.2002328],[55.2654673,25.2002201],[55.2655235,25.2002018],[55.2655774,25.2001781]]}},{"type":"Feature","id":"osm-way-1092920493","properties":{"highway":"service","oneway":"yes","osm_type":"way","osm_id":1092920493,"road_class":"service","source_priority":"osm-general"},"geometry":{"type":"LineString","coordinates":[[55.2642038,25.2024487],[55.2641709,25.2024161],[55.2641594,25.202405],[55.2641491,25.2023929],[55.26414,25.2023801],[55.264083,25.2022995],[55.2640639,25.2022764],[55.2640406,25.2022566],[55.2640138,25.202241],[55.2639843,25.2022298],[55.2639532,25.2022235]]}},{"type":"Feature","id":"osm-way-1092963779","properties":{"highway":"service","oneway":"yes","surface":"paving_stones","osm_type":"way","osm_id":1092963779,"road_class":"service","source_priority":"osm-general"},"geometry":{"type":"LineString","coordinates":[[55.2701078,25.1949463],[55.2700994,25.1952487],[55.2700959,25.1952971],[55.2700476,25.1953439],[55.2700331,25.1953653],[55.2698998,25.195486]]}},{"type":"Feature","id":"osm-way-1092963780","properties":{"highway":"service","oneway":"yes","surface":"concrete","osm_type":"way","osm_id":1092963780,"road_class":"service","source_priority":"osm-general"},"geometry":{"type":"LineString","coordinates":[[55.2701587,25.1964578],[55.2702788,25.1964988],[55.2703187,25.1965206],[55.270353,25.1965491],[55.2703803,25.1965833],[55.2705427,25.1968717]]}},{"type":"Feature","id":"osm-way-1092998643","properties":{"highway":"service","osm_type":"way","osm_id":1092998643,"road_class":"service","source_priority":"osm-general"},"geometry":{"type":"LineString","coordinates":[[55.2715566,25.1906956],[55.2717536,25.1905886]]}},{"type":"Feature","id":"osm-way-1092998644","properties":{"highway":"service","osm_type":"way","osm_id":1092998644,"road_class":"service","source_priority":"osm-general"},"geometry":{"type":"LineString","coordinates":[[55.2717307,25.1905495],[55.2719434,25.1904385]]}},{"type":"Feature","id":"osm-way-1092998645","properties":{"highway":"service","osm_type":"way","osm_id":1092998645,"road_class":"service","source_priority":"osm-general"},"geometry":{"type":"LineString","coordinates":[[55.272498,25.1902294],[55.272359,25.1902766],[55.272309,25.1902978],[55.2722598,25.1903206],[55.2722115,25.1903448],[55.2721606,25.1903751],[55.2721077,25.1904026],[55.2720531,25.1904272],[55.2719602,25.1904672]]}},{"type":"Feature","id":"osm-way-1092998646","properties":{"highway":"service","osm_type":"way","osm_id":1092998646,"road_class":"service","source_priority":"osm-general"},"geometry":{"type":"LineString","coordinates":[[55.2724309,25.1900512],[55.272498,25.1902294],[55.2725256,25.1903026]]}},{"type":"Feature","id":"osm-way-1092998647","properties":{"highway":"service","osm_type":"way","osm_id":1092998647,"road_class":"service","source_priority":"osm-general"},"geometry":{"type":"LineString","coordinates":[[55.2716228,25.1903817],[55.2717307,25.1905495],[55.2717536,25.1905886],[55.2718088,25.1906892]]}},{"type":"Feature","id":"osm-way-1092998648","properties":{"highway":"service","osm_type":"way","osm_id":1092998648,"road_class":"service","source_priority":"osm-general"},"geometry":{"type":"LineString","coordinates":[[55.2718545,25.1902742],[55.2719434,25.1904385],[55.2719602,25.1904672],[55.272,25.1905329],[55.2720414,25.1905977]]}},{"type":"Feature","id":"osm-way-1092998656","properties":{"highway":"service","oneway":"yes","osm_type":"way","osm_id":1092998656,"road_class":"service","source_priority":"osm-general"},"geometry":{"type":"LineString","coordinates":[[55.2701102,25.1899312],[55.2701445,25.1898023]]}},{"type":"Feature","id":"osm-way-1092998657","properties":{"highway":"service","oneway":"yes","osm_type":"way","osm_id":1092998657,"road_class":"service","source_priority":"osm-general"},"geometry":{"type":"LineString","coordinates":[[55.2687955,25.1900967],[55.2688555,25.1901231],[55.2689188,25.1901422],[55.2689844,25.1901534],[55.269051,25.1901568],[55.2695214,25.1901562],[55.2695682,25.1901517],[55.2696137,25.1901409],[55.2696568,25.1901238],[55.2696964,25.1901009],[55.2700528,25.1898632],[55.2701445,25.1898023],[55.2707346,25.1894303],[55.2708026,25.1893911],[55.270878,25.1893651],[55.2709576,25.1893534],[55.2710784,25.1893608]]}},{"type":"Feature","id":"osm-way-1093244765","properties":{"highway":"service","oneway":"yes","osm_type":"way","osm_id":1093244765,"road_class":"service","source_priority":"osm-general"},"geometry":{"type":"LineString","coordinates":[[55.2747737,25.189361],[55.2746589,25.1895625],[55.2746244,25.1896031],[55.2745848,25.1896398],[55.2745511,25.1896652],[55.2745151,25.1896877],[55.2744769,25.1897071],[55.2744369,25.1897234],[55.2743881,25.1897363],[55.2743317,25.1897456],[55.2742709,25.1897506],[55.2742153,25.1897571],[55.2741605,25.1897677],[55.2741068,25.1897823],[55.2740546,25.1898008],[55.2740042,25.189823],[55.2738876,25.1898741],[55.2738618,25.1898878],[55.2738457,25.1898971],[55.2738088,25.189927],[55.2737834,25.1899532]]}},{"type":"Feature","id":"osm-way-1093244766","properties":{"covered":"yes","highway":"service","oneway":"yes","osm_type":"way","osm_id":1093244766,"road_class":"service","source_priority":"osm-general"},"geometry":{"type":"LineString","coordinates":[[55.2743834,25.1899012],[55.2744596,25.1898867]]}},{"type":"Feature","id":"osm-way-1093244767","properties":{"highway":"service","oneway":"yes","osm_type":"way","osm_id":1093244767,"road_class":"service","source_priority":"osm-general"},"geometry":{"type":"LineString","coordinates":[[55.2744596,25.1898867],[55.274498,25.189879],[55.2745331,25.189868],[55.2745644,25.18985],[55.2745904,25.1898261],[55.2746097,25.1897974],[55.2746213,25.1897655],[55.2746246,25.1897321],[55.2746193,25.1896988],[55.2746059,25.1896676],[55.2745848,25.1896398]]}},{"type":"Feature","id":"osm-way-1093524594","properties":{"foot":"no","highway":"secondary_link","lanes":"2","lit":"yes","oneway":"yes","sidewalk":"no","surface":"asphalt","turn:lanes":"left|left","osm_type":"way","osm_id":1093524594,"road_class":"secondary","source_priority":"osm-general"},"geometry":{"type":"LineString","coordinates":[[55.261317,25.1880646],[55.2614437,25.1882501],[55.2615061,25.1883253],[55.2616107,25.1884509],[55.2616583,25.1885128],[55.2616772,25.1885426],[55.2617033,25.1885839],[55.261733,25.1886479],[55.2617556,25.1887049],[55.2617652,25.1887548],[55.2617686,25.1888054],[55.2617674,25.1888385],[55.2617636,25.1888714],[55.2617482,25.1889355],[55.2617228,25.1889969],[55.2616878,25.1890543]]}},{"type":"Feature","id":"osm-way-1093524595","properties":{"foot":"no","highway":"secondary_link","lanes":"2","lit":"yes","oneway":"yes","sidewalk":"no","surface":"asphalt","turn:lanes":"left|left","osm_type":"way","osm_id":1093524595,"road_class":"secondary","source_priority":"osm-general"},"geometry":{"type":"LineString","coordinates":[[55.2629766,25.1880967],[55.2628898,25.1881223],[55.262805,25.1881529],[55.2627226,25.1881885],[55.2626429,25.1882288],[55.2625662,25.1882737],[55.2620824,25.1886371],[55.2620436,25.1886663],[55.2619549,25.1887183],[55.2618999,25.1887468],[55.2618436,25.1887734],[55.2617686,25.1888054],[55.261689,25.1888337],[55.2616092,25.1888582],[55.2615282,25.1888787]]}},{"type":"Feature","id":"osm-way-1093524596","properties":{"foot":"no","highway":"secondary_link","lanes":"2","lit":"yes","oneway":"yes","sidewalk":"no","surface":"asphalt","turn:lanes":"left|left","osm_type":"way","osm_id":1093524596,"road_class":"secondary","source_priority":"osm-general"},"geometry":{"type":"LineString","coordinates":[[55.2623004,25.1897116],[55.2622825,25.1896484],[55.2622551,25.189588],[55.2622235,25.1895381],[55.2621853,25.1894921],[55.2619685,25.1892466],[55.2619257,25.189194],[55.2618906,25.1891368],[55.2618857,25.1891257],[55.2618637,25.1890761],[55.2618513,25.1890031],[55.2618422,25.1889366],[55.2618386,25.1888911],[55.261837,25.1888437],[55.2618436,25.1887734],[55.2618536,25.1886922],[55.2618684,25.1886178]]}},{"type":"Feature","id":"osm-way-1093524597","properties":{"foot":"no","highway":"secondary_link","lanes":"2","lit":"yes","maxspeed":"60","oneway":"yes","sidewalk":"no","surface":"asphalt","turn:lanes":"left|left","osm_type":"way","osm_id":1093524597,"road_class":"secondary","source_priority":"osm-general"},"geometry":{"type":"LineString","coordinates":[[55.2607771,25.1895109],[55.2608419,25.189492],[55.2609045,25.1894676],[55.2609643,25.1894381],[55.2610208,25.1894037],[55.2610736,25.1893647],[55.2614785,25.1890584],[55.2615169,25.1890294],[55.2616047,25.1889629],[55.2616674,25.1889219],[55.2617636,25.1888714],[55.261837,25.1888437],[55.2619298,25.1888166],[55.2620235,25.1887979]]}},{"type":"Feature","id":"osm-way-1093538642","properties":{"highway":"service","osm_type":"way","osm_id":1093538642,"road_class":"service","source_priority":"osm-general"},"geometry":{"type":"LineString","coordinates":[[55.2588983,25.1873321],[55.2590462,25.1872143]]}},{"type":"Feature","id":"osm-way-1093538643","properties":{"highway":"service","oneway":"yes","osm_type":"way","osm_id":1093538643,"road_class":"service","source_priority":"osm-general"},"geometry":{"type":"LineString","coordinates":[[55.264062,25.1853556],[55.2641487,25.1853056],[55.2641776,25.1852869],[55.2642024,25.185264],[55.2642197,25.1852416],[55.2642332,25.185217],[55.2642425,25.185191]]}},{"type":"Feature","id":"osm-way-1093595514","properties":{"highway":"service","oneway":"yes","osm_type":"way","osm_id":1093595514,"road_class":"service","source_priority":"osm-general"},"geometry":{"type":"LineString","coordinates":[[55.2640231,25.203783],[55.2641628,25.2038048],[55.264189,25.2038122],[55.2642135,25.2038233],[55.2642357,25.2038379],[55.2642549,25.2038555],[55.2642714,25.2038755],[55.2645249,25.2042721],[55.2646686,25.2044922],[55.2647824,25.2046666],[55.2650438,25.205059],[55.2650665,25.2050997],[55.265083,25.2051426],[55.265091,25.2051875],[55.2650902,25.205233],[55.2650819,25.2054108]]}},{"type":"Feature","id":"osm-way-1093741612","properties":{"highway":"service","osm_type":"way","osm_id":1093741612,"road_class":"service","source_priority":"osm-general"},"geometry":{"type":"LineString","coordinates":[[55.2680915,25.1864522],[55.2680926,25.186451],[55.2681033,25.1864343],[55.2681213,25.1864122],[55.2681421,25.1863923],[55.2681654,25.1863748],[55.268191,25.18636]]}},{"type":"Feature","id":"osm-way-1093741613","properties":{"highway":"service","oneway":"yes","osm_type":"way","osm_id":1093741613,"road_class":"service","source_priority":"osm-general"},"geometry":{"type":"LineString","coordinates":[[55.2680915,25.1864522],[55.2679087,25.1862868],[55.2678985,25.1862804],[55.2678869,25.1862764],[55.2678746,25.186275],[55.2678623,25.1862762]]}},{"type":"Feature","id":"osm-way-1093741614","properties":{"highway":"service","oneway":"yes","osm_type":"way","osm_id":1093741614,"road_class":"service","source_priority":"osm-general"},"geometry":{"type":"LineString","coordinates":[[55.2678669,25.1862494],[55.2678828,25.1862468],[55.2678989,25.1862481],[55.2679141,25.1862531],[55.2679273,25.1862616],[55.2681033,25.1864343]]}},{"type":"Feature","id":"osm-way-1093741615","properties":{"highway":"tertiary_link","lit":"yes","oneway":"yes","osm_type":"way","osm_id":1093741615,"road_class":"tertiary","source_priority":"osm-general"},"geometry":{"type":"LineString","coordinates":[[55.2602089,25.186671],[55.2602446,25.1868241]]}},{"type":"Feature","id":"osm-way-1093772729","properties":{"highway":"service","oneway":"yes","osm_type":"way","osm_id":1093772729,"road_class":"service","source_priority":"osm-general"},"geometry":{"type":"LineString","coordinates":[[55.271408,25.1872896],[55.2714243,25.1873256],[55.2714185,25.1873642],[55.2713922,25.1873949],[55.2713524,25.1874096],[55.2713098,25.1874044],[55.2712759,25.1873805]]}},{"type":"Feature","id":"osm-way-1093772730","properties":{"highway":"service","osm_type":"way","osm_id":1093772730,"road_class":"service","source_priority":"osm-general"},"geometry":{"type":"LineString","coordinates":[[55.2747214,25.1852022],[55.2743466,25.1847795]]}},{"type":"Feature","id":"osm-way-1094106460","properties":{"highway":"service","oneway":"yes","osm_type":"way","osm_id":1094106460,"road_class":"service","source_priority":"osm-general"},"geometry":{"type":"LineString","coordinates":[[55.2632848,25.186393],[55.2637821,25.1864681],[55.2638207,25.1864725],[55.2638596,25.1864705],[55.2638974,25.1864622],[55.2639329,25.1864478],[55.263965,25.1864279],[55.2641227,25.1862977],[55.2643835,25.1861124],[55.2644157,25.1860801],[55.2644366,25.1860401],[55.2644431,25.1859962],[55.2644386,25.1859526],[55.2644302,25.1858479],[55.2644304,25.1857429],[55.2644393,25.1856382],[55.2644484,25.1855776]]}},{"type":"Feature","id":"osm-way-1094462695","properties":{"highway":"service","osm_type":"way","osm_id":1094462695,"road_class":"service","source_priority":"osm-general"},"geometry":{"type":"LineString","coordinates":[[55.2679487,25.1872359],[55.2681643,25.1872943]]}},{"type":"Feature","id":"osm-way-1094462699","properties":{"highway":"service","osm_type":"way","osm_id":1094462699,"road_class":"service","source_priority":"osm-general"},"geometry":{"type":"LineString","coordinates":[[55.2622508,25.185479],[55.2622227,25.1854152]]}},{"type":"Feature","id":"osm-way-1094462700","properties":{"highway":"service","oneway":"yes","osm_type":"way","osm_id":1094462700,"road_class":"service","source_priority":"osm-general"},"geometry":{"type":"LineString","coordinates":[[55.26219,25.1854284],[55.2622227,25.1854152],[55.2623523,25.1853628]]}},{"type":"Feature","id":"osm-way-1094462701","properties":{"highway":"service","oneway":"yes","osm_type":"way","osm_id":1094462701,"road_class":"service","source_priority":"osm-general"},"geometry":{"type":"LineString","coordinates":[[55.2623822,25.1854302],[55.2622508,25.185479],[55.2622211,25.1854901]]}},{"type":"Feature","id":"osm-way-1094462702","properties":{"highway":"service","oneway":"yes","osm_type":"way","osm_id":1094462702,"road_class":"service","source_priority":"osm-general"},"geometry":{"type":"LineString","coordinates":[[55.2622227,25.1854152],[55.262241,25.1853512],[55.262243,25.1853338],[55.2622453,25.1853131],[55.262243,25.1852748],[55.2622343,25.1852373],[55.2622101,25.1851766],[55.2621991,25.1851316],[55.2621942,25.1850857],[55.2621956,25.1850396],[55.2622031,25.1849941]]}},{"type":"Feature","id":"osm-way-1094645604","properties":{"foot":"yes","highway":"service","oneway":"yes","osm_type":"way","osm_id":1094645604,"road_class":"service","source_priority":"osm-general"},"geometry":{"type":"LineString","coordinates":[[55.2737568,25.2013801],[55.273877,25.2015737],[55.2738818,25.2015859],[55.2738795,25.2015987],[55.2738705,25.2016089],[55.2738573,25.2016139],[55.2737701,25.2016204],[55.2737409,25.2016188],[55.2737121,25.2016141],[55.2736841,25.2016063]]}},{"type":"Feature","id":"osm-way-1094645605","properties":{"foot":"yes","highway":"service","oneway":"yes","osm_type":"way","osm_id":1094645605,"road_class":"service","source_priority":"osm-general"},"geometry":{"type":"LineString","coordinates":[[55.2733216,25.2009905],[55.2734332,25.2009398],[55.273456,25.2009329],[55.27348,25.2009345],[55.2735013,25.2009445],[55.2735167,25.2009613],[55.2736028,25.2011195]]}},{"type":"Feature","id":"osm-way-1094645606","properties":{"highway":"service","oneway":"yes","osm_type":"way","osm_id":1094645606,"road_class":"service","source_priority":"osm-general"},"geometry":{"type":"LineString","coordinates":[[55.2734593,25.2012172],[55.273556,25.2011698]]}},{"type":"Feature","id":"osm-way-1094645607","properties":{"highway":"service","oneway":"yes","osm_type":"way","osm_id":1094645607,"road_class":"service","source_priority":"osm-general"},"geometry":{"type":"LineString","coordinates":[[55.2736501,25.2013355],[55.2735058,25.2014038]]}},{"type":"Feature","id":"osm-way-1094723107","properties":{"foot":"no","highway":"secondary","lanes":"2","lit":"yes","maxspeed":"60","name":"شارع المستقبل","name:ar":"شارع المستقبل","name:en":"Al Mustaqbal Street","oneway":"yes","ref":"D86","sidewalk":"no","surface":"asphalt","osm_type":"way","osm_id":1094723107,"road_class":"secondary","source_priority":"osm-general"},"geometry":{"type":"LineString","coordinates":[[55.2725601,25.1993011],[55.2722642,25.199414],[55.2721153,25.1994663],[55.2719622,25.1995074],[55.2718058,25.1995368],[55.2716473,25.1995545],[55.2714877,25.1995603],[55.2713282,25.1995542],[55.2711697,25.1995362],[55.2710134,25.1995064],[55.2708604,25.1994651],[55.2707117,25.1994125],[55.2705682,25.199349],[55.270431,25.199275],[55.2700944,25.1990686]]}},{"type":"Feature","id":"osm-way-1094723108","properties":{"foot":"no","highway":"secondary","lanes":"2","lit":"yes","maxspeed":"60","name":"شارع المستقبل","name:ar":"شارع المستقبل","name:en":"Al Mustaqbal Street","oneway":"yes","ref":"D86","sidewalk":"no","surface":"asphalt","osm_type":"way","osm_id":1094723108,"road_class":"secondary","source_priority":"osm-general"},"geometry":{"type":"LineString","coordinates":[[55.2702192,25.1989663],[55.2703112,25.1990665],[55.2704249,25.1991565],[55.2705472,25.1992366],[55.270688,25.1993062],[55.2708245,25.1993646],[55.2709664,25.1994115],[55.2711125,25.1994463],[55.2712615,25.1994687],[55.2714121,25.1994805],[55.2715325,25.1994815],[55.2716527,25.199477],[55.2717723,25.1994651],[55.2718908,25.199446],[55.2720076,25.1994198],[55.2721222,25.1993865],[55.2722341,25.1993463],[55.2725378,25.1992332]]}},{"type":"Feature","id":"osm-way-1095588933","properties":{"foot":"no","highway":"tertiary_link","oneway":"yes","osm_type":"way","osm_id":1095588933,"road_class":"tertiary","source_priority":"osm-general"},"geometry":{"type":"LineString","coordinates":[[55.2703293,25.1900438],[55.2702171,25.190041],[55.2701418,25.1900846],[55.2700918,25.1901183],[55.2700429,25.1901555],[55.2699247,25.1902372],[55.2698289,25.1903035],[55.2696957,25.1904016],[55.2695836,25.1904788],[55.269482,25.1905529],[55.269447,25.1905806],[55.2693912,25.1906097],[55.2693467,25.1906359],[55.2693223,25.190649],[55.2692754,25.1906613],[55.2692215,25.1906682],[55.2691764,25.1906607]]}},{"type":"Feature","id":"osm-way-1095588934","properties":{"foot":"no","highway":"secondary_link","lanes":"2","oneway":"yes","osm_type":"way","osm_id":1095588934,"road_class":"secondary","source_priority":"osm-general"},"geometry":{"type":"LineString","coordinates":[[55.2710784,25.1893608],[55.2711585,25.1893395],[55.2712422,25.1893106],[55.2713172,25.1892831],[55.2713899,25.1892398],[55.2714701,25.1891965],[55.272293,25.1887258],[55.2723355,25.1886998],[55.2723797,25.1886712],[55.2724354,25.1886475],[55.2724632,25.1886361],[55.2724912,25.1886279],[55.2725227,25.1886274],[55.2725528,25.1886353],[55.2725891,25.1886551]]}},{"type":"Feature","id":"osm-way-1095588935","properties":{"foot":"no","highway":"secondary_link","lanes":"2","oneway":"yes","osm_type":"way","osm_id":1095588935,"road_class":"secondary","source_priority":"osm-general"},"geometry":{"type":"LineString","coordinates":[[55.2737645,25.1878731],[55.2736929,25.1878853],[55.2736231,25.1879043],[55.2735653,25.1879402],[55.2734399,25.1880219],[55.2726977,25.1884882],[55.2726641,25.1885049],[55.272583,25.1885358],[55.2725159,25.1885588],[55.2724854,25.1885677],[55.2724667,25.1885705],[55.2724425,25.1885751],[55.2724079,25.1885728],[55.2723805,25.1885654]]}},{"type":"Feature","id":"osm-way-1095588936","properties":{"foot":"no","highway":"secondary_link","lanes":"1","oneway":"yes","osm_type":"way","osm_id":1095588936,"road_class":"secondary","source_priority":"osm-general"},"geometry":{"type":"LineString","coordinates":[[55.2729169,25.1892889],[55.27288,25.1892086],[55.2728388,25.18913],[55.2727934,25.1890533],[55.2727438,25.1889788],[55.272636,25.1888301],[55.2726009,25.1887865],[55.2725368,25.188692],[55.2724933,25.1886327],[55.2724912,25.1886279],[55.2724667,25.1885705],[55.2724608,25.1885456],[55.2724635,25.188526],[55.2724698,25.1885061]]}},{"type":"Feature","id":"osm-way-1095588937","properties":{"foot":"no","highway":"tertiary_link","oneway":"yes","osm_type":"way","osm_id":1095588937,"road_class":"tertiary","source_priority":"osm-general"},"geometry":{"type":"LineString","coordinates":[[55.2744271,25.1872664],[55.2745524,25.187217],[55.2746552,25.1871793],[55.2747823,25.1871061],[55.2749044,25.1870237],[55.2756844,25.186545],[55.2757296,25.1865172],[55.2757991,25.1864829],[55.2758752,25.1864628],[55.2759413,25.1864575],[55.2760102,25.1864716]]}},{"type":"Feature","id":"osm-way-1095857046","properties":{"access":"private","highway":"service","osm_type":"way","osm_id":1095857046,"road_class":"service","source_priority":"osm-general"},"geometry":{"type":"LineString","coordinates":[[55.2628686,25.1910974],[55.26298,25.1912566],[55.2630006,25.1913058],[55.2630029,25.1913585],[55.2629867,25.1914091],[55.2629537,25.1914525],[55.2629071,25.1914842],[55.2628449,25.1915152],[55.2627426,25.1915662]]}},{"type":"Feature","id":"osm-way-1095857047","properties":{"highway":"service","osm_type":"way","osm_id":1095857047,"road_class":"service","source_priority":"osm-general"},"geometry":{"type":"LineString","coordinates":[[55.2627426,25.1915662],[55.2622572,25.1919379],[55.262068,25.1920787]]}},{"type":"Feature","id":"osm-way-1095857048","properties":{"highway":"service","osm_type":"way","osm_id":1095857048,"road_class":"service","source_priority":"osm-general"},"geometry":{"type":"LineString","coordinates":[[55.2617481,25.1917251],[55.2617598,25.1917165],[55.2624254,25.1912251],[55.262466,25.1911975],[55.2625105,25.1911751],[55.2625578,25.1911584],[55.2626073,25.1911477]]}},{"type":"Feature","id":"osm-way-1095857049","properties":{"highway":"service","osm_type":"way","osm_id":1095857049,"road_class":"service","source_priority":"osm-general"},"geometry":{"type":"LineString","coordinates":[[55.2643042,25.1941255],[55.2645993,25.1938359],[55.2646358,25.1937823],[55.2646569,25.1937233],[55.2646606,25.1936649],[55.2646584,25.1935957],[55.2646642,25.1935267],[55.2646783,25.1934586],[55.2647004,25.1933924]]}},{"type":"Feature","id":"osm-way-1095857051","properties":{"highway":"service","osm_type":"way","osm_id":1095857051,"road_class":"service","source_priority":"osm-general"},"geometry":{"type":"LineString","coordinates":[[55.2623177,25.1928541],[55.2631442,25.1922367],[55.2631993,25.1921956]]}},{"type":"Feature","id":"osm-way-1095857052","properties":{"highway":"service","osm_type":"way","osm_id":1095857052,"road_class":"service","source_priority":"osm-general"},"geometry":{"type":"LineString","coordinates":[[55.2640442,25.1937882],[55.2638093,25.1935394]]}},{"type":"Feature","id":"osm-way-1095857053","properties":{"highway":"service","osm_type":"way","osm_id":1095857053,"road_class":"service","source_priority":"osm-general"},"geometry":{"type":"LineString","coordinates":[[55.2634406,25.1938379],[55.2638093,25.1935394],[55.2642451,25.1931866]]}},{"type":"Feature","id":"osm-way-1095857054","properties":{"highway":"service","osm_type":"way","osm_id":1095857054,"road_class":"service","source_priority":"osm-general"},"geometry":{"type":"LineString","coordinates":[[55.2645895,25.193341],[55.2644588,25.1934584],[55.2643243,25.1935721],[55.2641861,25.193682],[55.2640442,25.1937882],[55.2637384,25.1940081]]}},{"type":"Feature","id":"osm-way-1095857055","properties":{"highway":"service","oneway":"yes","osm_type":"way","osm_id":1095857055,"road_class":"service","source_priority":"osm-general"},"geometry":{"type":"LineString","coordinates":[[55.262264,25.1908865],[55.2623005,25.1908617],[55.2623331,25.1908328],[55.2623613,25.1908003]]}},{"type":"Feature","id":"osm-way-1095857056","properties":{"highway":"service","osm_type":"way","osm_id":1095857056,"road_class":"service","source_priority":"osm-general"},"geometry":{"type":"LineString","coordinates":[[55.2623613,25.1908003],[55.2623844,25.1907797],[55.2624102,25.1907621],[55.2624385,25.1907479],[55.2624687,25.1907374]]}},{"type":"Feature","id":"osm-way-1095857057","properties":{"highway":"service","oneway":"yes","osm_type":"way","osm_id":1095857057,"road_class":"service","source_priority":"osm-general"},"geometry":{"type":"LineString","coordinates":[[55.2620063,25.1910637],[55.2620048,25.1910433],[55.2620089,25.1910231],[55.2620183,25.1910045],[55.2620325,25.1909885],[55.2622055,25.1908519],[55.2622398,25.1908313],[55.2622772,25.1908155],[55.2623135,25.1908057],[55.2623613,25.1908003]]}},{"type":"Feature","id":"osm-way-1095857058","properties":{"highway":"service","oneway":"yes","osm_type":"way","osm_id":1095857058,"road_class":"service","source_priority":"osm-general"},"geometry":{"type":"LineString","coordinates":[[55.2616169,25.191303],[55.2615822,25.1913348],[55.2615521,25.1913703],[55.2615273,25.191409],[55.2615082,25.1914503],[55.2614834,25.1915071]]}},{"type":"Feature","id":"osm-way-1095857059","properties":{"highway":"service","oneway":"yes","osm_type":"way","osm_id":1095857059,"road_class":"service","source_priority":"osm-general"},"geometry":{"type":"LineString","coordinates":[[55.2614185,25.1913072],[55.2614571,25.1913161],[55.2614891,25.1913198],[55.2615217,25.1913217],[55.2615542,25.1913195],[55.2615861,25.1913131],[55.2616169,25.191303]]}},{"type":"Feature","id":"osm-way-1095857060","properties":{"highway":"service","osm_type":"way","osm_id":1095857060,"road_class":"service","source_priority":"osm-general"},"geometry":{"type":"LineString","coordinates":[[55.2620693,25.1913829],[55.2619234,25.1912178],[55.2618967,25.1911944],[55.2618635,25.1911792],[55.2618268,25.1911737],[55.26179,25.1911783],[55.2617564,25.1911927],[55.2617271,25.1912137],[55.2616169,25.191303]]}},{"type":"Feature","id":"osm-way-1095857061","properties":{"highway":"residential","oneway":"yes","osm_type":"way","osm_id":1095857061,"road_class":"residential","source_priority":"osm-general"},"geometry":{"type":"LineString","coordinates":[[55.2656107,25.1938188],[55.2656516,25.193778],[55.2656721,25.1937573],[55.2656949,25.1937386],[55.2657186,25.1937211],[55.2657527,25.1936988]]}},{"type":"Feature","id":"osm-way-1095857062","properties":{"highway":"residential","oneway":"yes","osm_type":"way","osm_id":1095857062,"road_class":"residential","source_priority":"osm-general"},"geometry":{"type":"LineString","coordinates":[[55.2657527,25.1936988],[55.2657363,25.1937316],[55.2657243,25.1937546],[55.2657106,25.1937777],[55.2656943,25.1937994],[55.2656593,25.1938472]]}},{"type":"Feature","id":"osm-way-1095857063","properties":{"highway":"residential","osm_type":"way","osm_id":1095857063,"road_class":"residential","source_priority":"osm-general"},"geometry":{"type":"LineString","coordinates":[[55.2657807,25.1936682],[55.2657527,25.1936988]]}},{"type":"Feature","id":"osm-way-1095857064","properties":{"highway":"residential","oneway":"yes","osm_type":"way","osm_id":1095857064,"road_class":"residential","source_priority":"osm-general"},"geometry":{"type":"LineString","coordinates":[[55.2659541,25.194079],[55.2660366,25.1941582],[55.2660639,25.1941887],[55.2660812,25.1942247],[55.2660871,25.1942636],[55.2660811,25.1943025],[55.2660638,25.1943385],[55.2660364,25.1943689],[55.266001,25.1943915],[55.2659359,25.1944323]]}},{"type":"Feature","id":"osm-way-1095857065","properties":{"highway":"residential","osm_type":"way","osm_id":1095857065,"road_class":"residential","source_priority":"osm-general"},"geometry":{"type":"LineString","coordinates":[[55.2654262,25.1948058],[55.2654818,25.1947621],[55.2659359,25.1944323]]}},{"type":"Feature","id":"osm-way-1095868460","properties":{"highway":"service","osm_type":"way","osm_id":1095868460,"road_class":"service","source_priority":"osm-general"},"geometry":{"type":"LineString","coordinates":[[55.268924,25.1884975],[55.2686549,25.1884873],[55.2684271,25.1884787],[55.2684047,25.1884733],[55.2683843,25.188461],[55.2683712,25.1884423],[55.2683657,25.188422],[55.2683672,25.1883518]]}},{"type":"Feature","id":"osm-way-1095868461","properties":{"highway":"service","osm_type":"way","osm_id":1095868461,"road_class":"service","source_priority":"osm-general"},"geometry":{"type":"LineString","coordinates":[[55.2700039,25.1885529],[55.2699707,25.1883737]]}},{"type":"Feature","id":"osm-way-1095868462","properties":{"highway":"service","oneway":"yes","osm_type":"way","osm_id":1095868462,"road_class":"service","source_priority":"osm-general"},"geometry":{"type":"LineString","coordinates":[[55.2708695,25.1880177],[55.2708296,25.1880712],[55.2707812,25.1881187],[55.2707256,25.1881591],[55.2706639,25.1881915],[55.2705976,25.1882153],[55.2704183,25.1882694],[55.2702368,25.188317],[55.2699707,25.1883737],[55.269682,25.1884209],[55.2694945,25.1884424],[55.2693062,25.1884569],[55.2692398,25.1884593],[55.2691738,25.1884522],[55.2691099,25.1884358],[55.2690495,25.1884106],[55.2689943,25.1883771]]}},{"type":"Feature","id":"osm-way-1095868463","properties":{"highway":"service","osm_type":"way","osm_id":1095868463,"road_class":"service","source_priority":"osm-general"},"geometry":{"type":"LineString","coordinates":[[55.2711716,25.1881233],[55.2711309,25.1880874],[55.2710859,25.188056],[55.2710371,25.1880295],[55.2709852,25.1880083],[55.270931,25.1879927]]}},{"type":"Feature","id":"osm-way-1095868464","properties":{"highway":"service","osm_type":"way","osm_id":1095868464,"road_class":"service","source_priority":"osm-general"},"geometry":{"type":"LineString","coordinates":[[55.2699115,25.189527],[55.2699149,25.189689],[55.2699233,25.189733],[55.2699437,25.189774],[55.269973,25.1898103],[55.2700099,25.1898405],[55.2700528,25.1898632]]}},{"type":"Feature","id":"osm-way-1095868465","properties":{"highway":"service","surface":"asphalt","osm_type":"way","osm_id":1095868465,"road_class":"service","source_priority":"osm-general"},"geometry":{"type":"LineString","coordinates":[[55.2661869,25.1888605],[55.2664576,25.1878877],[55.266499,25.1877388]]}},{"type":"Feature","id":"osm-way-1095868466","properties":{"highway":"service","oneway":"yes","surface":"paving_stones","osm_type":"way","osm_id":1095868466,"road_class":"service","source_priority":"osm-general"},"geometry":{"type":"LineString","coordinates":[[55.2674836,25.1881669],[55.2673563,25.1882346],[55.2672781,25.1882655],[55.2672529,25.1882752],[55.2672261,25.1882802],[55.2671987,25.1882803],[55.2671718,25.1882754],[55.2670205,25.1882184],[55.2669976,25.1882017],[55.2669781,25.1881801],[55.266964,25.1881554],[55.2669558,25.188128],[55.2669469,25.1880879],[55.2669231,25.1879538]]}},{"type":"Feature","id":"osm-way-1095868467","properties":{"highway":"service","osm_type":"way","osm_id":1095868467,"road_class":"service","source_priority":"osm-general"},"geometry":{"type":"LineString","coordinates":[[55.2680662,25.189642],[55.2680924,25.189604],[55.2681118,25.1895628],[55.2681239,25.1895194],[55.2681306,25.1894748],[55.2681478,25.1893441]]}},{"type":"Feature","id":"osm-way-1095868468","properties":{"highway":"service","surface":"paving_stones","osm_type":"way","osm_id":1095868468,"road_class":"service","source_priority":"osm-general"},"geometry":{"type":"LineString","coordinates":[[55.2666122,25.1890681],[55.2666631,25.1890529],[55.2667134,25.1890407],[55.2667652,25.1890358],[55.2668159,25.1890382],[55.2668656,25.1890477],[55.2669131,25.189064],[55.2672435,25.1892011],[55.2672914,25.1892138],[55.2673412,25.1892104],[55.2673864,25.1891912],[55.2674211,25.1891588],[55.2674409,25.1891173],[55.2674963,25.1888945],[55.2675114,25.188862],[55.2675356,25.1888344],[55.2675672,25.1888138],[55.2676038,25.1888017],[55.2677089,25.1887712],[55.267801,25.1887444]]}},{"type":"Feature","id":"osm-way-1095868469","properties":{"highway":"service","oneway":"yes","surface":"asphalt","osm_type":"way","osm_id":1095868469,"road_class":"service","source_priority":"osm-general"},"geometry":{"type":"LineString","coordinates":[[55.265393,25.1884741],[55.2654615,25.1884717],[55.2655292,25.1884812],[55.2655937,25.1885022],[55.2656526,25.1885339],[55.26582,25.1886434],[55.2659414,25.1887232],[55.2661869,25.1888605],[55.2663416,25.1889417],[55.2665232,25.1890291],[55.2666122,25.1890681],[55.2667084,25.1891103],[55.2668969,25.1891851],[55.2670878,25.1892545],[55.2671558,25.1892812],[55.2672173,25.1893186],[55.2672703,25.1893655],[55.267313,25.1894204]]}},{"type":"Feature","id":"osm-way-1095868473","properties":{"construction":"minor","highway":"service","osm_type":"way","osm_id":1095868473,"road_class":"service","source_priority":"osm-general"},"geometry":{"type":"LineString","coordinates":[[55.2656516,25.1871203],[55.2655922,25.1871309],[55.2655319,25.1871355],[55.26549,25.1871344],[55.2654713,25.1871339],[55.2654114,25.1871262],[55.2652827,25.187104],[55.265217,25.1870934],[55.2651503,25.1870947],[55.2650852,25.1871078],[55.2650242,25.1871324],[55.2649698,25.1871674],[55.2647291,25.1873241],[55.2647035,25.1873527],[55.2646836,25.1873847],[55.2646701,25.1874194],[55.2646633,25.1874556],[55.2646634,25.1874924],[55.2646704,25.1875286],[55.2647174,25.1877529],[55.2647214,25.1877949],[55.2647182,25.187837],[55.2647081,25.1878781],[55.2646924,25.1879249]]}},{"type":"Feature","id":"osm-way-1095868475","properties":{"highway":"service","osm_type":"way","osm_id":1095868475,"road_class":"service","source_priority":"osm-general"},"geometry":{"type":"LineString","coordinates":[[55.2670792,25.1877635],[55.2673021,25.1869182]]}},{"type":"Feature","id":"osm-way-1095868476","properties":{"highway":"service","oneway":"yes","surface":"paving_stones","osm_type":"way","osm_id":1095868476,"road_class":"service","source_priority":"osm-general"},"geometry":{"type":"LineString","coordinates":[[55.2666055,25.1876491],[55.2666554,25.1876424],[55.2667058,25.1876414],[55.266756,25.1876461],[55.2668051,25.1876566],[55.2668605,25.1876759],[55.2670792,25.1877635],[55.2672536,25.1878442],[55.2672925,25.1878656],[55.267328,25.1878911],[55.2673587,25.1879195],[55.2673855,25.187951],[55.2674078,25.1879851]]}},{"type":"Feature","id":"osm-way-1095889154","properties":{"highway":"service","oneway":"yes","osm_type":"way","osm_id":1095889154,"road_class":"service","source_priority":"osm-general"},"geometry":{"type":"LineString","coordinates":[[55.2628613,25.1893848],[55.2628439,25.1894133],[55.2628318,25.1894439],[55.2628251,25.189476],[55.2628242,25.1895085]]}},{"type":"Feature","id":"osm-way-1095889155","properties":{"highway":"service","oneway":"yes","osm_type":"way","osm_id":1095889155,"road_class":"service","source_priority":"osm-general"},"geometry":{"type":"LineString","coordinates":[[55.262964,25.1883331],[55.262967,25.1883559],[55.2629634,25.1883787],[55.2629537,25.1883998],[55.2629383,25.1884181],[55.2629182,25.1884323]]}},{"type":"Feature","id":"osm-way-1095889156","properties":{"highway":"service","oneway":"yes","osm_type":"way","osm_id":1095889156,"road_class":"service","source_priority":"osm-general"},"geometry":{"type":"LineString","coordinates":[[55.2644873,25.1881709],[55.2644575,25.1881814],[55.2644286,25.1881939],[55.2644007,25.1882082],[55.264374,25.1882241],[55.2643413,25.1882437]]}},{"type":"Feature","id":"osm-way-1095923678","properties":{"highway":"service","osm_type":"way","osm_id":1095923678,"road_class":"service","source_priority":"osm-general"},"geometry":{"type":"LineString","coordinates":[[55.2624393,25.1932433],[55.2625765,25.1932337],[55.2627059,25.1932329],[55.2628003,25.1932939],[55.2629259,25.1934141],[55.2632258,25.1937561],[55.2632584,25.1938193],[55.263224,25.1939187]]}},{"type":"Feature","id":"osm-way-1096663541","properties":{"highway":"service","oneway":"yes","osm_type":"way","osm_id":1096663541,"road_class":"service","source_priority":"osm-general"},"geometry":{"type":"LineString","coordinates":[[55.2668691,25.1928719],[55.2669153,25.192835],[55.2669585,25.1927953],[55.2669986,25.192753],[55.2670323,25.1927256],[55.2670735,25.1927086],[55.2671184,25.1927034],[55.267163,25.1927106],[55.2672033,25.1927294],[55.2672355,25.1927581],[55.2673001,25.192823],[55.2673434,25.1928612],[55.267393,25.1928925],[55.2674477,25.192916],[55.2675058,25.1929311],[55.2675659,25.1929373],[55.2676263,25.1929345]]}},{"type":"Feature","id":"osm-way-1096663542","properties":{"highway":"service","oneway":"yes","osm_type":"way","osm_id":1096663542,"road_class":"service","source_priority":"osm-general"},"geometry":{"type":"LineString","coordinates":[[55.2673324,25.1927727],[55.2674197,25.1927062],[55.2674586,25.1926735],[55.2674943,25.1926364],[55.2675193,25.1926198],[55.2675495,25.1926139],[55.2675798,25.1926196],[55.2676049,25.192636],[55.2676205,25.1926602],[55.2676239,25.192688],[55.2676145,25.1927147],[55.2675939,25.1927356],[55.2675009,25.1928198],[55.2674807,25.1928402],[55.2674648,25.1928636],[55.2674537,25.1928891],[55.2674477,25.192916]]}},{"type":"Feature","id":"osm-way-1096663543","properties":{"highway":"service","oneway":"yes","osm_type":"way","osm_id":1096663543,"road_class":"service","source_priority":"osm-general"},"geometry":{"type":"LineString","coordinates":[[55.267999,25.1922551],[55.2679702,25.192219],[55.2679289,25.1921949],[55.2678808,25.1921859],[55.2678323,25.1921934],[55.2677696,25.1922119],[55.2677093,25.192236],[55.2676608,25.1922606],[55.2676148,25.1922888],[55.2672951,25.1925347],[55.2672675,25.1925565],[55.267248,25.1925845],[55.2672381,25.1926164],[55.2672387,25.1926495],[55.2672498,25.1926811],[55.2672703,25.1927085],[55.2673324,25.1927727],[55.2674002,25.1928501],[55.2674477,25.192916]]}},{"type":"Feature","id":"osm-way-1096663544","properties":{"highway":"service","osm_type":"way","osm_id":1096663544,"road_class":"service","source_priority":"osm-general"},"geometry":{"type":"LineString","coordinates":[[55.2668725,25.1934568],[55.2673987,25.1931156],[55.2674782,25.1930594],[55.2675539,25.1929987],[55.2676263,25.1929345],[55.267684,25.1928915]]}},{"type":"Feature","id":"osm-way-1096663545","properties":{"highway":"service","oneway":"yes","osm_type":"way","osm_id":1096663545,"road_class":"service","source_priority":"osm-general"},"geometry":{"type":"LineString","coordinates":[[55.267684,25.1928915],[55.267769,25.1928251],[55.2677953,25.1927966],[55.2678175,25.1927654],[55.2678351,25.1927318]]}},{"type":"Feature","id":"osm-way-1096663546","properties":{"highway":"service","oneway":"yes","osm_type":"way","osm_id":1096663546,"road_class":"service","source_priority":"osm-general"},"geometry":{"type":"LineString","coordinates":[[55.2678608,25.1929238],[55.2678301,25.192904],[55.2677955,25.1928904],[55.2677585,25.1928837],[55.2677208,25.1928841],[55.267684,25.1928915]]}},{"type":"Feature","id":"osm-way-1096663547","properties":{"highway":"service","oneway":"yes","osm_type":"way","osm_id":1096663547,"road_class":"service","source_priority":"osm-general"},"geometry":{"type":"LineString","coordinates":[[55.2679051,25.1929971],[55.2678757,25.1929545],[55.2678608,25.1929238],[55.2678534,25.1929085],[55.2678385,25.1928602],[55.2678314,25.1928104],[55.2678323,25.1927601],[55.2678351,25.1927318],[55.2678752,25.1925993],[55.267912,25.1924888],[55.2679515,25.192379],[55.267999,25.1922551],[55.2680401,25.1921481],[55.2680655,25.1921025],[55.2681084,25.1920461],[55.268148,25.1920155],[55.268217,25.1919846]]}},{"type":"Feature","id":"osm-way-1096692946","properties":{"highway":"service","osm_type":"way","osm_id":1096692946,"road_class":"service","source_priority":"osm-general"},"geometry":{"type":"LineString","coordinates":[[55.2745848,25.1896398],[55.2745555,25.1896099]]}},{"type":"Feature","id":"osm-way-1096692947","properties":{"foot":"no","highway":"primary_link","lanes":"2","oneway":"yes","surface":"asphalt","osm_type":"way","osm_id":1096692947,"road_class":"primary","source_priority":"osm-general"},"geometry":{"type":"LineString","coordinates":[[55.2732916,25.1896098],[55.2733429,25.1896332],[55.2733925,25.1896594],[55.2734403,25.1896883],[55.2735667,25.1897713],[55.2736443,25.1898265],[55.2736918,25.1898665],[55.2737166,25.1898872],[55.2737834,25.1899532],[55.2738189,25.1899947],[55.2738436,25.1900235],[55.2738975,25.1900982],[55.2739445,25.1901767],[55.2739842,25.1902584],[55.2740165,25.1903427],[55.2740568,25.1904776],[55.2740643,25.1905068],[55.2740756,25.190535],[55.2740979,25.1905726],[55.2741269,25.1906064],[55.2741618,25.1906352],[55.2742015,25.1906562]]}},{"type":"Feature","id":"osm-way-1096699344","properties":{"highway":"service","oneway":"yes","osm_type":"way","osm_id":1096699344,"road_class":"service","source_priority":"osm-general"},"geometry":{"type":"LineString","coordinates":[[55.2730946,25.1899798],[55.2731127,25.189972],[55.2731303,25.1899698],[55.2731476,25.1899735],[55.2731621,25.1899827],[55.273172,25.1899961],[55.2731758,25.1900123],[55.2731726,25.1900286],[55.2731629,25.1900426],[55.273148,25.1900523],[55.2730282,25.1900889],[55.2730111,25.1900895],[55.2729955,25.1900831],[55.2729849,25.1900709],[55.2729815,25.1900557],[55.2729862,25.1900408],[55.2729978,25.1900294],[55.2730946,25.1899798]]}},{"type":"Feature","id":"osm-way-1096699345","properties":{"highway":"residential","oneway":"yes","osm_type":"way","osm_id":1096699345,"road_class":"residential","source_priority":"osm-general"},"geometry":{"type":"LineString","coordinates":[[55.2692202,25.1927008],[55.2692069,25.1927344],[55.2691845,25.1927641],[55.2691543,25.1927865],[55.2691219,25.1928057],[55.2690906,25.1928252],[55.2690645,25.1928494],[55.2690465,25.1928736],[55.2690325,25.1928999],[55.2690235,25.1929557]]}},{"type":"Feature","id":"osm-way-1096699346","properties":{"highway":"residential","oneway":"yes","osm_type":"way","osm_id":1096699346,"road_class":"residential","source_priority":"osm-general"},"geometry":{"type":"LineString","coordinates":[[55.2689195,25.1927007],[55.2689671,25.1927366],[55.2690052,25.1927544],[55.2690469,25.1927635],[55.2690898,25.1927635],[55.2691315,25.1927542],[55.2691696,25.1927363],[55.2692202,25.1927008]]}},{"type":"Feature","id":"osm-way-1097019705","properties":{"highway":"service","service":"parking_aisle","osm_type":"way","osm_id":1097019705,"road_class":"service","source_priority":"osm-general"},"geometry":{"type":"LineString","coordinates":[[55.2683771,25.1903445],[55.2679574,25.1902756]]}},{"type":"Feature","id":"osm-way-1097693063","properties":{"highway":"service","oneway":"yes","osm_type":"way","osm_id":1097693063,"road_class":"service","source_priority":"osm-general"},"geometry":{"type":"LineString","coordinates":[[55.2763813,25.1870633],[55.2762875,25.1870756],[55.2762582,25.1870827],[55.2762314,25.1870955],[55.2762085,25.1871134],[55.2761906,25.1871356],[55.2761736,25.187162],[55.2761468,25.1871935],[55.2761304,25.1872091],[55.2761114,25.1872205],[55.2751645,25.1878414],[55.2751397,25.1878545],[55.275115,25.1878503],[55.2750998,25.1878323],[55.2747855,25.1874155],[55.2747725,25.1873982],[55.2747473,25.1873726],[55.2747187,25.1873503],[55.2746872,25.1873315],[55.2746532,25.1873165]]}},{"type":"Feature","id":"osm-way-1098281364","properties":{"highway":"service","osm_type":"way","osm_id":1098281364,"road_class":"service","source_priority":"osm-general"},"geometry":{"type":"LineString","coordinates":[[55.267946,25.1940523],[55.268141,25.1939634],[55.2681787,25.1939501],[55.2682192,25.1939433],[55.2682603,25.1939452],[55.2682998,25.1939558],[55.2686064,25.1940678]]}},{"type":"Feature","id":"osm-way-1098281366","properties":{"highway":"service","surface":"asphalt","osm_type":"way","osm_id":1098281366,"road_class":"service","source_priority":"osm-general"},"geometry":{"type":"LineString","coordinates":[[55.2718753,25.1936905],[55.2721161,25.1939009],[55.2721593,25.1939462],[55.2721905,25.1939991],[55.2722149,25.1940568],[55.2722236,25.1941057],[55.2722203,25.1941792],[55.2722031,25.1942213],[55.2721275,25.1943043]]}},{"type":"Feature","id":"osm-way-1098281368","properties":{"highway":"residential","surface":"asphalt","osm_type":"way","osm_id":1098281368,"road_class":"residential","source_priority":"osm-general"},"geometry":{"type":"LineString","coordinates":[[55.2721354,25.1949032],[55.2721317,25.194869],[55.2721306,25.1948165],[55.2721352,25.194764],[55.2721455,25.1947122],[55.2721613,25.1946615],[55.2722383,25.1944889],[55.2722462,25.1944599],[55.2722466,25.19443],[55.2722394,25.1944009],[55.2722249,25.194374],[55.272204,25.1943508],[55.2721673,25.1943251],[55.2721275,25.1943043],[55.2720773,25.194279],[55.2720241,25.1942594],[55.2719699,25.1942373],[55.2719244,25.1942178],[55.2718777,25.1942037],[55.2718295,25.1941951],[55.2717804,25.1941921],[55.2717313,25.1941948],[55.2716753,25.194209],[55.2716178,25.1942176],[55.2715597,25.19422],[55.271493,25.1942154],[55.2714277,25.1942023],[55.2713651,25.1941809],[55.2713105,25.1941493],[55.2712819,25.1941211],[55.2712541,25.1940927],[55.2712221,25.1940655],[55.2711901,25.1940441]]}},{"type":"Feature","id":"osm-way-1098281369","properties":{"highway":"service","oneway":"yes","surface":"asphalt","osm_type":"way","osm_id":1098281369,"road_class":"service","source_priority":"osm-general"},"geometry":{"type":"LineString","coordinates":[[55.2713121,25.1943793],[55.2712252,25.1946561],[55.2711966,25.1946681],[55.2711681,25.1946703],[55.2710903,25.1946558],[55.2710714,25.1946384],[55.2710661,25.1946218],[55.27116,25.194259]]}},{"type":"Feature","id":"osm-way-1098287565","properties":{"highway":"service","oneway":"yes","osm_type":"way","osm_id":1098287565,"road_class":"service","source_priority":"osm-general"},"geometry":{"type":"LineString","coordinates":[[55.2680655,25.1921025],[55.2681802,25.1918922],[55.2682092,25.1918333],[55.2682331,25.1917953],[55.2683102,25.1916657],[55.2683887,25.1915239],[55.2685402,25.1912792],[55.2686174,25.1911842],[55.2686864,25.1911352],[55.2687871,25.1911029]]}},{"type":"Feature","id":"osm-way-1098488510","properties":{"access":"private","highway":"service","oneway":"yes","osm_type":"way","osm_id":1098488510,"road_class":"service","source_priority":"osm-general"},"geometry":{"type":"LineString","coordinates":[[55.2690629,25.1989226],[55.2690176,25.1989501],[55.2685986,25.1992048],[55.2685808,25.1992112],[55.2685616,25.1992111],[55.2685439,25.1992045],[55.2685303,25.1991924],[55.2683668,25.1989822],[55.2683519,25.1989553],[55.2683495,25.1989253],[55.26836,25.1988967],[55.2683818,25.1988739],[55.2687665,25.1986507],[55.2688337,25.1986117]]}},{"type":"Feature","id":"osm-way-1098502812","properties":{"highway":"service","oneway":"yes","osm_type":"way","osm_id":1098502812,"road_class":"service","source_priority":"osm-general"},"geometry":{"type":"LineString","coordinates":[[55.2726061,25.201835],[55.2725834,25.2018893],[55.2725748,25.2019095],[55.2725617,25.2019277],[55.2725447,25.2019429],[55.2725246,25.2019546],[55.2724204,25.2019992],[55.2723858,25.2020102],[55.2723499,25.2020167],[55.2723134,25.2020186],[55.2722769,25.2020159],[55.2722412,25.2020086]]}},{"type":"Feature","id":"osm-way-1098502814","properties":{"highway":"service","oneway":"yes","osm_type":"way","osm_id":1098502814,"road_class":"service","source_priority":"osm-general"},"geometry":{"type":"LineString","coordinates":[[55.2724302,25.2018473],[55.2724111,25.2018343],[55.2723891,25.2018257],[55.2723595,25.2018216],[55.2723299,25.2018253],[55.2723026,25.2018366],[55.2721538,25.2019088],[55.2721116,25.2019316],[55.2720711,25.2019569],[55.2720327,25.2019846],[55.2719964,25.2020146]]}},{"type":"Feature","id":"osm-way-1098502815","properties":{"highway":"service","surface":"asphalt","osm_type":"way","osm_id":1098502815,"road_class":"service","source_priority":"osm-general"},"geometry":{"type":"LineString","coordinates":[[55.2687876,25.1953596],[55.2684517,25.1949272]]}},{"type":"Feature","id":"osm-way-1098502816","properties":{"highway":"service","osm_type":"way","osm_id":1098502816,"road_class":"service","source_priority":"osm-general"},"geometry":{"type":"LineString","coordinates":[[55.2690212,25.1945423],[55.2689724,25.1945986],[55.2689164,25.1946491],[55.268854,25.194693],[55.2687902,25.1947333],[55.2684517,25.1949272],[55.2681077,25.1951242]]}},{"type":"Feature","id":"osm-way-1098531454","properties":{"highway":"service","layer":"1","oneway":"yes","osm_type":"way","osm_id":1098531454,"road_class":"service","source_priority":"osm-general"},"geometry":{"type":"LineString","coordinates":[[55.2723715,25.2000245],[55.2724002,25.2000441],[55.2724279,25.2000653],[55.2724509,25.2000907],[55.2724683,25.2001195],[55.2724795,25.2001507],[55.2724842,25.2001833],[55.2724928,25.2002351]]}},{"type":"Feature","id":"osm-way-1098531455","properties":{"highway":"service","oneway":"yes","osm_type":"way","osm_id":1098531455,"road_class":"service","source_priority":"osm-general"},"geometry":{"type":"LineString","coordinates":[[55.2731939,25.2015546],[55.2731689,25.2016078],[55.2731451,25.2016441],[55.273112,25.2016738],[55.2730719,25.2016952],[55.2730271,25.2017069],[55.2729805,25.2017082],[55.2728871,25.201701]]}},{"type":"Feature","id":"osm-way-1098538562","properties":{"access":"permissive","highway":"service","osm_type":"way","osm_id":1098538562,"road_class":"service","source_priority":"osm-general"},"geometry":{"type":"LineString","coordinates":[[55.2749894,25.2038592],[55.2750278,25.2038973],[55.2750634,25.2039377],[55.2750943,25.203978],[55.2751224,25.2040199],[55.2752158,25.204157],[55.2752289,25.2041789],[55.2752453,25.2042174],[55.2752558,25.2042575],[55.2752602,25.2042986],[55.2752584,25.2043398],[55.2752505,25.2043804]]}},{"type":"Feature","id":"osm-way-1098538564","properties":{"access":"permissive","highway":"service","oneway":"yes","osm_type":"way","osm_id":1098538564,"road_class":"service","source_priority":"osm-general"},"geometry":{"type":"LineString","coordinates":[[55.2742238,25.2041249],[55.274479,25.2045088]]}},{"type":"Feature","id":"osm-way-1098538566","properties":{"highway":"service","oneway":"yes","osm_type":"way","osm_id":1098538566,"road_class":"service","source_priority":"osm-general"},"geometry":{"type":"LineString","coordinates":[[55.2742001,25.204729],[55.2742319,25.2047539],[55.2742671,25.2047747],[55.274305,25.2047909],[55.274345,25.2048024],[55.2743864,25.2048089]]}},{"type":"Feature","id":"osm-way-1098538567","properties":{"access":"permissive","highway":"service","osm_type":"way","osm_id":1098538567,"road_class":"service","source_priority":"osm-general"},"geometry":{"type":"LineString","coordinates":[[55.2740381,25.2038591],[55.2742238,25.2041249]]}},{"type":"Feature","id":"osm-way-1098538568","properties":{"access":"permissive","highway":"service","osm_type":"way","osm_id":1098538568,"road_class":"service","source_priority":"osm-general"},"geometry":{"type":"LineString","coordinates":[[55.274479,25.2045088],[55.2745076,25.2045521],[55.2745167,25.2045659],[55.2746033,25.2046966]]}},{"type":"Feature","id":"osm-way-1098538569","properties":{"highway":"service","oneway":"yes","surface":"asphalt","osm_type":"way","osm_id":1098538569,"road_class":"service","source_priority":"osm-general"},"geometry":{"type":"LineString","coordinates":[[55.2757681,25.205544],[55.2757882,25.2055397],[55.275806,25.2055302],[55.27582,25.2055165],[55.2758289,25.2054997],[55.2758321,25.2054812],[55.2757541,25.2046734],[55.2757479,25.2046098],[55.2757433,25.2045839],[55.2757343,25.2045644],[55.2757188,25.2045408],[55.2756876,25.2045089],[55.275653,25.2044847],[55.275626,25.2044721],[55.2755856,25.2044662],[55.2755446,25.2044677],[55.2755048,25.2044764],[55.2754677,25.204492],[55.2752189,25.2045977],[55.2751645,25.2046212],[55.2751079,25.2046401],[55.2750498,25.2046546],[55.2749904,25.2046643],[55.2749304,25.2046693]]}},{"type":"Feature","id":"osm-way-1098538570","properties":{"covered":"yes","highway":"service","layer":"-1","oneway":"yes","tunnel":true,"osm_type":"way","osm_id":1098538570,"road_class":"service","source_priority":"osm-general","render_policy":"hidden-below-ground"},"geometry":{"type":"LineString","coordinates":[[55.2748236,25.2051008],[55.2748356,25.2050935],[55.2749859,25.2050024],[55.274998,25.2049946]]}},{"type":"Feature","id":"osm-way-1098538571","properties":{"highway":"tertiary","lit":"yes","maxspeed":"40","name":"شارع العملات","name:ar":"شارع العملات","name:en":"Al Omlaat Street","oneway":"yes","sidewalk":"right","surface":"asphalt","osm_type":"way","osm_id":1098538571,"road_class":"tertiary","source_priority":"osm-general"},"geometry":{"type":"LineString","coordinates":[[55.2785649,25.2041901],[55.2784765,25.2041069],[55.2784392,25.2040751],[55.278397,25.2040488],[55.2783509,25.2040286],[55.2783019,25.204015],[55.2782511,25.2040084],[55.2781999,25.2040088],[55.2781579,25.2040107],[55.2780868,25.2040138],[55.2779739,25.2040226],[55.2778819,25.2040325],[55.2777901,25.2040448],[55.2772228,25.2041272],[55.2771813,25.2041332],[55.2771417,25.204139],[55.2766563,25.2042055],[55.2764897,25.2042236],[55.2764063,25.2042317],[55.2763198,25.2042336],[55.2762386,25.2042347],[55.2761547,25.2042378],[55.2760364,25.2042486],[55.2759191,25.204267],[55.2758529,25.2042822],[55.275807,25.2042928],[55.2757268,25.2043148],[55.2756879,25.2043276],[55.2755896,25.2043604],[55.2755292,25.2043838],[55.2754662,25.2044106],[55.2754043,25.2044393],[55.2749304,25.2046693],[55.27458,25.2048451],[55.2744444,25.204928],[55.2743398,25.2049919],[55.2742914,25.2050333],[55.2742465,25.2050779],[55.2742055,25.2051254],[55.2741685,25.2051755],[55.2741358,25.205228],[55.2741076,25.2052825],[55.2740582,25.2053866],[55.274046,25.2054325],[55.2740395,25.2054793],[55.2740386,25.2055264],[55.2740435,25.2055734],[55.2740662,25.2056667]]}},{"type":"Feature","id":"osm-way-1098547374","properties":{"highway":"residential","osm_type":"way","osm_id":1098547374,"road_class":"residential","source_priority":"osm-general"},"geometry":{"type":"LineString","coordinates":[[55.2747872,25.1923266],[55.2747795,25.192286]]}},{"type":"Feature","id":"osm-way-1098737525","properties":{"highway":"service","oneway":"yes","surface":"asphalt","osm_type":"way","osm_id":1098737525,"road_class":"service","source_priority":"osm-general"},"geometry":{"type":"LineString","coordinates":[[55.2730069,25.1967013],[55.2729957,25.1966527],[55.2729923,25.1966017],[55.272999,25.196551],[55.2730157,25.1965022],[55.2730418,25.1964569],[55.2730778,25.1964157],[55.2731361,25.1963735],[55.2731978,25.1963383],[55.2732559,25.1963162],[55.273292,25.1963096],[55.2733333,25.1963043],[55.2733914,25.1963045],[55.2734487,25.1963126],[55.2735041,25.1963283],[55.2735562,25.1963514],[55.2736039,25.1963813],[55.273646,25.1964174],[55.2736818,25.1964587],[55.2737051,25.1964974],[55.2737234,25.1965382],[55.2737364,25.1965806],[55.2737439,25.1966241],[55.2737459,25.1966734],[55.2737408,25.1967226],[55.2737289,25.1967708]]}},{"type":"Feature","id":"osm-way-1098776825","properties":{"access":"private","highway":"residential","oneway":"yes","osm_type":"way","osm_id":1098776825,"road_class":"residential","source_priority":"osm-general"},"geometry":{"type":"LineString","coordinates":[[55.2730773,25.1924828],[55.2730673,25.1924464],[55.2730486,25.192413],[55.2730221,25.1923841],[55.2729892,25.1923613]]}},{"type":"Feature","id":"osm-way-1098776826","properties":{"access":"private","highway":"residential","oneway":"yes","osm_type":"way","osm_id":1098776826,"road_class":"residential","source_priority":"osm-general"},"geometry":{"type":"LineString","coordinates":[[55.2731354,25.1922816],[55.2731708,25.1923094],[55.2732006,25.1923422],[55.2732239,25.192379],[55.27324,25.1924189]]}},{"type":"Feature","id":"osm-way-1098837252","properties":{"highway":"service","osm_type":"way","osm_id":1098837252,"road_class":"service","source_priority":"osm-general"},"geometry":{"type":"LineString","coordinates":[[55.2717478,25.199239],[55.2718426,25.199278],[55.2718817,25.1992897],[55.2719229,25.1992898],[55.271962,25.1992783],[55.2719954,25.1992565],[55.2720162,25.1992264],[55.272027,25.1991901],[55.2720281,25.1991532],[55.272023,25.1991166]]}},{"type":"Feature","id":"osm-way-1103560072","properties":{"highway":"service","osm_type":"way","osm_id":1103560072,"road_class":"service","source_priority":"osm-general"},"geometry":{"type":"LineString","coordinates":[[55.2738951,25.1988385],[55.2738182,25.1987891]]}},{"type":"Feature","id":"osm-way-1122952068","properties":{"highway":"secondary","lanes":"2","lit":"yes","maxspeed":"60","name":"شارع البدع","name:ar":"شارع البدع","name:en":"Al Badaa' Street","old_name":"308 Road","oneway":"yes","sidewalk":"right","surface":"asphalt","osm_type":"way","osm_id":1122952068,"road_class":"secondary","source_priority":"osm-general"},"geometry":{"type":"LineString","coordinates":[[55.2579118,25.1919945],[55.2579348,25.1920309],[55.2579608,25.1920657],[55.2579896,25.1920986],[55.2580761,25.1921944],[55.2584376,25.192576],[55.2585114,25.1926571],[55.259088,25.1932909],[55.2594854,25.1937184],[55.2599255,25.1941792],[55.2599527,25.194211],[55.2600655,25.1943351],[55.2609152,25.1952489],[55.260932,25.1952668],[55.2616466,25.1960291],[55.2617872,25.1961887]]}},{"type":"Feature","id":"osm-way-1122952069","properties":{"highway":"tertiary","junction":"roundabout","lanes":"2","lit":"yes","sidewalk":"right","surface":"asphalt","osm_type":"way","osm_id":1122952069,"road_class":"tertiary","source_priority":"osm-general"},"geometry":{"type":"LineString","coordinates":[[55.257913,25.1919782],[55.2579118,25.1919945]]}},{"type":"Feature","id":"osm-way-1122952070","properties":{"highway":"tertiary","junction":"roundabout","lanes":"2","lit":"yes","sidewalk":"right","surface":"asphalt","osm_type":"way","osm_id":1122952070,"road_class":"tertiary","source_priority":"osm-general"},"geometry":{"type":"LineString","coordinates":[[55.2577119,25.1920838],[55.2576796,25.1920676],[55.2576527,25.1920447],[55.257633,25.1920165],[55.2576215,25.1919847],[55.2576192,25.1919514]]}},{"type":"Feature","id":"osm-way-1122952071","properties":{"highway":"tertiary","junction":"roundabout","lanes":"2","oneway":"yes","surface":"asphalt","osm_type":"way","osm_id":1122952071,"road_class":"tertiary","source_priority":"osm-general"},"geometry":{"type":"LineString","coordinates":[[55.2555778,25.1935255],[55.2555799,25.1935119],[55.255597,25.1934721],[55.255628,25.1934399],[55.2556693,25.1934193],[55.2557159,25.1934128],[55.25572,25.1934129]]}},{"type":"Feature","id":"osm-way-1122952072","properties":{"highway":"tertiary","junction":"roundabout","lanes":"2","oneway":"yes","surface":"asphalt","osm_type":"way","osm_id":1122952072,"road_class":"tertiary","source_priority":"osm-general"},"geometry":{"type":"LineString","coordinates":[[55.2556879,25.1936564],[55.2556564,25.1936473],[55.2556282,25.1936315],[55.2556051,25.1936101],[55.2555884,25.1935842],[55.2555791,25.1935554],[55.2555778,25.1935255]]}},{"type":"Feature","id":"osm-way-1122952085","properties":{"highway":"tertiary","junction":"roundabout","lanes":"2","oneway":"yes","surface":"asphalt","osm_type":"way","osm_id":1122952085,"road_class":"tertiary","source_priority":"osm-general"},"geometry":{"type":"LineString","coordinates":[[55.2558482,25.1935496],[55.2558458,25.1935624],[55.2558419,25.1935749],[55.2558296,25.193599],[55.255812,25.19362],[55.2557897,25.1936372],[55.2557639,25.1936497],[55.2557357,25.1936569],[55.2557118,25.1936586],[55.2556879,25.1936564]]}},{"type":"Feature","id":"osm-way-1122952086","properties":{"highway":"tertiary","junction":"roundabout","lanes":"2","lit":"yes","sidewalk":"right","surface":"asphalt","osm_type":"way","osm_id":1122952086,"road_class":"tertiary","source_priority":"osm-general"},"geometry":{"type":"LineString","coordinates":[[55.2579118,25.1919945],[55.2578856,25.1920389],[55.257857,25.1920654],[55.2578214,25.1920837],[55.2577818,25.1920924],[55.2577462,25.192092],[55.2577119,25.1920838]]}},{"type":"Feature","id":"osm-way-1122952087","properties":{"highway":"tertiary","lanes":"2","lit":"yes","maxspeed":"60","name":"شارع أم عمارة","name:ar":"شارع أم عمارة","name:en":"Umm Amara Street","old_name":"35 Street","oneway":"yes","sidewalk":"right","surface":"asphalt","osm_type":"way","osm_id":1122952087,"road_class":"tertiary","source_priority":"osm-general"},"geometry":{"type":"LineString","coordinates":[[55.2587496,25.1912242],[55.2586931,25.1912534],[55.2586395,25.1912869],[55.2585893,25.1913245],[55.258445,25.1914722]]}},{"type":"Feature","id":"osm-way-1123829023","properties":{"highway":"tertiary","lanes":"5","lit":"yes","maxspeed":"60","name":"شارع المستقبل","name:ar":"شارع المستقبل","name:en":"Al Mustaqbal Street","oneway":"yes","ref":"D86","sidewalk":"right","surface":"asphalt","turn:lanes":"through|through|through|right|right","osm_type":"way","osm_id":1123829023,"road_class":"tertiary","source_priority":"osm-general"},"geometry":{"type":"LineString","coordinates":[[55.2623004,25.1897116],[55.2620555,25.1894564]]}},{"type":"Feature","id":"osm-way-1123829024","properties":{"destination:lanes":"Al Sa'ada Street;Bur Dubai||Al Khaleej Al Tejari 1 Street|Al Sa'ada Street","highway":"secondary","lanes":"4","lit":"yes","maxspeed":"60","name":"شارع الخليج التجاري 1","name:ar":"شارع الخليج التجاري 1","name:en":"Al Khaleej Al Tejari 1 Street","oneway":"yes","sidewalk":"right","surface":"asphalt","turn:lanes":"through|through|through;right|right","osm_type":"way","osm_id":1123829024,"road_class":"secondary","source_priority":"osm-general"},"geometry":{"type":"LineString","coordinates":[[55.2607771,25.1895109],[55.2609932,25.1893325]]}},{"type":"Feature","id":"osm-way-1123829025","properties":{"highway":"tertiary","lanes":"2","lit":"yes","maxspeed":"60","name":"شارع المستقبل","name:ar":"شارع المستقبل","name:en":"Al Mustaqbal Street","oneway":"yes","ref":"D86","sidewalk":"right","surface":"asphalt","turn:lanes":"through|through;right","osm_type":"way","osm_id":1123829025,"road_class":"tertiary","source_priority":"osm-general"},"geometry":{"type":"LineString","coordinates":[[55.261317,25.1880646],[55.261655,25.1883918]]}},{"type":"Feature","id":"osm-way-1125043477","properties":{"highway":"service","oneway":"yes","service":"driveway","osm_type":"way","osm_id":1125043477,"road_class":"service","source_priority":"osm-general"},"geometry":{"type":"LineString","coordinates":[[55.2761114,25.1872205],[55.2758672,25.1868954],[55.2758431,25.1868608],[55.2758209,25.1868369],[55.2757985,25.1868233],[55.2757744,25.1868188],[55.2757499,25.1868196],[55.2757117,25.186835],[55.2756801,25.1868571],[55.2748506,25.1874081],[55.2748225,25.1874166],[55.2747855,25.1874155]]}},{"type":"Feature","id":"osm-way-1152870280","properties":{"highway":"service","oneway":"yes","osm_type":"way","osm_id":1152870280,"road_class":"service","source_priority":"osm-general"},"geometry":{"type":"LineString","coordinates":[[55.2591106,25.2027696],[55.2590991,25.2028079],[55.2590966,25.2028475],[55.2591034,25.2028867],[55.259119,25.2029238]]}},{"type":"Feature","id":"osm-way-1152870281","properties":{"highway":"service","oneway":"yes","osm_type":"way","osm_id":1152870281,"road_class":"service","source_priority":"osm-general"},"geometry":{"type":"LineString","coordinates":[[55.259119,25.2029238],[55.2590923,25.2029016],[55.2590619,25.2028836],[55.2590288,25.2028703],[55.2589936,25.202862],[55.2589575,25.202859]]}},{"type":"Feature","id":"osm-way-1152870282","properties":{"highway":"service","osm_type":"way","osm_id":1152870282,"road_class":"service","source_priority":"osm-general"},"geometry":{"type":"LineString","coordinates":[[55.2658988,25.2006525],[55.2656815,25.2003781],[55.2656715,25.2003542],[55.26567,25.2003286],[55.2656771,25.2003038],[55.2656923,25.2002822],[55.265794,25.2002205],[55.2659351,25.2001349]]}},{"type":"Feature","id":"osm-way-1156474199","properties":{"foot":"yes","highway":"residential","lanes":"2","lit":"yes","maxspeed":"40","name":"شارع 45","name:ar":"شارع 45","name:en":"45 Street","sidewalk":"right","source":"YWMS","surface":"asphalt","osm_type":"way","osm_id":1156474199,"road_class":"residential","source_priority":"osm-general"},"geometry":{"type":"LineString","coordinates":[[55.255012,25.1891495],[55.2551107,25.1890758]]}},{"type":"Feature","id":"osm-way-1156474200","properties":{"foot":"yes","highway":"residential","lanes":"2","lit":"yes","maxspeed":"40","name":"شارع 45","name:ar":"شارع 45","name:en":"45 Street","sidewalk":"right","source":"YWMS","surface":"asphalt","osm_type":"way","osm_id":1156474200,"road_class":"residential","source_priority":"osm-general"},"geometry":{"type":"LineString","coordinates":[[55.2551107,25.1890758],[55.255243,25.1889776],[55.2555402,25.1887495],[55.2556001,25.1887039],[55.2558281,25.1885296],[55.2560916,25.1883297],[55.2561537,25.1882827]]}},{"type":"Feature","id":"osm-way-1156476385","properties":{"highway":"secondary","lanes":"3","lit":"yes","maxspeed":"60","name":"شارع الخليج التجاري 1","name:ar":"شارع الخليج التجاري 1","name:en":"Al Khaleej Al Tejari 1 Street","oneway":"yes","sidewalk":"right","surface":"asphalt","turn:lanes":"through|through|right","osm_type":"way","osm_id":1156476385,"road_class":"secondary","source_priority":"osm-general"},"geometry":{"type":"LineString","coordinates":[[55.2608457,25.1896893],[55.2604926,25.1899493]]}},{"type":"Feature","id":"osm-way-1156476386","properties":{"foot":"yes","highway":"secondary","lanes":"3","lit":"yes","maxspeed":"60","name":"شارع الخليج التجاري 1","name:ar":"شارع الخليج التجاري 1","name:en":"Al Khaleej Al Tejari 1 Street","oneway":"yes","sidewalk":"right","surface":"asphalt","turn:lanes":"through|through|right","osm_type":"way","osm_id":1156476386,"road_class":"secondary","source_priority":"osm-general"},"geometry":{"type":"LineString","coordinates":[[55.2614346,25.1892526],[55.2608457,25.1896893]]}},{"type":"Feature","id":"osm-way-1156476387","properties":{"foot":"yes","highway":"tertiary","lit":"yes","oneway":"no","sidewalk":"right","surface":"asphalt","osm_type":"way","osm_id":1156476387,"road_class":"tertiary","source_priority":"osm-general"},"geometry":{"type":"LineString","coordinates":[[55.2600971,25.1906021],[55.2601877,25.1906999]]}},{"type":"Feature","id":"osm-way-1156477609","properties":{"highway":"service","lit":"yes","oneway":"yes","sidewalk":"right","surface":"paving_stones","osm_type":"way","osm_id":1156477609,"road_class":"service","source_priority":"osm-general"},"geometry":{"type":"LineString","coordinates":[[55.2633297,25.1879918],[55.2629857,25.1882394],[55.2629233,25.1882839],[55.2628224,25.1883524],[55.262744,25.1884045],[55.2625319,25.1885503]]}},{"type":"Feature","id":"osm-way-1156477610","properties":{"foot":"yes","highway":"service","lit":"yes","oneway":"yes","sidewalk":"right","surface":"paving_stones","osm_type":"way","osm_id":1156477610,"road_class":"service","source_priority":"osm-general"},"geometry":{"type":"LineString","coordinates":[[55.2635067,25.1878675],[55.2633297,25.1879918]]}},{"type":"Feature","id":"osm-way-1156477611","properties":{"foot":"yes","highway":"service","lit":"yes","oneway":"yes","sidewalk":"right","surface":"paving_stones","osm_type":"way","osm_id":1156477611,"road_class":"service","source_priority":"osm-general"},"geometry":{"type":"LineString","coordinates":[[55.2625319,25.1885503],[55.2624731,25.1885893],[55.2624188,25.1886333],[55.2623693,25.1886815],[55.262336,25.1887201],[55.2623079,25.1887608],[55.2622846,25.1888042],[55.2622681,25.1888466],[55.262257,25.1888904],[55.2622512,25.188935]]}},{"type":"Feature","id":"osm-way-1156760252","properties":{"bicycle":"yes","foot":"yes","highway":"residential","lanes":"3","lit":"yes","maxspeed":"40","name":"شارع السعادة","name:ar":"شارع السعادة","name:en":"Happiness Street","oneway":"yes","sidewalk":"right","surface":"paving_stones","osm_type":"way","osm_id":1156760252,"road_class":"residential","source_priority":"osm-general"},"geometry":{"type":"LineString","coordinates":[[55.2632517,25.2050255],[55.2625573,25.2039317],[55.2622111,25.2033863],[55.2621896,25.2033524]]}},{"type":"Feature","id":"osm-way-1156760253","properties":{"bicycle":"yes","foot":"yes","highway":"residential","lanes":"3","lit":"yes","maxspeed":"40","name":"شارع السعادة","name:ar":"شارع السعادة","name:en":"Happiness Street","oneway":"yes","sidewalk":"right","surface":"paving_stones","osm_type":"way","osm_id":1156760253,"road_class":"residential","source_priority":"osm-general"},"geometry":{"type":"LineString","coordinates":[[55.2619566,25.2030029],[55.2611704,25.2018274]]}},{"type":"Feature","id":"osm-way-1156760254","properties":{"highway":"residential","lanes":"3","lit":"yes","maxspeed":"40","name":"شارع السعادة","name:ar":"شارع السعادة","name:en":"Happiness Street","oneway":"yes","sidewalk":"right","surface":"paving_stones","osm_type":"way","osm_id":1156760254,"road_class":"residential","source_priority":"osm-general"},"geometry":{"type":"LineString","coordinates":[[55.2611704,25.2018274],[55.2610437,25.2016222],[55.2610181,25.2015808],[55.2609354,25.2014523]]}},{"type":"Feature","id":"osm-way-1156760255","properties":{"bicycle":"yes","foot":"yes","highway":"tertiary_link","lanes":"1","oneway":"yes","sidewalk":"right","surface":"asphalt","osm_type":"way","osm_id":1156760255,"road_class":"tertiary","source_priority":"osm-general"},"geometry":{"type":"LineString","coordinates":[[55.2611704,25.2018274],[55.2611269,25.2017902],[55.2610786,25.2017487],[55.2610256,25.2016959],[55.260976,25.2016629],[55.260942,25.201646]]}},{"type":"Feature","id":"osm-way-1156760275","properties":{"bicycle":"yes","foot":"yes","highway":"residential","lanes":"3","lit":"yes","maxspeed":"40","name":"شارع السعادة","name:ar":"شارع السعادة","name:en":"Happiness Street","oneway":"yes","sidewalk":"right","surface":"paving_stones","osm_type":"way","osm_id":1156760275,"road_class":"residential","source_priority":"osm-general"},"geometry":{"type":"LineString","coordinates":[[55.2623041,25.2032834],[55.2626731,25.2038415],[55.2633756,25.2049043],[55.2634012,25.204943]]}},{"type":"Feature","id":"osm-way-1156760276","properties":{"highway":"residential","lanes":"3","lit":"yes","maxspeed":"40","name":"شارع السعادة","name:ar":"شارع السعادة","name:en":"Happiness Street","oneway":"yes","sidewalk":"right","surface":"paving_stones","osm_type":"way","osm_id":1156760276,"road_class":"residential","source_priority":"osm-general"},"geometry":{"type":"LineString","coordinates":[[55.2620685,25.2029355],[55.2621455,25.2030555],[55.2622164,25.2031505],[55.2623041,25.2032834]]}},{"type":"Feature","id":"osm-way-1156760277","properties":{"bicycle":"yes","foot":"yes","highway":"residential","lanes":"3","lit":"yes","maxspeed":"40","name":"شارع السعادة","name:ar":"شارع السعادة","name:en":"Happiness Street","oneway":"yes","sidewalk":"right","surface":"paving_stones","osm_type":"way","osm_id":1156760277,"road_class":"residential","source_priority":"osm-general"},"geometry":{"type":"LineString","coordinates":[[55.2612863,25.2017249],[55.2620393,25.2028903],[55.2620685,25.2029355]]}},{"type":"Feature","id":"osm-way-1156760278","properties":{"highway":"residential","lanes":"3","lit":"yes","maxspeed":"40","name":"شارع السعادة","name:ar":"شارع السعادة","name:en":"Happiness Street","oneway":"yes","sidewalk":"right","surface":"paving_stones","osm_type":"way","osm_id":1156760278,"road_class":"residential","source_priority":"osm-general"},"geometry":{"type":"LineString","coordinates":[[55.261045,25.2013955],[55.2611395,25.2015245],[55.2612863,25.2017249]]}},{"type":"Feature","id":"osm-way-1156760279","properties":{"bicycle":"yes","foot":"yes","highway":"tertiary","lanes":"2","name":"شارع الانجاز","name:ar":"شارع الانجاز","name:en":"Al Enjaaz Street","old_name":"13 Street","oneway":"yes","sidewalk":"right","surface":"asphalt","osm_type":"way","osm_id":1156760279,"road_class":"tertiary","source_priority":"osm-general"},"geometry":{"type":"LineString","coordinates":[[55.2620285,25.2008308],[55.2614442,25.2011861]]}},{"type":"Feature","id":"osm-way-1156760280","properties":{"highway":"tertiary","lanes":"2","name":"شارع الانجاز","name:ar":"شارع الانجاز","name:en":"Al Enjaaz Street","old_name":"13 Street","oneway":"yes","surface":"asphalt","osm_type":"way","osm_id":1156760280,"road_class":"tertiary","source_priority":"osm-general"},"geometry":{"type":"LineString","coordinates":[[55.2614442,25.2011861],[55.2611897,25.2013196],[55.261045,25.2013955]]}},{"type":"Feature","id":"osm-way-1163312769","properties":{"foot":"no","highway":"tertiary","lanes":"5","maxspeed":"60","name":"شارع برج خليفة","name:ar":"شارع برج خليفة","name:en":"Burj Khalifa Street","oneway":"yes","osm_type":"way","osm_id":1163312769,"road_class":"tertiary","source_priority":"osm-general"},"geometry":{"type":"LineString","coordinates":[[55.2694066,25.1907233],[55.2693279,25.1907944]]}},{"type":"Feature","id":"osm-way-1169799509","properties":{"highway":"service","osm_type":"way","osm_id":1169799509,"road_class":"service","source_priority":"osm-general"},"geometry":{"type":"LineString","coordinates":[[55.2699476,25.1916561],[55.2700724,25.1917478]]}},{"type":"Feature","id":"osm-way-1173887996","properties":{"highway":"residential","osm_type":"way","osm_id":1173887996,"road_class":"residential","source_priority":"osm-general"},"geometry":{"type":"LineString","coordinates":[[55.2712559,25.1965513],[55.2713916,25.1965505],[55.2715673,25.1965494]]}},{"type":"Feature","id":"osm-way-1173887997","properties":{"highway":"service","oneway":"yes","surface":"asphalt","osm_type":"way","osm_id":1173887997,"road_class":"service","source_priority":"osm-general"},"geometry":{"type":"LineString","coordinates":[[55.2711487,25.1940203],[55.2712519,25.1939708],[55.2713266,25.1939306],[55.2714029,25.1938943]]}},{"type":"Feature","id":"osm-way-1173887998","properties":{"highway":"service","oneway":"yes","surface":"asphalt","osm_type":"way","osm_id":1173887998,"road_class":"service","source_priority":"osm-general"},"geometry":{"type":"LineString","coordinates":[[55.2712221,25.1940655],[55.2712723,25.1940272],[55.2713193,25.1939858],[55.2713629,25.1939414],[55.2714029,25.1938943]]}},{"type":"Feature","id":"osm-way-1173887999","properties":{"highway":"service","oneway":"yes","surface":"asphalt","osm_type":"way","osm_id":1173887999,"road_class":"service","source_priority":"osm-general"},"geometry":{"type":"LineString","coordinates":[[55.2714029,25.1938943],[55.2714526,25.1938482],[55.2714976,25.1937983],[55.2715375,25.193745],[55.271572,25.1936887],[55.2716008,25.1936298],[55.2716236,25.1935688],[55.2716404,25.1935062]]}},{"type":"Feature","id":"osm-way-1173888000","properties":{"highway":"service","oneway":"yes","surface":"asphalt","osm_type":"way","osm_id":1173888000,"road_class":"service","source_priority":"osm-general"},"geometry":{"type":"LineString","coordinates":[[55.271563,25.1934146],[55.2715189,25.19341],[55.2714759,25.1933997],[55.271435,25.1933839],[55.2713971,25.1933629],[55.2713629,25.1933372],[55.2713332,25.1933073],[55.2713086,25.1932739],[55.2712894,25.1932399],[55.2712733,25.1931991],[55.2712678,25.1931586],[55.2712744,25.1931181],[55.2712928,25.1930807],[55.2713216,25.1930492],[55.2713543,25.1930188],[55.2713918,25.1929936],[55.271433,25.1929734],[55.2714802,25.1929576],[55.2715341,25.192946],[55.2715891,25.1929403],[55.2716446,25.1929407],[55.2716995,25.1929471],[55.2717532,25.1929596],[55.2717932,25.1929714],[55.2718318,25.1929927],[55.2718657,25.1930197],[55.2718938,25.1930517],[55.2719154,25.1930876],[55.2719309,25.1931245],[55.2719346,25.1931666],[55.2719288,25.1932061],[55.2719171,25.1932446],[55.2718998,25.1932813],[55.2718772,25.1933155],[55.2718496,25.1933466],[55.2718176,25.193374],[55.2717818,25.1933973],[55.2717429,25.1934159]]}},{"type":"Feature","id":"osm-way-1173888001","properties":{"highway":"service","oneway":"yes","surface":"asphalt","osm_type":"way","osm_id":1173888001,"road_class":"service","source_priority":"osm-general"},"geometry":{"type":"LineString","coordinates":[[55.2715821,25.193374],[55.2716018,25.1933574],[55.2716259,25.1933467],[55.2716525,25.1933429],[55.2716791,25.1933463],[55.2717035,25.1933566],[55.2717235,25.1933729],[55.2717372,25.1933938],[55.2717429,25.1934159],[55.2717421,25.193442],[55.2717325,25.193465],[55.2717158,25.1934844],[55.2716936,25.1934985],[55.2716677,25.193506],[55.2716404,25.1935062],[55.2716145,25.1934992],[55.2715919,25.1934854],[55.2715749,25.1934663],[55.2715649,25.1934434],[55.271563,25.1934146],[55.2715688,25.1933951],[55.2715821,25.193374]]}},{"type":"Feature","id":"osm-way-1210704261","properties":{"highway":"service","oneway":"yes","osm_type":"way","osm_id":1210704261,"road_class":"service","source_priority":"osm-general"},"geometry":{"type":"LineString","coordinates":[[55.2558829,25.1876675],[55.255889,25.1876265],[55.2558859,25.1875853],[55.2558736,25.1875455],[55.2558527,25.1875087],[55.2555972,25.1872276],[55.255571,25.1871965],[55.2555525,25.1871612],[55.2555425,25.1871231],[55.2555415,25.187084],[55.2555495,25.1870456],[55.2555629,25.1870152],[55.2555819,25.1869874],[55.2556059,25.186963],[55.2557923,25.1868174],[55.2558299,25.1868028],[55.2558695,25.1867938],[55.2559103,25.1867907],[55.2559581,25.1867946],[55.2560046,25.1868057],[55.2560484,25.1868235],[55.2560916,25.1868499],[55.2561289,25.1868829],[55.2563931,25.1871657],[55.2564197,25.1871938],[55.2564508,25.1872179],[55.2564794,25.1872345],[55.25651,25.1872477]]}},{"type":"Feature","id":"osm-way-1212987417","properties":{"highway":"residential","lanes":"2","name":"شارع النور","name:ar":"شارع النور","name:en":"Al Noor Street","oneway":"yes","surface":"asphalt","osm_type":"way","osm_id":1212987417,"road_class":"residential","source_priority":"osm-general"},"geometry":{"type":"LineString","coordinates":[[55.2602266,25.2022934],[55.2602059,25.202274],[55.260177,25.2022554],[55.2601442,25.2022431],[55.2601093,25.2022376],[55.2600766,25.202239],[55.2600448,25.2022463],[55.2600154,25.2022595],[55.2597392,25.2024027]]}},{"type":"Feature","id":"osm-way-1214811581","properties":{"highway":"service","oneway":"yes","osm_type":"way","osm_id":1214811581,"road_class":"service","source_priority":"osm-general"},"geometry":{"type":"LineString","coordinates":[[55.2565575,25.1872814],[55.2565702,25.187322],[55.2565834,25.1873545],[55.256602,25.1873847],[55.2566258,25.1874118],[55.2567042,25.1874954],[55.2567304,25.1875265],[55.2567488,25.1875619],[55.2567587,25.1876],[55.2567596,25.1876391],[55.2567515,25.1876775],[55.2567381,25.1877079],[55.256719,25.1877356],[55.256695,25.18776],[55.2565073,25.1878973],[55.2564618,25.1879217],[55.2564162,25.1879327],[55.2563691,25.1879361],[55.256322,25.1879318],[55.2562766,25.1879198],[55.2562344,25.1879007],[55.2561966,25.1878749],[55.2561646,25.1878435],[55.2560808,25.1877606],[55.256048,25.1877375],[55.2560104,25.1877213],[55.2559698,25.1877129],[55.255927,25.1877138]]}},{"type":"Feature","id":"osm-way-1230529914","properties":{"highway":"tertiary","lanes":"2","lit":"yes","maxspeed":"60","name":"شارع المستقبل","name:ar":"شارع المستقبل","name:en":"Al Mustaqbal Street","oneway":"yes","ref":"D86","sidewalk":"no","surface":"asphalt","osm_type":"way","osm_id":1230529914,"road_class":"tertiary","source_priority":"osm-general"},"geometry":{"type":"LineString","coordinates":[[55.2674655,25.1946464],[55.2680247,25.1952985],[55.2682216,25.1955553],[55.2684139,25.1958148],[55.2686017,25.196077],[55.2687849,25.1963419],[55.2689635,25.1966094],[55.2690462,25.196761],[55.2691209,25.1969159],[55.2691872,25.1970739],[55.269245,25.1972346]]}},{"type":"Feature","id":"osm-way-1242333600","properties":{"highway":"service","oneway":"yes","osm_type":"way","osm_id":1242333600,"road_class":"service","source_priority":"osm-general"},"geometry":{"type":"LineString","coordinates":[[55.2723889,25.1925032],[55.2723112,25.192555],[55.27225,25.1926086]]}},{"type":"Feature","id":"osm-way-1242333601","properties":{"highway":"service","oneway":"yes","osm_type":"way","osm_id":1242333601,"road_class":"service","source_priority":"osm-general"},"geometry":{"type":"LineString","coordinates":[[55.27225,25.1926086],[55.272217,25.19255],[55.2721676,25.1924985]]}},{"type":"Feature","id":"osm-way-1242333602","properties":{"highway":"service","osm_type":"way","osm_id":1242333602,"road_class":"service","source_priority":"osm-general"},"geometry":{"type":"LineString","coordinates":[[55.2719309,25.1931245],[55.2720823,25.1929264],[55.2721179,25.1928798],[55.2722004,25.192735],[55.27225,25.1926086]]}},{"type":"Feature","id":"osm-way-1266447791","properties":{"highway":"residential","oneway":"yes","osm_type":"way","osm_id":1266447791,"road_class":"residential","source_priority":"osm-general"},"geometry":{"type":"LineString","coordinates":[[55.271169,25.1965816],[55.2711589,25.1965184],[55.2711601,25.196503],[55.2711677,25.196489],[55.2711805,25.1964787],[55.2711967,25.1964735],[55.2712138,25.1964742],[55.2712294,25.1964807],[55.2712412,25.196492],[55.2712559,25.1965513],[55.2712572,25.1965672],[55.2712532,25.1965828],[55.271243,25.1965958],[55.2712281,25.1966044],[55.2712107,25.1966073],[55.2711934,25.1966039],[55.2711788,25.1965949],[55.271169,25.1965816]]}},{"type":"Feature","id":"osm-way-1266713862","properties":{"highway":"service","osm_type":"way","osm_id":1266713862,"road_class":"service","source_priority":"osm-general"},"geometry":{"type":"LineString","coordinates":[[55.2677224,25.1890335],[55.2677861,25.1890494],[55.2678487,25.1890689],[55.2678988,25.1890873]]}},{"type":"Feature","id":"osm-way-1271368556","properties":{"highway":"residential","oneway":"yes","osm_type":"way","osm_id":1271368556,"road_class":"residential","source_priority":"osm-general"},"geometry":{"type":"LineString","coordinates":[[55.2552236,25.1871581],[55.2552116,25.1871894],[55.2552042,25.1872012],[55.2551942,25.1872158],[55.2551828,25.1872285]]}},{"type":"Feature","id":"osm-way-1276370886","properties":{"highway":"service","oneway":"yes","osm_type":"way","osm_id":1276370886,"road_class":"service","source_priority":"osm-general"},"geometry":{"type":"LineString","coordinates":[[55.2666824,25.2021429],[55.2667251,25.2021677],[55.2667637,25.2021777],[55.2667934,25.2021792],[55.2668277,25.2021725],[55.2669424,25.202105]]}},{"type":"Feature","id":"osm-way-1301269959","properties":{"highway":"service","lit":"yes","oneway":"yes","surface":"paving_stones","osm_type":"way","osm_id":1301269959,"road_class":"service","source_priority":"osm-general"},"geometry":{"type":"LineString","coordinates":[[55.2569658,25.187313],[55.2569965,25.1873102],[55.2570263,25.1873029],[55.2570544,25.1872913],[55.2570801,25.1872758],[55.2576624,25.1868441],[55.2576844,25.1868245],[55.257698,25.1867994],[55.2577017,25.1867717],[55.257695,25.1867445],[55.2576787,25.1867207],[55.2574271,25.1864473],[55.2574143,25.1864378],[55.257399,25.1864322],[55.2573826,25.1864309],[55.2573664,25.186434],[55.257352,25.1864412],[55.2568566,25.1868806],[55.2568309,25.1869097],[55.2568088,25.186941],[55.2567903,25.1869742],[55.2567478,25.1870744]]}},{"type":"Feature","id":"osm-way-1301269960","properties":{"highway":"service","osm_type":"way","osm_id":1301269960,"road_class":"service","source_priority":"osm-general"},"geometry":{"type":"LineString","coordinates":[[55.256793,25.1860579],[55.2567515,25.1860095]]}},{"type":"Feature","id":"osm-way-1301269961","properties":{"highway":"service","oneway":"yes","osm_type":"way","osm_id":1301269961,"road_class":"service","source_priority":"osm-general"},"geometry":{"type":"LineString","coordinates":[[55.2560959,25.1864337],[55.2561353,25.1864151],[55.2561724,25.1863931],[55.2562068,25.1863677],[55.2562624,25.1863393],[55.2563014,25.1863171],[55.2563626,25.1862792],[55.2564482,25.1862217],[55.2565263,25.1861669],[55.2567515,25.1860095],[55.2567915,25.1859806],[55.256901,25.1859088],[55.2570161,25.1858178],[55.2571358,25.1857347],[55.257239,25.1856708],[55.2573467,25.1856265]]}},{"type":"Feature","id":"osm-way-1301269962","properties":{"highway":"service","oneway":"yes","osm_type":"way","osm_id":1301269962,"road_class":"service","source_priority":"osm-general"},"geometry":{"type":"LineString","coordinates":[[55.2573425,25.185699],[55.2572831,25.1857316],[55.2571783,25.1857934],[55.256793,25.1860579],[55.2566452,25.1861597],[55.2563106,25.1864121],[55.2562918,25.1864349],[55.256276,25.1864595],[55.2562634,25.1864856],[55.2562543,25.1865129]]}},{"type":"Feature","id":"osm-way-1301701738","properties":{"highway":"service","osm_type":"way","osm_id":1301701738,"road_class":"service","source_priority":"osm-general"},"geometry":{"type":"LineString","coordinates":[[55.2622162,25.2021539],[55.2626465,25.2019468]]}},{"type":"Feature","id":"osm-way-1301701739","properties":{"highway":"service","osm_type":"way","osm_id":1301701739,"road_class":"service","source_priority":"osm-general"},"geometry":{"type":"LineString","coordinates":[[55.2620901,25.2018433],[55.2624525,25.2016485]]}},{"type":"Feature","id":"osm-way-1301708492","properties":{"highway":"service","oneway":"yes","osm_type":"way","osm_id":1301708492,"road_class":"service","source_priority":"osm-general"},"geometry":{"type":"LineString","coordinates":[[55.2655636,25.191731],[55.2655975,25.1916892],[55.2656209,25.1916419],[55.2656327,25.1915912],[55.2656324,25.1915393],[55.26562,25.1914887],[55.265596,25.1914416],[55.2649295,25.1907419],[55.2649018,25.1907186],[55.2648693,25.1907013],[55.2648334,25.1906906],[55.2647958,25.1906872],[55.2647583,25.1906912],[55.2647226,25.1907024]]}},{"type":"Feature","id":"osm-way-1301711743","properties":{"highway":"service","oneway":"yes","osm_type":"way","osm_id":1301711743,"road_class":"service","source_priority":"osm-general"},"geometry":{"type":"LineString","coordinates":[[55.2735832,25.1919756],[55.2735504,25.1918733],[55.2735144,25.1917615],[55.2735161,25.1917348],[55.2735304,25.1917115],[55.2735546,25.1916962],[55.2735838,25.191692],[55.273612,25.1916998],[55.2736336,25.191718],[55.2736786,25.1918351],[55.2737124,25.191923]]}},{"type":"Feature","id":"osm-way-1330380436","properties":{"highway":"service","osm_type":"way","osm_id":1330380436,"road_class":"service","source_priority":"osm-general"},"geometry":{"type":"LineString","coordinates":[[55.2746431,25.1921895],[55.2745977,25.192197]]}},{"type":"Feature","id":"osm-way-1330380452","properties":{"highway":"service","oneway":"yes","osm_type":"way","osm_id":1330380452,"road_class":"service","source_priority":"osm-general"},"geometry":{"type":"LineString","coordinates":[[55.271498,25.1979819],[55.2717888,25.1982126],[55.2718022,25.198231],[55.2718091,25.1982494],[55.2717962,25.1983677]]}},{"type":"Feature","id":"osm-way-1352271242","properties":{"highway":"service","osm_type":"way","osm_id":1352271242,"road_class":"service","source_priority":"osm-general"},"geometry":{"type":"LineString","coordinates":[[55.2683271,25.1866199],[55.2683909,25.1866272],[55.2684659,25.1866358],[55.2685301,25.1866329],[55.2687863,25.1866281],[55.2689552,25.1865965],[55.269096,25.1865383],[55.2691993,25.1864266],[55.2692395,25.1862604],[55.2692938,25.1859695],[55.2694193,25.1852968],[55.2694193,25.1850953],[55.269383,25.184662]]}},{"type":"Feature","id":"osm-way-1359328515","properties":{"foot":"no","highway":"tertiary","lanes":"2","name":"شارع العهود","name:ar":"شارع العهود","name:en":"Al Ohood Street","oneway":"yes","sidewalk:right:surface":"paving_stones","surface":"asphalt","osm_type":"way","osm_id":1359328515,"road_class":"tertiary","source_priority":"osm-general"},"geometry":{"type":"LineString","coordinates":[[55.2752342,25.1857539],[55.2750048,25.1855048],[55.2749757,25.1854731],[55.2749094,25.1853991]]}},{"type":"Feature","id":"osm-way-1361105167","properties":{"foot":"no","highway":"secondary","lanes":"3","name":"طريق مراسي","name:ar":"طريق مراسي","name:en":"Marasi Drive","oneway":"yes","surface":"asphalt","osm_type":"way","osm_id":1361105167,"road_class":"secondary","source_priority":"osm-general"},"geometry":{"type":"LineString","coordinates":[[55.2749094,25.1853991],[55.2748151,25.1854626],[55.2744554,25.1857136]]}},{"type":"Feature","id":"osm-way-1362824982","properties":{"highway":"residential","osm_type":"way","osm_id":1362824982,"road_class":"residential","source_priority":"osm-general"},"geometry":{"type":"LineString","coordinates":[[55.2752156,25.1889486],[55.2750558,25.1889411],[55.2750237,25.1889364],[55.2747542,25.1888307],[55.274671,25.1888283],[55.2745369,25.1889497],[55.2743787,25.1892604]]}},{"type":"Feature","id":"osm-way-1368045827","properties":{"highway":"service","osm_type":"way","osm_id":1368045827,"road_class":"service","source_priority":"osm-general"},"geometry":{"type":"LineString","coordinates":[[55.2606584,25.2026284],[55.2606337,25.2026423],[55.2605191,25.2027066]]}},{"type":"Feature","id":"osm-way-1368045828","properties":{"highway":"service","osm_type":"way","osm_id":1368045828,"road_class":"service","source_priority":"osm-general"},"geometry":{"type":"LineString","coordinates":[[55.2603307,25.2024404],[55.2604617,25.2023669],[55.2604898,25.2023512]]}},{"type":"Feature","id":"osm-way-1368047074","properties":{"highway":"service","oneway":"yes","osm_type":"way","osm_id":1368047074,"road_class":"service","source_priority":"osm-general"},"geometry":{"type":"LineString","coordinates":[[55.2616502,25.2041331],[55.2616212,25.2041495],[55.2615237,25.2042047]]}},{"type":"Feature","id":"osm-way-1368047075","properties":{"highway":"residential","oneway":"yes","osm_type":"way","osm_id":1368047075,"road_class":"residential","source_priority":"osm-general"},"geometry":{"type":"LineString","coordinates":[[55.2612935,25.2038729],[55.2612492,25.2038309],[55.2612063,25.2037872],[55.2611292,25.2037164]]}},{"type":"Feature","id":"osm-way-1368047076","properties":{"highway":"residential","oneway":"yes","osm_type":"way","osm_id":1368047076,"road_class":"residential","source_priority":"osm-general"},"geometry":{"type":"LineString","coordinates":[[55.2612353,25.2036953],[55.2612568,25.2037538],[55.2612762,25.2038131],[55.2612935,25.2038729]]}},{"type":"Feature","id":"osm-way-1368047077","properties":{"highway":"residential","junction":"roundabout","osm_type":"way","osm_id":1368047077,"road_class":"residential","source_priority":"osm-general"},"geometry":{"type":"LineString","coordinates":[[55.2611324,25.2035609],[55.2611528,25.2035561],[55.2611739,25.2035555],[55.2612023,25.2035618],[55.2612271,25.2035759],[55.2612459,25.2035962],[55.2612567,25.2036209],[55.2612585,25.2036473],[55.2612512,25.203673],[55.2612353,25.2036953],[55.2612129,25.2037118],[55.261186,25.2037213],[55.2611572,25.2037229],[55.2611292,25.2037164],[55.2611053,25.2037028],[55.261087,25.2036833],[55.261076,25.2036598],[55.2610734,25.2036344],[55.2610792,25.2036094],[55.2610931,25.2035872],[55.2611138,25.2035698],[55.2611324,25.2035609]]}},{"type":"Feature","id":"osm-way-1368047078","properties":{"highway":"residential","lanes":"2","maxspeed":"40","maxspeed:type":"sign","name":"شارع النور","name:ar":"شارع النور","name:en":"Al Noor Street","surface":"asphalt","osm_type":"way","osm_id":1368047078,"road_class":"residential","source_priority":"osm-general"},"geometry":{"type":"LineString","coordinates":[[55.2610751,25.2035063],[55.2608461,25.2031684],[55.2605191,25.2027066],[55.2603307,25.2024404],[55.2602266,25.2022934]]}},{"type":"Feature","id":"osm-way-1368047079","properties":{"highway":"service","oneway":"yes","osm_type":"way","osm_id":1368047079,"road_class":"service","source_priority":"osm-general"},"geometry":{"type":"LineString","coordinates":[[55.2613701,25.2039825],[55.2614766,25.2039242],[55.2614991,25.2039119]]}},{"type":"Feature","id":"osm-way-1368232165","properties":{"highway":"service","service":"alley","osm_type":"way","osm_id":1368232165,"road_class":"service","source_priority":"osm-general"},"geometry":{"type":"LineString","coordinates":[[55.2558108,25.2004564],[55.2558489,25.2004747]]}},{"type":"Feature","id":"osm-way-1368232166","properties":{"highway":"residential","lanes":"2","maxspeed":"40","maxspeed:type":"sign","name":"شارع النور","name:ar":"شارع النور","name:en":"Al Noor Street","oneway":"yes","surface":"asphalt","osm_type":"way","osm_id":1368232166,"road_class":"residential","source_priority":"osm-general"},"geometry":{"type":"LineString","coordinates":[[55.2610931,25.2035872],[55.2610751,25.2035063]]}},{"type":"Feature","id":"osm-way-1368336167","properties":{"highway":"residential","lanes":"2","maxspeed":"40","maxspeed:type":"sign","name":"شارع النور","name:ar":"شارع النور","name:en":"Al Noor Street","oneway":"yes","surface":"asphalt","osm_type":"way","osm_id":1368336167,"road_class":"residential","source_priority":"osm-general"},"geometry":{"type":"LineString","coordinates":[[55.2610751,25.2035063],[55.2611324,25.2035609]]}},{"type":"Feature","id":"osm-way-1369123549","properties":{"highway":"service","osm_type":"way","osm_id":1369123549,"road_class":"service","source_priority":"osm-general"},"geometry":{"type":"LineString","coordinates":[[55.2670761,25.2005608],[55.2669872,25.2006127],[55.2669454,25.200637],[55.2665829,25.2008473]]}},{"type":"Feature","id":"osm-way-1390608409","properties":{"highway":"service","osm_type":"way","osm_id":1390608409,"road_class":"service","source_priority":"osm-general"},"geometry":{"type":"LineString","coordinates":[[55.2589673,25.2006764],[55.2584329,25.2009999]]}},{"type":"Feature","id":"osm-way-1390608411","properties":{"highway":"residential","osm_type":"way","osm_id":1390608411,"road_class":"residential","source_priority":"osm-general"},"geometry":{"type":"LineString","coordinates":[[55.2569578,25.199345],[55.2563168,25.1997623]]}},{"type":"Feature","id":"osm-way-1390608416","properties":{"highway":"residential","osm_type":"way","osm_id":1390608416,"road_class":"residential","source_priority":"osm-general"},"geometry":{"type":"LineString","coordinates":[[55.2550292,25.2001195],[55.2554172,25.2007222]]}},{"type":"Feature","id":"osm-way-1394873610","properties":{"foot":"no","highway":"tertiary","lanes":"4","lit":"yes","maxspeed":"60","name":"شارع المستقبل","name:ar":"شارع المستقبل","name:en":"Al Mustaqbal Street","oneway":"yes","ref":"D86","sidewalk":"no","surface":"asphalt","turn:lanes":"left|left|through|through","osm_type":"way","osm_id":1394873610,"road_class":"tertiary","source_priority":"osm-general"},"geometry":{"type":"LineString","coordinates":[[55.2669987,25.1947733],[55.2669352,25.1947005]]}},{"type":"Feature","id":"osm-way-1410855598","properties":{"highway":"service","surface":"paving_stones","osm_type":"way","osm_id":1410855598,"road_class":"service","source_priority":"osm-general"},"geometry":{"type":"LineString","coordinates":[[55.2692914,25.204256],[55.2694288,25.2041761],[55.2695082,25.2041272]]}},{"type":"Feature","id":"osm-way-1412944886","properties":{"highway":"secondary","lanes":"3","lit":"yes","maxspeed":"60","name":"شارع الخليج التجاري 1","name:ar":"شارع الخليج التجاري 1","name:en":"Al Khaleej Al Tejari 1 Street","oneway":"yes","sidewalk":"no","surface":"asphalt","osm_type":"way","osm_id":1412944886,"road_class":"secondary","source_priority":"osm-general"},"geometry":{"type":"LineString","coordinates":[[55.261943,25.1885586],[55.2622099,25.1883444]]}},{"type":"Feature","id":"osm-way-1412944887","properties":{"destination":"Happiness Street;Bur Dubai","destination:lang:ar":"شارع السعادة;بر دبي","destination:lang:en":"Happiness Street;Bur Dubai","foot":"no","highway":"tertiary","lanes":"2","lit":"yes","maxspeed":"60","name":"شارع المستقبل","name:ar":"شارع المستقبل","name:en":"Al Mustaqbal Street","oneway":"yes","ref":"D86","sidewalk":"no","surface":"asphalt","turn:lanes":"through|through","osm_type":"way","osm_id":1412944887,"road_class":"tertiary","source_priority":"osm-general"},"geometry":{"type":"LineString","coordinates":[[55.261784,25.1885223],[55.2618684,25.1886178]]}},{"type":"Feature","id":"osm-way-1412944888","properties":{"foot":"no","highway":"tertiary","lanes":"3","lit":"yes","maxspeed":"60","name":"شارع المستقبل","name:ar":"شارع المستقبل","name:en":"Al Mustaqbal Street","oneway":"yes","ref":"D86","sidewalk":"no","surface":"asphalt","turn:lanes":"through|through|through","osm_type":"way","osm_id":1412944888,"road_class":"tertiary","source_priority":"osm-general"},"geometry":{"type":"LineString","coordinates":[[55.261775,25.1891493],[55.2616878,25.1890543]]}},{"type":"Feature","id":"osm-way-1412944889","properties":{"foot":"no","highway":"tertiary","lanes":"2","lit":"yes","maxspeed":"60","name":"شارع المستقبل","name:ar":"شارع المستقبل","name:en":"Al Mustaqbal Street","oneway":"yes","ref":"D86","sidewalk":"right","surface":"asphalt","turn:lanes":"through|through|right","osm_type":"way","osm_id":1412944889,"road_class":"tertiary","source_priority":"osm-general"},"geometry":{"type":"LineString","coordinates":[[55.2615282,25.1888787],[55.2614644,25.1888088]]}},{"type":"Feature","id":"osm-way-1412944890","properties":{"highway":"secondary","lanes":"3","lit":"yes","maxspeed":"60","name":"شارع الخليج التجاري 1","name:ar":"شارع الخليج التجاري 1","name:en":"Al Khaleej Al Tejari 1 Street","oneway":"yes","sidewalk":"right","surface":"asphalt","turn:lanes":"through|through|right","osm_type":"way","osm_id":1412944890,"road_class":"secondary","source_priority":"osm-general"},"geometry":{"type":"LineString","coordinates":[[55.2616005,25.1891186],[55.2614346,25.1892526]]}},{"type":"Feature","id":"osm-way-1412944891","properties":{"destination":"Happiness Street (north);Bur Dubai;Al Khaleej Al Tejari 1 Street (east)","destination:lang:ar":"شارع السعادة (شمال);بر دبي;شارع الخليج التجاري 1 (شرق)","destination:lang:en":"Happiness Street (north);Bur Dubai;Al Khaleej Al Tejari 1 Street (east)","foot":"no","highway":"secondary","lanes":"3","lit":"yes","maxspeed":"60","name":"شارع الخليج التجاري 1","name:ar":"شارع الخليج التجاري 1","name:en":"Al Khaleej Al Tejari 1 Street","note":"blocked due to construction since summer 2017","oneway":"yes","sidewalk":"no","surface":"asphalt","turn:lanes":"through|through|through","osm_type":"way","osm_id":1412944891,"road_class":"secondary","source_priority":"osm-general"},"geometry":{"type":"LineString","coordinates":[[55.2614396,25.1889469],[55.2615282,25.1888787]]}},{"type":"Feature","id":"osm-way-1412976990","properties":{"highway":"residential","lanes":"2","lit":"yes","maxspeed":"40","oneway":"yes","sidewalk":"both","osm_type":"way","osm_id":1412976990,"road_class":"residential","source_priority":"osm-general"},"geometry":{"type":"LineString","coordinates":[[55.2585065,25.186422],[55.2584158,25.1865117],[55.2583844,25.1865463],[55.2583652,25.1865741],[55.2583538,25.1865987],[55.2583469,25.1866245],[55.2583446,25.1866511],[55.258347,25.1866776],[55.2583539,25.1867035],[55.2583653,25.186728],[55.2583829,25.1867613],[55.2584116,25.1868027],[55.2584596,25.1868671]]}},{"type":"Feature","id":"osm-way-1412976991","properties":{"highway":"residential","lanes":"2","lit":"yes","maxspeed":"40","oneway":"yes","sidewalk":"both","osm_type":"way","osm_id":1412976991,"road_class":"residential","source_priority":"osm-general"},"geometry":{"type":"LineString","coordinates":[[55.2584596,25.1868671],[55.2584074,25.1868253],[55.258363,25.1867825],[55.2583386,25.1867546],[55.2583172,25.1867247],[55.2583041,25.1866991],[55.2582967,25.1866716],[55.2582946,25.1866434],[55.2582977,25.1866152],[55.2583059,25.1865879],[55.2583191,25.1865623],[55.2583409,25.1865348],[55.2583654,25.1865138],[55.2583917,25.1864947],[55.2585065,25.186422]]}},{"type":"Feature","id":"osm-way-1412976992","properties":{"highway":"residential","lanes":"2","lit":"yes","maxspeed":"40","sidewalk":"both","osm_type":"way","osm_id":1412976992,"road_class":"residential","source_priority":"osm-general"},"geometry":{"type":"LineString","coordinates":[[55.2588091,25.1861929],[55.2587718,25.1862214],[55.2586104,25.1863446],[55.2585548,25.1863871],[55.2585065,25.186422]]}},{"type":"Feature","id":"osm-way-1432538477","properties":{"highway":"secondary_link","lanes":"1","lit":"yes","oneway":"yes","sidewalk":"right","surface":"asphalt","osm_type":"way","osm_id":1432538477,"road_class":"secondary","source_priority":"osm-general"},"geometry":{"type":"LineString","coordinates":[[55.2721862,25.1885233],[55.2721855,25.1884625],[55.2721695,25.1883901],[55.2721396,25.1883379],[55.2721222,25.1882853]]}},{"type":"Feature","id":"osm-way-1432538481","properties":{"foot":"no","highway":"residential","oneway":"yes","osm_type":"way","osm_id":1432538481,"road_class":"residential","source_priority":"osm-general"},"geometry":{"type":"LineString","coordinates":[[55.2684587,25.1919114],[55.2684407,25.1920743],[55.268428,25.1921303],[55.2684298,25.1921834],[55.2684422,25.1922416],[55.2684596,25.1922932],[55.2685098,25.1923764]]}},{"type":"Feature","id":"osm-way-1432538482","properties":{"foot":"no","highway":"tertiary","lanes":"3","lit":"yes","maxspeed":"60","name":"شارع برج خليفة","name:ar":"شارع برج خليفة","name:en":"Burj Khalifa Street","oneway":"yes","sidewalk":"right","surface":"asphalt","osm_type":"way","osm_id":1432538482,"road_class":"tertiary","source_priority":"osm-general"},"geometry":{"type":"LineString","coordinates":[[55.2693279,25.1907944],[55.2691791,25.1909262],[55.2690322,25.1910795],[55.2689196,25.1912142],[55.2688,25.1913724],[55.2686762,25.1915344],[55.2685633,25.1917167],[55.2684587,25.1919114]]}},{"type":"Feature","id":"osm-way-1432538483","properties":{"foot":"no","highway":"tertiary","lanes":"5","lit":"yes","maxspeed":"60","name":"شارع برج خليفة","name:ar":"شارع برج خليفة","name:en":"Burj Khalifa Street","oneway":"yes","sidewalk":"no","surface":"asphalt","turn:lanes":"left|left|through|through|through","osm_type":"way","osm_id":1432538483,"road_class":"tertiary","source_priority":"osm-general"},"geometry":{"type":"LineString","coordinates":[[55.2727085,25.1885823],[55.2725891,25.1886551]]}},{"type":"Feature","id":"osm-way-1432538484","properties":{"foot":"no","highway":"secondary_link","lanes":"1","lit":"yes","oneway":"yes","sidewalk":"right","surface":"asphalt","osm_type":"way","osm_id":1432538484,"road_class":"secondary","source_priority":"osm-general"},"geometry":{"type":"LineString","coordinates":[[55.2724709,25.1889005],[55.2723642,25.1888897],[55.2723019,25.188897],[55.2722445,25.1889075],[55.2721895,25.1889214],[55.2721264,25.1889422]]}},{"type":"Feature","id":"osm-way-1432599647","properties":{"foot":"no","highway":"secondary","lanes":"2","lit":"yes","name":"شارع العلم","name:ar":"شارع العلم","name:en":"AL Alam Street","oneway":"yes","sidewalk":"right","surface":"asphalt","osm_type":"way","osm_id":1432599647,"road_class":"secondary","source_priority":"osm-general"},"geometry":{"type":"LineString","coordinates":[[55.2725891,25.1886551],[55.2726703,25.1887474]]}},{"type":"Feature","id":"osm-way-1432599648","properties":{"foot":"no","highway":"tertiary","lanes":"3","lit":"yes","maxspeed":"60","name":"شارع برج خليفة","name:ar":"شارع برج خليفة","name:en":"Burj Khalifa Street","oneway":"yes","sidewalk":"right","surface":"asphalt","osm_type":"way","osm_id":1432599648,"road_class":"tertiary","source_priority":"osm-general"},"geometry":{"type":"LineString","coordinates":[[55.2724698,25.1885061],[55.2725933,25.1884258]]}},{"type":"Feature","id":"osm-way-1432599649","properties":{"foot":"no","highway":"secondary","lanes":"3","lit":"yes","name":"شارع العلم","name:ar":"شارع العلم","name:en":"AL Alam Street","oneway":"yes","sidewalk":"no","surface":"asphalt","turn:lanes":"left|left;through|through","osm_type":"way","osm_id":1432599649,"road_class":"secondary","source_priority":"osm-general"},"geometry":{"type":"LineString","coordinates":[[55.2723976,25.1884166],[55.2724698,25.1885061]]}},{"type":"Feature","id":"osm-way-1432599650","properties":{"highway":"secondary","lanes":"3","lit":"yes","name":"شارع العلم","name:ar":"شارع العلم","name:en":"AL Alam Street","oneway":"yes","sidewalk":"no","surface":"asphalt","osm_type":"way","osm_id":1432599650,"road_class":"secondary","source_priority":"osm-general"},"geometry":{"type":"LineString","coordinates":[[55.2723015,25.188471],[55.2721222,25.1882853]]}},{"type":"Feature","id":"osm-way-1433084204","properties":{"highway":"service","osm_type":"way","osm_id":1433084204,"road_class":"service","source_priority":"osm-general"},"geometry":{"type":"LineString","coordinates":[[55.2577813,25.1928615],[55.2577865,25.1927918],[55.2578254,25.1927323],[55.2578549,25.1926971],[55.2579099,25.1926704]]}},{"type":"Feature","id":"osm-way-1434034292","properties":{"foot":"no","highway":"secondary","lanes":"4","lit":"yes","name":"شارع العلم","name:ar":"شارع العلم","name:en":"AL Alam Street","oneway":"yes","sidewalk":"no","surface":"asphalt","turn:lanes":"left|left;through|through|through","osm_type":"way","osm_id":1434034292,"road_class":"secondary","source_priority":"osm-general"},"geometry":{"type":"LineString","coordinates":[[55.2725571,25.1888161],[55.2724899,25.1887239]]}},{"type":"Feature","id":"osm-way-1446270900","properties":{"highway":"residential","lanes":"2","name":"شارع السلام","name:ar":"شارع السلام","name:en":"Al Salam Street","oneway":"no","surface":"paving_stones","osm_type":"way","osm_id":1446270900,"road_class":"residential","source_priority":"osm-general"},"geometry":{"type":"LineString","coordinates":[[55.2621641,25.2012053],[55.2621792,25.2012284],[55.2624525,25.2016485],[55.262553,25.201803],[55.2626465,25.2019468],[55.2629578,25.2024255]]}},{"type":"Feature","id":"osm-way-1468489807","properties":{"highway":"service","oneway":"yes","osm_type":"way","osm_id":1468489807,"road_class":"service","source_priority":"osm-general"},"geometry":{"type":"LineString","coordinates":[[55.2660441,25.1856919],[55.266104,25.1857464],[55.2661667,25.1857983],[55.2662321,25.1858475],[55.2663291,25.185903],[55.266431,25.1859507],[55.2665371,25.1859904],[55.2666465,25.1860217],[55.2667585,25.1860443],[55.2669758,25.1860809],[55.2670284,25.1860871],[55.2670815,25.1860884],[55.2671345,25.1860848],[55.2671867,25.1860764],[55.2672378,25.1860632],[55.2674759,25.1859915],[55.2675505,25.1859678],[55.267623,25.1859393],[55.2676931,25.1859061],[55.2677603,25.1858684],[55.267844,25.1858058]]}},{"type":"Feature","id":"osm-way-1468489809","properties":{"highway":"service","oneway":"yes","osm_type":"way","osm_id":1468489809,"road_class":"service","source_priority":"osm-general"},"geometry":{"type":"LineString","coordinates":[[55.2657797,25.1857067],[55.265789,25.1856516],[55.2657836,25.1856151],[55.2657715,25.18558],[55.2657585,25.1855608],[55.2657234,25.1855177]]}},{"type":"Feature","id":"osm-way-1468489810","properties":{"highway":"tertiary","oneway":"yes","osm_type":"way","osm_id":1468489810,"road_class":"tertiary","source_priority":"osm-general"},"geometry":{"type":"LineString","coordinates":[[55.2672333,25.185139],[55.2671788,25.1850964],[55.2671215,25.185057],[55.2670616,25.1850209]]}},{"type":"Feature","id":"osm-way-1468489811","properties":{"highway":"tertiary","oneway":"yes","osm_type":"way","osm_id":1468489811,"road_class":"tertiary","source_priority":"osm-general"},"geometry":{"type":"LineString","coordinates":[[55.2671466,25.1849617],[55.2671631,25.1850079],[55.2671832,25.185053],[55.2672066,25.1850968],[55.2672333,25.185139]]}},{"type":"Feature","id":"osm-way-1468489815","properties":{"highway":"tertiary","junction":"roundabout","osm_type":"way","osm_id":1468489815,"road_class":"tertiary","source_priority":"osm-general"},"geometry":{"type":"LineString","coordinates":[[55.2671388,25.1847737],[55.2671612,25.1848054],[55.2671747,25.184841],[55.2671783,25.1848785],[55.2671719,25.1849157],[55.2671558,25.1849504],[55.2671466,25.1849617],[55.2671311,25.1849806],[55.267099,25.1850046],[55.2670747,25.1850152],[55.2670616,25.1850209],[55.2670209,25.1850287],[55.2669794,25.1850274],[55.2669394,25.1850172],[55.2669032,25.1849986],[55.2668731,25.1849727],[55.2668506,25.184941],[55.2668372,25.1849054],[55.2668336,25.1848679],[55.26684,25.1848307],[55.266856,25.184796],[55.2668671,25.1847824],[55.2668808,25.1847658],[55.2669128,25.1847418],[55.2669503,25.1847255],[55.266991,25.1847177],[55.2670325,25.184719],[55.2670725,25.1847293],[55.2671086,25.1847479],[55.2671388,25.1847737]]}},{"type":"Feature","id":"osm-way-1469464331","properties":{"highway":"service","oneway":"yes","osm_type":"way","osm_id":1469464331,"road_class":"service","source_priority":"osm-general"},"geometry":{"type":"LineString","coordinates":[[55.2657234,25.1855177],[55.2654714,25.1856869],[55.265436,25.1857129],[55.2654045,25.1857426],[55.2653772,25.1857756],[55.2653546,25.1858114]]}},{"type":"Feature","id":"osm-way-1469464332","properties":{"highway":"service","oneway":"yes","osm_type":"way","osm_id":1469464332,"road_class":"service","source_priority":"osm-general"},"geometry":{"type":"LineString","coordinates":[[55.2657234,25.1855177],[55.2657468,25.185499],[55.2657726,25.1854824],[55.2658006,25.1854743],[55.2658296,25.1854781],[55.2658539,25.1854932],[55.2658683,25.1855163],[55.26587,25.1855428],[55.2658586,25.1855673],[55.2658365,25.1855848],[55.2657836,25.1856151]]}},{"type":"Feature","id":"osm-way-1473531060","properties":{"highway":"service","osm_type":"way","osm_id":1473531060,"road_class":"service","source_priority":"osm-general"},"geometry":{"type":"LineString","coordinates":[[55.2703078,25.2007639],[55.2705665,25.2006127]]}},{"type":"Feature","id":"osm-way-1473532408","properties":{"highway":"service","osm_type":"way","osm_id":1473532408,"road_class":"service","source_priority":"osm-general"},"geometry":{"type":"LineString","coordinates":[[55.2725946,25.1924535],[55.2725998,25.1924161],[55.2726014,25.1923971],[55.272609,25.1923796],[55.2726216,25.1923523],[55.2726317,25.192334],[55.2726577,25.1923143],[55.2726846,25.1923021],[55.2727106,25.1923014],[55.2727467,25.1922983],[55.2727769,25.1923021],[55.2728055,25.1923234],[55.2728389,25.1923538]]}},{"type":"Feature","id":"osm-way-1473533331","properties":{"covered":"yes","highway":"service","osm_type":"way","osm_id":1473533331,"road_class":"service","source_priority":"osm-general"},"geometry":{"type":"LineString","coordinates":[[55.2731812,25.2003955],[55.2739171,25.2000585]]}},{"type":"Feature","id":"osm-way-1473539055","properties":{"highway":"service","osm_type":"way","osm_id":1473539055,"road_class":"service","source_priority":"osm-general"},"geometry":{"type":"LineString","coordinates":[[55.2700972,25.1986374],[55.2701442,25.1986177],[55.2701882,25.1986003],[55.270228,25.1986003],[55.2702748,25.1986214],[55.2703325,25.1986761],[55.2703806,25.1987296],[55.2704122,25.1987781],[55.2704411,25.1988341],[55.2704287,25.1988589],[55.2703985,25.1988764],[55.2703423,25.1988963]]}},{"type":"Feature","id":"osm-way-1473539056","properties":{"highway":"service","osm_type":"way","osm_id":1473539056,"road_class":"service","source_priority":"osm-general"},"geometry":{"type":"LineString","coordinates":[[55.269869,25.1981809],[55.2699215,25.198165],[55.2699793,25.1981563],[55.2700095,25.1981837],[55.2702239,25.1985269],[55.2702239,25.1985543],[55.2701882,25.1986003]]}},{"type":"Feature","id":"osm-way-1473539865","properties":{"highway":"service","osm_type":"way","osm_id":1473539865,"road_class":"service","source_priority":"osm-general"},"geometry":{"type":"LineString","coordinates":[[55.2735059,25.1861755],[55.2735234,25.1861285],[55.2735341,25.1860845],[55.2735485,25.1860418],[55.2735706,25.1860157],[55.2736215,25.1859813],[55.2736793,25.1859442],[55.2737424,25.1859125],[55.2738153,25.1858981],[55.2738617,25.185896],[55.2739169,25.1858927]]}},{"type":"Feature","id":"osm-way-1494313986","properties":{"highway":"service","osm_type":"way","osm_id":1494313986,"road_class":"service","source_priority":"osm-general"},"geometry":{"type":"LineString","coordinates":[[55.2691429,25.1945708],[55.2690906,25.1946632],[55.2690389,25.1947421],[55.268991,25.1947814],[55.2689614,25.1948159],[55.2689417,25.1948557],[55.268945,25.1949361],[55.2690036,25.1952628],[55.2690125,25.1953439],[55.2689928,25.1954057],[55.268943,25.1954593],[55.268763,25.195602],[55.2686682,25.1956873],[55.268637,25.1957725],[55.2686414,25.1958742],[55.2687131,25.1959731]]}},{"type":"Feature","id":"osm-way-1494390020","properties":{"bicycle":"no","foot":"no","highway":"primary","horse":"no","lanes":"4","lit":"yes","maxheight":"5.5","maxspeed":"40","motor_vehicle":"designated","name":"شارع الشيخ محمد بن راشد","name:ar":"شارع الشيخ محمد بن راشد","name:de":"Sheikh Mohammed bin Rashid Boulevard","name:en":"Sheikh Mohammed bin Rashid Boulevard","name:he":"שייך שייח 'מוחמד בן ראשיד","name:ml":"ഷെയ്ഖ് മുഹമ്മദ് ബിൻ റാഷിദ് ബൊളിവാർഡ്","oneway":"yes","sidewalk":"right","surface":"asphalt","turn:lanes":"left;through|through|through|through;right","osm_type":"way","osm_id":1494390020,"road_class":"primary","source_priority":"osm-general"},"geometry":{"type":"LineString","coordinates":[[55.2713438,25.1919048],[55.2711353,25.1920945]]}},{"type":"Feature","id":"osm-way-1494390022","properties":{"bicycle":"no","foot":"no","highway":"primary","horse":"no","lanes":"4","lit":"yes","maxheight":"5.5","maxspeed":"40","motor_vehicle":"designated","name":"شارع الشيخ محمد بن راشد","name:ar":"شارع الشيخ محمد بن راشد","name:de":"Sheikh Mohammed bin Rashid Boulevard","name:en":"Sheikh Mohammed bin Rashid Boulevard","name:he":"שייך שייח 'מוחמד בן ראשיד","name:ml":"ഷെയ്ഖ് മുഹമ്മദ് ബിൻ റാഷിദ് ബൊളിവാർഡ്","oneway":"yes","sidewalk":"right","surface":"asphalt","turn:lanes":"left;through|through|through|through;right","osm_type":"way","osm_id":1494390022,"road_class":"primary","source_priority":"osm-general"},"geometry":{"type":"LineString","coordinates":[[55.2711353,25.1920945],[55.2709541,25.1922843],[55.2708253,25.1924257],[55.2707041,25.1925724],[55.2705907,25.1927241],[55.2704853,25.1928805],[55.2703881,25.1930413],[55.2702995,25.1932059],[55.2702195,25.1933742],[55.2700868,25.1936961],[55.2700553,25.1937778],[55.2700006,25.1939646],[55.2699515,25.1941506],[55.2699142,25.1943289],[55.2698885,25.1944957],[55.2698713,25.1946735],[55.2698641,25.19484],[55.2698639,25.1950043],[55.2698706,25.1951697],[55.2698843,25.1953347],[55.2698998,25.195486],[55.2699266,25.1956656],[55.2699462,25.1957601],[55.269961,25.1958315],[55.2699777,25.1959005],[55.270001,25.1959964],[55.2700465,25.1961601],[55.2700955,25.1962998],[55.2701011,25.1963159],[55.2701587,25.1964578],[55.2702215,25.1966018],[55.2702893,25.1967433],[55.270364,25.1968818],[55.2704457,25.1970171],[55.2705339,25.1971489],[55.2706174,25.1972646],[55.2707609,25.197456],[55.270937,25.197665],[55.2710669,25.1978019],[55.2712075,25.1979321],[55.2713545,25.1980563],[55.2715077,25.1981743],[55.2716667,25.1982858],[55.2717962,25.1983677],[55.2718656,25.1984116],[55.2720856,25.1985423],[55.2720918,25.1985459],[55.2721565,25.1985832],[55.2722522,25.1986315],[55.2723655,25.1986865],[55.2723726,25.1986899],[55.2726032,25.1987969],[55.2727505,25.1988604],[55.2729016,25.1989165],[55.2730557,25.1989651],[55.2732125,25.199006],[55.2733966,25.1990461],[55.2735326,25.1990725],[55.2737242,25.1991037],[55.273796,25.1991189],[55.2740369,25.1991732],[55.274194,25.1992078],[55.2745774,25.1992923],[55.275036,25.1994074],[55.2753179,25.199472],[55.2755254,25.1995136],[55.2757347,25.1995474],[55.275977,25.1995812],[55.2761346,25.1996074],[55.2763511,25.1996668],[55.2764644,25.1997153],[55.2766035,25.1997847],[55.2767412,25.1998662],[55.2768696,25.1999604],[55.2769902,25.2000629],[55.2771021,25.2001731],[55.2772048,25.2002904],[55.2772978,25.2004142],[55.2776109,25.2008395],[55.2776249,25.2008585],[55.2776669,25.2009214],[55.2777203,25.2010014]]}},{"type":"Feature","id":"osm-way-1495643306","properties":{"highway":"service","osm_type":"way","osm_id":1495643306,"road_class":"service","source_priority":"osm-general"},"geometry":{"type":"LineString","coordinates":[[55.2681863,25.1861642],[55.2682553,25.1861151],[55.268287,25.1860961],[55.2683822,25.1861222],[55.2684195,25.1861702],[55.2684981,25.1862555],[55.2685808,25.1862659]]}},{"type":"Feature","id":"osm-way-1495683726","properties":{"highway":"service","oneway":"yes","osm_type":"way","osm_id":1495683726,"road_class":"service","source_priority":"osm-general"},"geometry":{"type":"LineString","coordinates":[[55.27116,25.194259],[55.2712163,25.1942869],[55.2712639,25.1943075],[55.2712945,25.1943257],[55.2713109,25.1943439],[55.2713142,25.1943627],[55.2713121,25.1943793]]}},{"type":"Feature","id":"osm-way-1495683727","properties":{"highway":"service","surface":"asphalt","osm_type":"way","osm_id":1495683727,"road_class":"service","source_priority":"osm-general"},"geometry":{"type":"LineString","coordinates":[[55.2711901,25.1940441],[55.27116,25.194259]]}},{"type":"Feature","id":"osm-way-1512530469","properties":{"highway":"service","osm_type":"way","osm_id":1512530469,"road_class":"service","source_priority":"osm-general"},"geometry":{"type":"LineString","coordinates":[[55.2693026,25.1925666],[55.2695075,25.192657],[55.2695225,25.1926551],[55.2695353,25.1926389],[55.2695773,25.1925502],[55.2695762,25.1925391],[55.2695633,25.1925263],[55.2693792,25.1924402]]}},{"type":"Feature","id":"osm-way-1512654851","properties":{"highway":"service","oneway":"yes","osm_type":"way","osm_id":1512654851,"road_class":"service","source_priority":"osm-general"},"geometry":{"type":"LineString","coordinates":[[55.2660192,25.1872654],[55.2660526,25.1872514],[55.2660819,25.1872348],[55.2661087,25.1872149],[55.2661325,25.1871922],[55.266153,25.187167],[55.2661646,25.187149],[55.266176,25.187131],[55.266244,25.1870231],[55.2662522,25.1870139],[55.2662641,25.187009],[55.2662772,25.1870095],[55.2662886,25.1870152],[55.2662959,25.1870251],[55.2662974,25.1870368],[55.266293,25.187048],[55.2662243,25.1871586],[55.2662139,25.1871754],[55.2662035,25.1871923],[55.2661862,25.1872276],[55.2661738,25.1872646],[55.2661665,25.1873026],[55.2661643,25.1873412],[55.2661674,25.1873798]]}},{"type":"Feature","id":"osm-way-1517298355","properties":{"highway":"service","oneway":"yes","osm_type":"way","osm_id":1517298355,"road_class":"service","source_priority":"osm-general"},"geometry":{"type":"LineString","coordinates":[[55.2734332,25.1882522],[55.2734234,25.1882804],[55.2734179,25.1883097],[55.2734168,25.1883393],[55.2734205,25.1883701],[55.2734289,25.1884002],[55.273442,25.1884288],[55.2734595,25.1884555],[55.2736573,25.1887167],[55.273676,25.1887371],[55.2737002,25.1887521],[55.2737279,25.1887605],[55.2737572,25.1887618],[55.2737857,25.1887559],[55.2738114,25.1887431],[55.2746577,25.1882149],[55.2746777,25.1881991],[55.2746932,25.1881795],[55.2747031,25.1881572],[55.274707,25.1881333],[55.2747047,25.1881093],[55.2746963,25.1880865],[55.2746822,25.1880661],[55.2744695,25.1877724],[55.2744449,25.1877494],[55.2744153,25.187732],[55.2743821,25.1877211],[55.274347,25.1877172],[55.2743118,25.1877207],[55.2742785,25.1877312],[55.2742486,25.1877482],[55.274124,25.1878252],[55.273919,25.1879516]]}},{"type":"Feature","id":"osm-way-1517858190","properties":{"highway":"service","oneway":"no","osm_type":"way","osm_id":1517858190,"road_class":"service","source_priority":"osm-general"},"geometry":{"type":"LineString","coordinates":[[55.2673485,25.1976684],[55.2675695,25.1980179]]}},{"type":"Feature","id":"osm-way-1517883310","properties":{"highway":"service","service":"parking_aisle","osm_type":"way","osm_id":1517883310,"road_class":"service","source_priority":"osm-general"},"geometry":{"type":"LineString","coordinates":[[55.2717703,25.1880552],[55.2718303,25.1881154],[55.2718604,25.1881484],[55.2719033,25.1881746],[55.2719537,25.1881873],[55.2720392,25.1881906]]}},{"type":"Feature","id":"osm-way-1518176400","properties":{"highway":"service","osm_type":"way","osm_id":1518176400,"road_class":"service","source_priority":"osm-general"},"geometry":{"type":"LineString","coordinates":[[55.2703078,25.2007639],[55.2704156,25.2009558]]}},{"type":"Feature","id":"osm-way-1518594090","properties":{"highway":"service","service":"parking_aisle","osm_type":"way","osm_id":1518594090,"road_class":"service","source_priority":"osm-general"},"geometry":{"type":"LineString","coordinates":[[55.2723395,25.1871617],[55.2724525,25.1873358],[55.2724478,25.1873687],[55.2724272,25.1873916],[55.2723087,25.1874516],[55.2722913,25.1874774],[55.2722913,25.1875088],[55.2722959,25.1875201],[55.2723119,25.1875589],[55.2723703,25.1876404],[55.2726002,25.1880078]]}},{"type":"Feature","id":"osm-way-1518594091","properties":{"highway":"service","service":"parking_aisle","osm_type":"way","osm_id":1518594091,"road_class":"service","source_priority":"osm-general"},"geometry":{"type":"LineString","coordinates":[[55.2726757,25.1880546],[55.2726778,25.18807],[55.2726795,25.1880826],[55.2726652,25.1881104],[55.2726487,25.1881242],[55.2726229,25.1881308],[55.2725859,25.1881357],[55.2725627,25.1881305],[55.2725442,25.1881131],[55.2725335,25.1880864],[55.2725333,25.1880628],[55.2725403,25.1880389],[55.2725612,25.1880216],[55.2725797,25.1880136],[55.2726002,25.1880078],[55.2726254,25.1880141],[55.2726577,25.188029],[55.2726757,25.1880546]]}},{"type":"Feature","id":"osm-way-1518594092","properties":{"highway":"service","service":"parking_aisle","osm_type":"way","osm_id":1518594092,"road_class":"service","source_priority":"osm-general"},"geometry":{"type":"LineString","coordinates":[[55.2726778,25.18807],[55.2727846,25.188076],[55.2728234,25.1880923],[55.2729325,25.1882198]]}},{"type":"Feature","id":"osm-way-1518594093","properties":{"highway":"service","service":"parking_aisle","osm_type":"way","osm_id":1518594093,"road_class":"service","source_priority":"osm-general"},"geometry":{"type":"LineString","coordinates":[[55.2725627,25.1881305],[55.2725482,25.1881595],[55.2725363,25.1881704],[55.2724725,25.188174],[55.272414,25.1881668]]}},{"type":"Feature","id":"osm-way-1518594094","properties":{"highway":"service","service":"parking_aisle","osm_type":"way","osm_id":1518594094,"road_class":"service","source_priority":"osm-general"},"geometry":{"type":"LineString","coordinates":[[55.2722959,25.1875201],[55.2720677,25.1876798]]}},{"type":"Feature","id":"osm-way-1522982869","properties":{"highway":"service","service":"driveway","osm_type":"way","osm_id":1522982869,"road_class":"service","source_priority":"osm-general"},"geometry":{"type":"LineString","coordinates":[[55.2591303,25.1979957],[55.2588162,25.1981795]]}},{"type":"Feature","id":"osm-way-1527567958","properties":{"highway":"service","oneway":"no","surface":"asphalt","osm_type":"way","osm_id":1527567958,"road_class":"service","source_priority":"osm-general"},"geometry":{"type":"LineString","coordinates":[[55.2600009,25.1850236],[55.2599134,25.1848983]]}},{"type":"Feature","id":"osm-way-1527567960","properties":{"highway":"service","osm_type":"way","osm_id":1527567960,"road_class":"service","source_priority":"osm-general"},"geometry":{"type":"LineString","coordinates":[[55.2592212,25.1851236],[55.2590374,25.184882]]}},{"type":"Feature","id":"osm-way-1527622193","properties":{"highway":"service","oneway":"yes","service":"driveway","osm_type":"way","osm_id":1527622193,"road_class":"service","source_priority":"osm-general"},"geometry":{"type":"LineString","coordinates":[[55.2621215,25.1849406],[55.2616455,25.185064],[55.2616093,25.1850515],[55.2616001,25.1850238]]}},{"type":"Feature","id":"osm-way-1527767899","properties":{"highway":"service","osm_type":"way","osm_id":1527767899,"road_class":"service","source_priority":"osm-general"},"geometry":{"type":"LineString","coordinates":[[55.2664125,25.1864266],[55.2662772,25.1870095]]}},{"type":"Feature","id":"osm-way-1527767900","properties":{"highway":"service","osm_type":"way","osm_id":1527767900,"road_class":"service","source_priority":"osm-general"},"geometry":{"type":"LineString","coordinates":[[55.2662035,25.1871923],[55.266153,25.187167]]}},{"type":"Feature","id":"osm-way-1528427991","properties":{"highway":"service","osm_type":"way","osm_id":1528427991,"road_class":"service","source_priority":"osm-general"},"geometry":{"type":"LineString","coordinates":[[55.2674939,25.185427],[55.2675578,25.1853818],[55.267978,25.1850729],[55.2680989,25.1849845],[55.2683714,25.1847852],[55.2684591,25.184721]]}},{"type":"Feature","id":"osm-way-1528427999","properties":{"highway":"service","service":"driveway","osm_type":"way","osm_id":1528427999,"road_class":"service","source_priority":"osm-general"},"geometry":{"type":"LineString","coordinates":[[55.267978,25.1850729],[55.2679637,25.1850574],[55.2679406,25.1850314]]}},{"type":"Feature","id":"osm-way-1528428009","properties":{"highway":"service","service":"driveway","surface":"paved","osm_type":"way","osm_id":1528428009,"road_class":"service","source_priority":"osm-general"},"geometry":{"type":"LineString","coordinates":[[55.2658492,25.186137],[55.265689,25.185974]]}},{"type":"Feature","id":"osm-way-1528561811","properties":{"embankment":"yes","foot":"no","highway":"tertiary","lanes":"2","lit":"yes","maxspeed":"60","name":"شارع الأعمال","name:ar":"شارع الأعمال","name:en":"Al A'amal Street","oneway":"yes","sidewalk":"right","surface":"asphalt","osm_type":"way","osm_id":1528561811,"road_class":"tertiary","source_priority":"osm-general"},"geometry":{"type":"LineString","coordinates":[[55.2621794,25.1842036],[55.2622173,25.1843417],[55.2622767,25.1845368],[55.2623499,25.1847273],[55.2624334,25.1849273],[55.2624898,25.1850504],[55.262547,25.1851816],[55.2626225,25.1853328],[55.2626974,25.1854845],[55.2627865,25.1856305],[55.2628667,25.1857717]]}},{"type":"Feature","id":"osm-way-1528561812","properties":{"embankment":"yes","highway":"tertiary","lanes":"2","lit":"yes","maxspeed":"60","name":"شارع الأعمال","name:ar":"شارع الأعمال","name:en":"Al A'amal Street","oneway":"yes","sidewalk":"right","surface":"asphalt","osm_type":"way","osm_id":1528561812,"road_class":"tertiary","source_priority":"osm-general"},"geometry":{"type":"LineString","coordinates":[[55.2627448,25.1858338],[55.2626539,25.1856824],[55.2625694,25.1855232],[55.2625008,25.1853745],[55.2624349,25.1852328],[55.2623622,25.1850738],[55.2622949,25.1849136],[55.2622222,25.1847495],[55.2621536,25.184566],[55.2620973,25.1843906],[55.262057,25.1842322]]}},{"type":"Feature","id":"osm-way-1528707156","properties":{"highway":"tertiary","lanes":"5","lit":"yes","maxspeed":"60","name":"شارع الأعمال","name:ar":"شارع الأعمال","name:en":"Al A'amal Street","oneway":"yes","sidewalk":"right","sidewalk:right:surface":"paving_stones","surface":"asphalt","turn:lanes":"left|left|through|through|right","osm_type":"way","osm_id":1528707156,"road_class":"tertiary","source_priority":"osm-general"},"geometry":{"type":"LineString","coordinates":[[55.2631632,25.1862411],[55.2632848,25.186393],[55.2633858,25.1865335],[55.2634943,25.1866787]]}},{"type":"Feature","id":"osm-way-1528954675","properties":{"highway":"service","service":"driveway","osm_type":"way","osm_id":1528954675,"road_class":"service","source_priority":"osm-general"},"geometry":{"type":"LineString","coordinates":[[55.2664009,25.1852562],[55.2663558,25.185207],[55.2663029,25.1851492]]}},{"type":"Feature","id":"osm-way-1529322614","properties":{"highway":"service","oneway":"yes","osm_type":"way","osm_id":1529322614,"road_class":"service","source_priority":"osm-general"},"geometry":{"type":"LineString","coordinates":[[55.2739922,25.1877304],[55.2739873,25.1877812],[55.2739754,25.187831],[55.2739565,25.187879],[55.273931,25.1879245],[55.273919,25.1879516],[55.2739085,25.1879902],[55.2739049,25.1880298]]}},{"type":"Feature","id":"osm-way-1529322615","properties":{"highway":"service","oneway":"yes","osm_type":"way","osm_id":1529322615,"road_class":"service","source_priority":"osm-general"},"geometry":{"type":"LineString","coordinates":[[55.2737047,25.1881564],[55.2736211,25.1881359]]}},{"type":"Feature","id":"osm-way-1529322616","properties":{"highway":"service","oneway":"yes","osm_type":"way","osm_id":1529322616,"road_class":"service","source_priority":"osm-general"},"geometry":{"type":"LineString","coordinates":[[55.274124,25.1878252],[55.2741185,25.1878536],[55.274107,25.1878806],[55.27409,25.1879051],[55.2740681,25.1879262],[55.274042,25.187943],[55.2739049,25.1880298],[55.2737047,25.1881564],[55.2734168,25.1883393]]}},{"type":"Feature","id":"osm-way-1529322617","properties":{"highway":"service","oneway":"yes","osm_type":"way","osm_id":1529322617,"road_class":"service","source_priority":"osm-general"},"geometry":{"type":"LineString","coordinates":[[55.273919,25.1879516],[55.2736211,25.1881359],[55.2734332,25.1882522],[55.2729708,25.1885375],[55.2729372,25.1885628],[55.272908,25.1885923],[55.2728839,25.1886253],[55.2728653,25.1886612],[55.2728528,25.1886991],[55.2728465,25.1887372],[55.2728464,25.1887758],[55.2728522,25.188814],[55.2728641,25.188851],[55.2728816,25.1888861],[55.272966,25.1890246],[55.2729826,25.1890546],[55.2729947,25.1890863],[55.2730021,25.1891191],[55.2730047,25.1891525],[55.2730024,25.189186],[55.2729953,25.1892189]]}},{"type":"Feature","id":"osm-way-1530297836","properties":{"highway":"residential","oneway":"yes","osm_type":"way","osm_id":1530297836,"road_class":"residential","source_priority":"osm-general"},"geometry":{"type":"LineString","coordinates":[[55.2714669,25.1969427],[55.2715131,25.1969906],[55.271551,25.1970502],[55.2715593,25.1971128],[55.2715395,25.1971695],[55.271495,25.1972082],[55.2714439,25.1972246],[55.2713616,25.1972306],[55.2712544,25.1972274]]}},{"type":"Feature","id":"osm-way-1530374506","properties":{"highway":"secondary","lanes":"3","name":"طريق مراسي","name:ar":"طريق مراسي","name:en":"Marasi Drive","oneway":"yes","surface":"asphalt","turn:lanes":"left;through||","osm_type":"way","osm_id":1530374506,"road_class":"secondary","source_priority":"osm-general"},"geometry":{"type":"LineString","coordinates":[[55.2714841,25.1875625],[55.2715646,25.1875111],[55.2731234,25.1864428],[55.2735059,25.1861755],[55.2739169,25.1858927]]}},{"type":"Feature","id":"osm-way-1530374510","properties":{"highway":"tertiary","lanes":"3","lit":"yes","maxspeed":"60","name":"شارع برج خليفة","name:ar":"شارع برج خليفة","name:en":"Burj Khalifa Street","oneway":"yes","sidewalk":"right","surface":"asphalt","osm_type":"way","osm_id":1530374510,"road_class":"tertiary","source_priority":"osm-general"},"geometry":{"type":"LineString","coordinates":[[55.269251,25.1905819],[55.2693538,25.190498],[55.269536,25.190337]]}},{"type":"Feature","id":"osm-way-1530374514","properties":{"highway":"secondary","lanes":"2","name":"شارع العلم","name:ar":"شارع العلم","name:en":"AL Alam Street","oneway":"yes","surface":"asphalt","osm_type":"way","osm_id":1530374514,"road_class":"secondary","source_priority":"osm-general"},"geometry":{"type":"LineString","coordinates":[[55.2719457,25.1879432],[55.2720932,25.1880932]]}},{"type":"Feature","id":"osm-way-1530619165","properties":{"highway":"service","osm_type":"way","osm_id":1530619165,"road_class":"service","source_priority":"osm-general"},"geometry":{"type":"LineString","coordinates":[[55.2703423,25.1988963],[55.2703916,25.1989006],[55.2704398,25.1989103],[55.2705029,25.1989394],[55.2706115,25.1989965],[55.2708381,25.1990729],[55.2708971,25.1990948],[55.270983,25.1991336],[55.271105,25.1991749],[55.2711707,25.1992064],[55.2712043,25.1992355],[55.2712352,25.1992792]]}},{"type":"Feature","id":"osm-way-1530619166","properties":{"highway":"service","osm_type":"way","osm_id":1530619166,"road_class":"service","source_priority":"osm-general"},"geometry":{"type":"LineString","coordinates":[[55.2708381,25.1990729],[55.270869,25.199022],[55.2708878,25.1989746],[55.2708958,25.1989419],[55.2708998,25.1988606],[55.2708878,25.1988132],[55.2708663,25.1987829],[55.2707925,25.1987162]]}},{"type":"Feature","id":"osm-way-1530629888","properties":{"foot":"no","highway":"tertiary","lanes":"5","lit":"yes","maxspeed":"60","name":"شارع برج خليفة","name:ar":"شارع برج خليفة","name:en":"Burj Khalifa Street","oneway":"yes","sidewalk":"right","surface":"asphalt","turn:lanes":"left|left|through|through|through","osm_type":"way","osm_id":1530629888,"road_class":"tertiary","source_priority":"osm-general"},"geometry":{"type":"LineString","coordinates":[[55.2707869,25.1897694],[55.2703293,25.1900438]]}},{"type":"Feature","id":"osm-way-1530629889","properties":{"highway":"tertiary","junction":"roundabout","lit":"yes","sidewalk":"right","surface":"asphalt","osm_type":"way","osm_id":1530629889,"road_class":"tertiary","source_priority":"osm-general"},"geometry":{"type":"LineString","coordinates":[[55.2614499,25.1918944],[55.26143,25.1918637],[55.261421,25.191829],[55.2614236,25.1917934],[55.2614376,25.1917601]]}},{"type":"Feature","id":"osm-way-1530629890","properties":{"highway":"tertiary","junction":"roundabout","lit":"yes","sidewalk":"right","surface":"asphalt","osm_type":"way","osm_id":1530629890,"road_class":"tertiary","source_priority":"osm-general"},"geometry":{"type":"LineString","coordinates":[[55.2616765,25.1918639],[55.261654,25.1918977],[55.2616204,25.191923],[55.2615795,25.191937],[55.2615343,25.1919411]]}},{"type":"Feature","id":"osm-way-1530629891","properties":{"highway":"tertiary","lit":"yes","sidewalk":"both","surface":"asphalt","osm_type":"way","osm_id":1530629891,"road_class":"tertiary","source_priority":"osm-general"},"geometry":{"type":"LineString","coordinates":[[55.2655671,25.1952253],[55.2657597,25.1954366],[55.2657919,25.195472],[55.2658387,25.1955232],[55.265939,25.1956332],[55.2661402,25.1958711],[55.2662987,25.1960637],[55.2663201,25.1960991],[55.2663533,25.1961679],[55.2663848,25.1962362],[55.2664119,25.1963024],[55.2664352,25.1963746],[55.2667358,25.1974776]]}},{"type":"Feature","id":"osm-way-1530629899","properties":{"highway":"tertiary","junction":"roundabout","lit":"yes","sidewalk":"right","surface":"asphalt","osm_type":"way","osm_id":1530629899,"road_class":"tertiary","source_priority":"osm-general"},"geometry":{"type":"LineString","coordinates":[[55.2614376,25.1917601],[55.2614545,25.1917387],[55.2614762,25.1917212],[55.2615149,25.191704],[55.2615575,25.1916988],[55.2615998,25.1917064]]}},{"type":"Feature","id":"osm-way-1530629900","properties":{"destination":"Al Khaleej Al Tejari 1 Street","destination:lang:ar":"شارع الخليج التجاري 1","destination:lang:en":"Al Khaleej Al Tejari 1 Street","highway":"secondary","lanes":"2","lit":"yes","maxheight:physical":"8","maxspeed":"60","oneway":"yes","surface":"asphalt","osm_type":"way","osm_id":1530629900,"road_class":"secondary","source_priority":"osm-general"},"geometry":{"type":"LineString","coordinates":[[55.2587845,25.1898438],[55.258822,25.1898573],[55.2588573,25.1898748],[55.25889,25.1898962],[55.2589195,25.1899211],[55.258962,25.1899654],[55.259077,25.1900777],[55.2591362,25.1901335],[55.2592014,25.1901936],[55.2593001,25.1902586],[55.2593574,25.1902883],[55.2594032,25.1903111],[55.2594579,25.190333],[55.2595479,25.1903474],[55.2596161,25.1903441],[55.2596658,25.1903347],[55.2597094,25.1903167],[55.259786,25.1902811],[55.2601523,25.1899953]]}},{"type":"Feature","id":"osm-way-1530629901","properties":{"destination":"North","destination:lang:ar":"شمال","destination:lang:en":"North","destination:ref":"E11","highway":"motorway_link","lanes":"2","lit":"yes","oneway":"yes","surface":"asphalt","osm_type":"way","osm_id":1530629901,"road_class":"motorway","source_priority":"osm-general"},"geometry":{"type":"LineString","coordinates":[[55.2612282,25.1924499],[55.2612579,25.1924944],[55.2612915,25.1925365],[55.261329,25.1925759],[55.2615232,25.1927935],[55.2616563,25.1929429],[55.2618053,25.19313],[55.2618381,25.1931731],[55.2618655,25.1932193],[55.261887,25.193268],[55.2619023,25.1933185],[55.2619114,25.1933703],[55.26192,25.1934226]]}},{"type":"Feature","id":"osm-way-1530629902","properties":{"highway":"tertiary","lit":"yes","oneway":"yes","sidewalk":"right","surface":"asphalt","osm_type":"way","osm_id":1530629902,"road_class":"tertiary","source_priority":"osm-general"},"geometry":{"type":"LineString","coordinates":[[55.2618689,25.1926305],[55.2618199,25.1925365],[55.2617872,25.192461],[55.2616595,25.1921163],[55.2616287,25.1920364],[55.2616126,25.1920072],[55.261591,25.191981],[55.2615647,25.1919587],[55.2615343,25.1919411]]}},{"type":"Feature","id":"osm-way-1530629903","properties":{"highway":"tertiary","junction":"roundabout","lit":"yes","sidewalk":"right","surface":"asphalt","osm_type":"way","osm_id":1530629903,"road_class":"tertiary","source_priority":"osm-general"},"geometry":{"type":"LineString","coordinates":[[55.2615034,25.1919305],[55.2614741,25.1919155],[55.2614499,25.1918944]]}},{"type":"Feature","id":"osm-way-1530629904","properties":{"highway":"tertiary","junction":"roundabout","lit":"yes","sidewalk":"right","surface":"asphalt","osm_type":"way","osm_id":1530629904,"road_class":"tertiary","source_priority":"osm-general"},"geometry":{"type":"LineString","coordinates":[[55.2615343,25.1919411],[55.2615034,25.1919305]]}},{"type":"Feature","id":"osm-way-1530629905","properties":{"destination":"North","destination:lang:ar":"شمال","destination:lang:en":"North","destination:ref":"E11","highway":"secondary","lanes":"1","lit":"yes","oneway":"yes","surface":"asphalt","osm_type":"way","osm_id":1530629905,"road_class":"secondary","source_priority":"osm-general"},"geometry":{"type":"LineString","coordinates":[[55.2601542,25.1901762],[55.2600939,25.1902081],[55.2600377,25.1902454],[55.2599859,25.1902877],[55.2599393,25.1903334],[55.2599043,25.1903742],[55.259873,25.1904164],[55.2598187,25.190512],[55.2597961,25.190565],[55.2597791,25.1906196]]}},{"type":"Feature","id":"osm-way-1530674388","properties":{"highway":"motorway","int_ref":"M5","lanes":"6","lit":"yes","maxheight":"5.5","maxspeed":"100","name":"شارع الشيخ زايد","name:ar":"شارع الشيخ زايد","name:en":"Sheikh Zayed Road (south)","name:fa":"خیابان شیخ زاید","name:ml":"ഷെയ്ഖ് സായിദ് റോഡ്","oneway":"yes","ref":"E11","source":"Bing","surface":"asphalt","wikidata":"Q18066085","wikipedia":"ar:شارع الشيخ زايد","osm_type":"way","osm_id":1530674388,"road_class":"motorway","source_priority":"osm-general"},"geometry":{"type":"LineString","coordinates":[[55.2575695,25.1891457],[55.2572836,25.1888378]]}},{"type":"Feature","id":"osm-way-1530674389","properties":{"highway":"tertiary","junction":"roundabout","lanes":"1","lit":"yes","oneway":"yes","sidewalk":"no","surface":"asphalt","osm_type":"way","osm_id":1530674389,"road_class":"tertiary","source_priority":"osm-general"},"geometry":{"type":"LineString","coordinates":[[55.2587611,25.1912247],[55.2587496,25.1912242],[55.2587087,25.1912151],[55.2586725,25.1911957],[55.2586442,25.1911675],[55.2586262,25.1911331],[55.2586201,25.1910954],[55.2586206,25.1910845],[55.2586298,25.1910489],[55.2586497,25.191017],[55.2586786,25.1909915],[55.2587143,25.1909743],[55.2587591,25.1909667]]}},{"type":"Feature","id":"osm-way-1530674390","properties":{"alt_name:en":"58a Street","highway":"secondary","lanes":"2","lit":"yes","maxspeed":"60","name":"شارع البدع","name:ar":"شارع البدع","name:en":"Al Badaa' Street","old_name":"308 Road","oneway":"yes","sidewalk":"right","surface":"asphalt","osm_type":"way","osm_id":1530674390,"road_class":"secondary","source_priority":"osm-general"},"geometry":{"type":"LineString","coordinates":[[55.2644933,25.1993477],[55.2643225,25.1991405],[55.2638599,25.1986077],[55.2637853,25.1985248],[55.2632909,25.1979749],[55.2631067,25.1977858],[55.2623457,25.1969401],[55.2622125,25.196812],[55.2620968,25.1967006]]}},{"type":"Feature","id":"osm-way-1530674391","properties":{"alt_name:en":"58a Street","highway":"secondary","lanes":"2","lit":"yes","maxspeed":"60","name":"شارع البدع","name:ar":"شارع البدع","name:en":"Al Badaa' Street","old_name":"308 Road","oneway":"yes","sidewalk":"right","surface":"asphalt","osm_type":"way","osm_id":1530674391,"road_class":"secondary","source_priority":"osm-general"},"geometry":{"type":"LineString","coordinates":[[55.2670529,25.2028912],[55.266821,25.2025554]]}},{"type":"Feature","id":"osm-way-1534763970","properties":{"highway":"service","osm_type":"way","osm_id":1534763970,"road_class":"service","source_priority":"osm-general"},"geometry":{"type":"LineString","coordinates":[[55.2680989,25.1849845],[55.2684295,25.1853325],[55.26856,25.1854652]]}},{"type":"Feature","id":"osm-way-1534763971","properties":{"highway":"service","service":"driveway","osm_type":"way","osm_id":1534763971,"road_class":"service","source_priority":"osm-general"},"geometry":{"type":"LineString","coordinates":[[55.26856,25.1854652],[55.2686651,25.1855833]]}},{"type":"Feature","id":"osm-way-1534763979","properties":{"highway":"service","oneway":"yes","osm_type":"way","osm_id":1534763979,"road_class":"service","source_priority":"osm-general"},"geometry":{"type":"LineString","coordinates":[[55.2684295,25.1853325],[55.2685367,25.1852921],[55.2685877,25.1852937],[55.2686261,25.1853277],[55.2686548,25.1853786],[55.2686512,25.1854264],[55.2686154,25.1854571],[55.26856,25.1854652]]}}],"metadata":{"source":"OpenStreetMap","generatedAt":"2026-09-09T18:27:26.117Z","pipelineVersion":1,"bounds":[55.255,25.185,55.275,25.205],"license":"ODbL-1.0"}}
